Country,State,Location,Activity,Date,Year,Type,Month,Sex,Age,Injury_Category,Time,Species,Fatal Y/N
Australia,Western Australia,Sorrento Beach Perth,Swimming,18 september,2026,Unprovoked,September,M,63.0,Other,10:15,White Shark,Y
Canada,Quebec,Off The Coast Of Perce Le Bilbo Dive Site,Diving,16 september,2026,Unprovoked,September,M,,Injury,10:30,White Shark,N
Bahamas,Bimini,Bimini Island,Swimming,14 september,2026,Unprovoked,September,F,37.0,Injury,17:30,Other/Unknown,N
Australia,Western Australia,Geraldton,Surfing,13 september,2026,Unprovoked,September,M,,Severe injury,09:45,Other/Unknown,N
Usa,Hawaii,Honolulu,Surfing,7 september,2026,Unprovoked,September,M,24.0,Other,16:40,Tiger Shark,N
Usa,Florida,New Smyrna Beach,Surfing,2 september,2026,Unprovoked,September,M,,Injury,11:00,Other/Unknown,N
Usa,Florida,30 Miles Off Pensacola,Spearfishing,1 september,2026,Unprovoked,September,M,40.0,Injury,16:35,Bull Shark,N
Usa,Massachusetts,Norton Point Edgartown Marthas Vinyard,Swimming,31 august,2026,Unprovoked,August,F,,Injury,13:40,Other/Unknown,N
Usa,Hawaii,"Ala Moana Beach Park, Oahu",Surfing,26 august,2026,Unprovoked,August,F,,No injury,13:30,Tiger Shark,N
Usa,Florida,Boca Grande (Island In The Keys),Wading on a sandbar,23 august,2026,Unprovoked,August,M,43.0,Injury,17:00,Other/Unknown,N
Reunion Island,Saint-Gilles-Les-Baines,Outer Reef Roches Noires,Spearfishiong,19 august,2026,Provoked,August,M,,No injury,No time specified,Bull Shark,N
Ireland,Waterford,Ardemore County,Fishing,11 august,2026,Provoked,August,M,27.0,Injury,16:15,Other/Unknown,N
Usa,Maine,Scarborough Beach Park,Operation of Rescue Torpedo,8 august,2026,Unprovoked,August,M,71.0,No injury,13:00,White Shark,N
Usa,South Carolina,Murrells Inlet Garden City,Swimming,29 july,2026,Unprovoked,July,M,,Injury,17:15,Other/Unknown,N
Usa,Florida,Daytona Beach Shores Volusia County,Swimming,25 july,2026,Unprovoked,July,M,21.0,Injury,17:30,Other/Unknown,N
Bahamas,Not Stated,Nort Stated,Snorkeling,24 july,2026,Unprovoked,July,M,69.0,Injury,No time specified,Other/Unknown,N
Fiji,Not Stated,Not Stated,Spearfishing,24 july,2026,Unprovoked,July,M,,Injury,17:00,Other/Unknown,N
Australia,Queensland,Bundaberg,Hydrofoiling,21 july,2026,Unprovoked,July,M,,Injury,No time specified,Other/Unknown,N
Australia,Tasmania,Coral Point Bruny Island,Spearfishing,18 july,2026,Unprovoked,July,M,31.0,Severe injury,09:00,Other/Unknown,N
Usa,New York,Jones Beach State Park Long Island,Swimming,3 july,2026,Unprovoked,July,M,,Injury,No time specified,Tiger Shark,N
Usa,Georgia,Near Ossabaw Island Liberty County,Fishing,1 july,2026,Provoked,July,M,13.0,Severe injury,16:06,Other/Unknown,N
Bahamas,Staniel Cay,Exhuma Cays,Swimming,23 june,2026,Unprovoked,June,M,12.0,Unknown,15:30,Other/Unknown,N
Usa,Florida,Reservation Way Near Indian Pass,Swimming,13 june,2026,Unprovoked,June,F,17.0,Injury,11:45,Other/Unknown,N
Australia,Nsw,Coogee Beach,Swimming,13 june,2026,Unprovoked,June,F,35.0,Severe injury,11:15,White Shark,N
Galapogos Islands,Santa Fe Island,Mosquera Islet,Snorkeling,11 june,2026,Unprovoked,June,F,,Injury,No time specified,Other/Unknown,N
Usa,Florida,Panama City,Swimming,8 june,2026,Unprovoked,June,M,,Injury,11:45,Bull Shark,N
Australia,Western Australia,Michaelmas Island King George Sound,Spearfishing,6 june,2026,Unprovoked,June,M,35.0,Injury,11:25,White Shark,Y
Usa,Florida,Pensacola Beach Fort Pickens,Fishing,5 june,2026,Provoked,June,M,,Injury,18:00,Bull Shark,N
Brazil,Recife,Boa Via Gem Beach,Swimming,1 june,2026,Unprovoked,June,F,19.0,Severe injury,16:43,Tiger Shark,N
Brazil,Jaboatao Dos Guarapes,Pierrebbeach,Swimming,1 june,2026,Unprovoked,June,M,11.0,Severe injury,13:40,Bull Shark,N
Australia,Nsw,Red Cliff Beach Yuraygir National Park,Surfing,31 may,2026,Unprovoked,May,M,20.0,Injury,No time specified,Bull Shark,N
Usa,Hawaii,Cromwell'S Beach Oahu,Paddling  surfboard,30 may,2026,Unprovoked,May,M,38.0,Injury,06:30,Other/Unknown,N
Usa,Texas,Galveston,Fishing,25 may,2026,Provoked,May,M,17.0,Injury,15:15,Other/Unknown,N
Australia,Queensland,Kennedy Shoal,Spearfishing,24 may,2026,Unprovoked,May,M,39.0,Injury,11:00,Bull Shark,Y
Hawaii,Maui,Olowalu,Kayaking,22 may,2026,Unprovoked,May,Unknown,,Injury,No time specified,Tiger Shark,N
Usa,Maryland,Assateague State Park,Surfing,17 may,2026,Questionable,May,M,,Injury,No time specified,Other/Unknown,N
Australia,Western Australia,Horseshoe Reef  Rottnest Island,Skindiving,16 may,2026,Unprovoked,May,M,38.0,Severe injury,10:00,White Shark,Y
Maldives,Gaafu Alif Atoll,Kooddoo,Swimming,14 april,2026,Unprovoked,April,M,,Severe injury,No time specified,Other/Unknown,N
Australia,South Australia,Middleton Beach Fleurieu Peninsula Adelaide,Surfing,3 april,2026,Unprovoked,April,M,16.0,Injury,No time specified,Bronze Whaler Shark,N
Bahamas,Andros Island,Fresh Creek,Swimming,26 march,2026,Unprovoked,March,F,22.0,Severe injury,17:30,Other/Unknown,N
Australia,South Australia,Cape Jaffa Limestone Coast,Diving,25 march,2026,Unprovoked,March,M,,Unknown,No time specified,White Shark,N
Australia,Nsw,Little Avalon Beach,Surfing,22-23 march,2026,Unprovoked,March,M,,Injury,No time specified,Other/Unknown,N
Usa,California,Big River Beach Mendocino County,Surfing,18 march,2026,Unprovoked,March,M,39.0,Injury,17:15,White Shark,N
Australia,Western Australia,Exmouth,Swimming,14 march,2026,Unprovoked,March,F,,Minor injury,10:15,Other/Unknown,N
Australia,Western Australia,Exmouth,Wing Foiling,10 march,2026,Unprovoked,March,M,,Other,08:00,White Shark,N
Australia,Queensland,Lady Elliott Island,Snorkeling,5 march,2026,Unprovoked,March,M,,Injury,08:15,Other/Unknown,N
New Caledonia,Noumea,Anse Vata Near Point Magnin,Wing Foiling,22 february,2026,Unprovoked,February,M,55.0,Injury,No time specified,Tiger Shark,Y
Cayman Islands,Little Cayman Island,Caribbean Sea,Diving,6 february,2026,Unprovoked,February,M,,Minor injury,No time specified,Tiger Shark,N
Brazil,Recife,Del Chifre Beach In Olinda,Swimming,29 january,2026,Unprovoked,January,M,13.0,Severe injury,No time specified,Tiger Shark,Y
Australia,Nsw,Angels Beach East Ballina,Surfing,29 january,2026,Unprovoked,January,M,,No injury,11:00,Other/Unknown,N
Australia,Tasmania,Cooee Beach West Of Burnie,Swimming,24 january,2026,Unprovoked,January,F,,Injury,18:15,Other/Unknown,N
Australia,Nsw,Point Plomber North Of Port Macquarie,Surfing,20 january,2026,Unprovoked,January,M,39.0,Minor injury,08:30,Bull Shark,N
Australia,Nsw,Dee Why,Surfing,19 january,2026,Unprovoked,January,M,11.0,Other,11:45,Bull Shark,N
Australia,Nsw,North Steyne,Surfing,19 january,2026,Unprovoked,January,M,27.0,Injury,18:20,Other/Unknown,N
Australia,Nsw,Nielsen Park Vaucluse Sydney Harbour,Jumping off rocks,18 january,2026,Unprovoked,January,M,12.0,Injury,16:20,Bull Shark,Y
Usa,California,Mendocino County,Surfing,13 january,2026,Unprovoked,January,M,26.0,Minor injury,08:30,Other/Unknown,N
Australia,Nsw,Avalon Beach,Surfing,10 january,2026,Unprovoked,January,M,,Injury,05:40,Other/Unknown,N
Us Virgin Islands,Fredricksted Island St Croix,Dorsch Beach,Snorkeling,8 january,2026,Unprovoked,January,F,56.0,Severe injury,16:28,Other/Unknown,Y
Mozambique,Inhambe Province,Vilanculous District,Diving,5 january,2026,Unprovoked,January,M,,Other,No time specified,Other/Unknown,Y
New Caledonia,Kélé,Between Bourail And Moindou,Scuba Diving,3 january,2026,Provoked,January,M,,Injury,No time specified,Other/Unknown,N
Mozambique,Inhambe Province,Prainha,Not stated,25 december,2025,Unprovoked,December,Unknown,,Other,No time specified,Other/Unknown,Y
Australia,Western Australia,Ocean Reef North Perth,SCUBA Diving,21 december,2025,Unprovoked,December,M,,Unknown,No time specified,White Shark,N
Usa,California,Lovers Point Pacific Grove,Swimming,21 december,2025,Unprovoked,December,F,55.0,Injury,12:00,White Shark,Y
Usa,Sonoma County California,Salmon Creek,Surfing,12 december,2025,Unprovoked,December,M,,Injury,08:00,White Shark,N
Usa,Hawaii West Coast Big Island,"Ka'Alu""Alu Beach",Freeing trapped shark,9 december,2025,Provoked,December,M,24.0,Injury,16:30,Other/Unknown,N
Australia,Nsw,Crowdy Bay,Swimming,27 november,2025,Unprovoked,November,M,26.0,Injury,06:30,Bull Shark,N
Australia,Nsw,Crowdy Bay,Swimming,27 november,2025,Unprovoked,November,F,25.0,Unknown,06:30,Bull Shark,Y
Australia,Western Australia,Prevelly Beach Magaret River,Foil Boarding,10 november,2025,Unprovoked,November,M,61.0,No injury,17:45,White Shark,N
French Polynesia,Marquesas Islands,Hakahau Bay,Swimming,9 november,2025,Unprovoked,November,M,40.0,Injury,No time specified,Other/Unknown,N
Usa,Hawaii,Pine Trees Hanalei Bay Kaui,Swimming,5 november,2025,Unprovoked,November,M,,Injury,No time specified,Other/Unknown,N
Usa,Texas,Matagorda Beach Matagorda,Fishing,5 november,2025,Unprovoked,November,M,,Injury,No time specified,Other/Unknown,N
Samoa,,Aga Reef Resort Lalomanu,Surfing,4 november,2025,Unprovoked,November,M,13.0,Injury,18:00,Tiger Shark,N
Columbia,"Bolivar, Del Isolate",Catagena Province,Swimming with sharks,14 october,2025,Unprovoked,October,M,14.0,Severe injury,No time specified,Nurse Shark,N
Australia,Queensland,Cook Esplanade Thursday Island,Fishing/swimming,11 october,2025,Unprovoked,October,M,14.0,Injury,18:23,Tiger Shark,N
Australia,South Australia,Kangaroo Island,Surfing,7 october,2025,Unprovoked,October,M,,Injury,13:30,Bronze Whaler Shark,N
Usa,Off California,Catalina Island,Swimming,29 september,2025,Unprovoked,September,M,54.0,Injury,01:00,Other/Unknown,N
Costa Rica,,Cocos Islands,Diving-Tagging sharks,27 september,2025,Provoked,September,M,48.0,Other,No time specified,Tiger Shark,N
Australia,Nsw,Long Reef Sydney,Surfing,6 september,2025,Unprovoked,September,M,57.0,Severe injury,09:30,White Shark,Y
Usa,Florida,Horseshoe Reef Key Largo,Snorkeling,1 september,2025,Unprovoked,September,M,8.0,Injury,15:24,Other/Unknown,N
Usa,Texas,Galveston,Swimming,30 august,2025,Unprovoked,August,F,8.0,Injury,No time specified,Other/Unknown,N
Australia,Nsw,Cabarita Beach,Surfing,18 august,2025,Unprovoked,August,M,,Severe injury,07:30,White Shark,N
Bahamas,Atlantic Ocean Near Big Grand Cay,North Of Grand Bahama Near Freeport,Spearfishing,17 august,2025,Unprovoked,August,M,63.0,Severe injury,13:00,Other/Unknown,N
Usa,Florida,Cayo Costa Boca Grande,Fishing,16 august,2025,Provoked,August,M,,Injury,10:55,Lemon Shark,N
Australia,Nsw,Tathra Beach,Surfing,7 august,2025,Unprovoked,August,M,9.0,Severe injury,16:30,White Shark,N
Puerto Rico,Carolina,Carolina Beach,Wading,1 august,2025,Unprovoked,August,F,39.0,Injury,No time specified,Other/Unknown,N
Australia,South Australia,Seacliff Beach Adelaide,Kayaking,28 july,2025,Unprovoked,July,M,19.0,No injury,11:30,White Shark,N
French Polynesia,Nuku Hiva,Taiohae Bay,Swimming,25 july,2025,Unprovoked,July,M,7.0,Injury,No time specified,Other/Unknown,N
Spain,Majorca,Playa De Palma Beach,Swimming,22 july,2025,Unprovoked,July,F,85.0,Injury,11:30,Other/Unknown,N
Canary Islands,Fuerteventura,Los Mollinas,Surfing (Hydrofoiling),20 july,2025,Unprovoked,July,M,,Injury,No time specified,Other/Unknown,N
Usa,Florida,Jupiter Inlet Off Jupiter Beach Palm Beach County,Diving,19 july,2025,Unprovoked,July,M,69.0,Injury,No time specified,Lemon Shark,N
Usa,Florida,New Smyrna Beach,Surfing,18 july,2025,Unprovoked,July,M,18.0,Injury,11:50,Other/Unknown,N
Bahamas,Great Abaco Islands,Spanish Cay,Spearfishing,15 july,2025,Unprovoked,July,M,66.0,Injury,No time specified,Bull Shark,N
Usa,Massachusetts,Hoicks Hollow Nantucket Beach,Fishing,6 july,2025,Provoked,July,M,21.0,Injury,No time specified,Other/Unknown,N
Usa,Florida,New Smyrna Beach,Surfing,6 july,2025,Unprovoked,July,M,40.0,Injury,15:00,Other/Unknown,N
South Africa,Kwazulu-Natal,Mfazazana Hibberdene,Fishing,4 july,2025,Unprovoked,July,M,37.0,Injury,No time specified,Other/Unknown,Y
Australia,Nsw,Norries Headland Cabarita Beach,Swimming,29 june,2025,Unprovoked,June,M,16.0,Injury,16:00,Bull Shark,N
Usa,Long Island Ny,Wantagh,Swimming,25 june,2025,Unprovoked,June,F,20.0,Injury,16:15,Tiger Shark,N
Usa,South Carolina,Coligny Beach Hilton Head Island,Swimming,22 june,2025,Unprovoked,June,F,,Injury,12:10,Other/Unknown,N
Usa,South Carolina,Beach Marker 24 Hilton Head Island,Swimming,17 june,2025,Unprovoked,June,F,12.0,Injury,12:00,Other/Unknown,N
Usa,Florida,Boca Grande,Snorkeling,,2025,Unprovoked,,F,9.0,Severe injury,12:11,Bull Shark,N
Usa,California,Montara State Beach,Surfing,31 may,2025,Unprovoked,May,M,42.0,No injury,14:00,White Shark,N
Usa,North Carolina,Sunset Beach,Swimming,,2025,Unprovoked,,M,26.0,Injury,11:00,Other/Unknown,N
Vanuatu,South Santo,Espiitu Santo Island,Swimming,,2025,Unprovoked,,M,14.0,Injury,No time specified,Other/Unknown,Y
Australia,South Australia,Port Noarlunga,Swimming,,2025,Unprovoked,,M,66.0,Injury,09:45,Other/Unknown,N
Jamaica,Montego Bay,Rose Hall Beach,Paddling,,2025,Unprovoked,,F,26.0,Minor injury,No time specified,Other/Unknown,N
Israel,Hadera,Olga Beach Near Hadera Stream,Diving,,2025,Unprovoked,,M,45.0,Severe injury,15:00,Other/Unknown,Y
Mexico,Quntana Roo,Chac Mool Beach Cancun,Rescuing female companion,,2025,Questionable,,M,20.0,Other,No time specified,Other/Unknown,Y
Maldives,Kulhudhuffushi City,Haa Dhaalu Atoll,snorkeling,,2025,Unprovoked,,M,30.0,Injury,No time specified,Other/Unknown,N
Usa,Florida,Everglades National Park Flamingo Lodge Highway West Miami-Dade (Monroe County),Undisclosed,,2025,Unprovoked,,M,,Injury,15:00,Other/Unknown,N
Bahamas,Abacos,Green Turtle Cay,Spearfishing,9 april,2025,Unprovoked,April,M,60.0,Injury,12:30,Other/Unknown,N
Australia,Wa,Sandtrax Port Beach North Fremantle Perth,Swimming,,2025,Unprovoked,,M,,Other,14:30,Tiger Shark,N
Australia,Wa,Duke Of Orleans Bay,Surfing,,2025,Unprovoked,,M,37.0,Other,12:10,White Shark,Y
Australia,Nsw,Gunyah Beach Bundeena Port Hacking,Swimming,,2025,Unprovoked,,F,56.0,Injury,13:40,Bull Shark,N
Australia,Victoria,Nuns Beach Near Portland,Swimming,,2025,Unprovoked,,M,,Minor injury,No time specified,Other/Unknown,N
Philippines,Batangas Resort,Verde Island,SCUBA Diving,27-feb-25,2025,Questionable,February,M,29.0,Severe injury,13:00,Other/Unknown,Y
Australia,Western Australia,Blasck Wall Reach Swan River Perth,Kayaking,,2025,Unprovoked,,F,35.0,Other,08:15,Other/Unknown,N
Australia,Nsw,Off Port Stephens Near Newcastle,Fishing was pulled of boat by shark,,2025,Questionable,,M,58.0,Other,13:00,Other/Unknown,Y
Australia,Queensland,The Wrecks Walking Track Moreton Island,Snorkeling,,2025,Unprovoked,,M,29.0,Injury,15:03,Other/Unknown,N
Bahamas,,Bimini Bay,Swimming,,2025,Unprovoked,,F,24.0,Injury,18:30,Bull Shark,N
Bahamas,,Bimini Bay,Swimming,,2025,Unprovoked,,F,20.0,Severe injury,18:30,Bull Shark,N
Turks And Caicos,Near Five Cays Settlement West Caicos,Thompson Cove Beach,Swimming,,2025,Unprovoked,,F,55.0,Injury,No time specified,Bull Shark,N
Australia,Queensland,"Woorim Beach, Bribie Island,",Swimming,,2025,Unprovoked,,F,17.0,Injury,16:45,Bull Shark,Y
Australia,Western Australia,Shipwreck Cove,Bathing,,2025,Unprovoked,,M,12.0,Minor injury,17:11,Other/Unknown,N
Australia,Western Australia,Cheynes Beach,Surfing,,2025,Unprovoked,,M,37.0,Injury,16:00,Bronze Whaler Shark,N
Mozambique,Inhambane Province,Vilankulo Bay,Spearfishing,,2025,Unprovoked,,M,36.0,Other,13:30,Other/Unknown,Y
Usa,Hawaii,Off Haleiwa Boat Harbour Oahu,Diving,,2025,Provoked,,M,23.0,Injury,13:40,Other/Unknown,N
New Caledonia,Grande Terre,Islet Of Kendek Near Koumac,Spearfishing,,2025,Unprovoked,,M,40.0,Severe injury,16:15,Tiger Shark,Y
Australia,South Australia,Granites Beach Near Westall Streaky Bay,Surfing,,2025,Unprovoked,,M,28.0,Other,17:10,White Shark,Y
Mozambique,?,?,Diving,,2024,Unprovoked,,M,,Injury,No time specified,Other/Unknown,Y
Egypt,North Of Marsa Alam,Red Sea,SCUBA Diving,,2024,Unprovoked,,M,69.0,Injury,No time specified,Tiger Shark,N
Egypt,North Of Marsa Alam,Red Sea,SCUBA Diving,,2024,Unprovoked,,M,48.0,Injury,No time specified,Tiger Shark,Y
Australia,Queensland,Humpy Island Great Keppel Island,Spearfishing,,2024,Unprovoked,,M,40.0,Injury,16:37,Other/Unknown,Y
Australia,Queensland,Curtis Island Near Gladstone Qld Central Coast,Spearfishing,,2024,Unprovoked,,M,,Unknown,No time specified,Other/Unknown,N
Australia,Western Australia,Greenough River Mouth Beach Cape Burney 12Km South Of Geraldton,Surfing,,2024,Unprovoked,,M,,Unknown,No time specified,Other/Unknown,N
Thailand,Phang Nga Province,Khao Lak Beach,Swimming,,2024,Unprovoked,,F,57.0,Minor injury,No time specified,Other/Unknown,N
New Zealand,Bay Of Waitangi,Chatham Islands,Diving,,2024,Unprovoked,,M,24.0,Unknown,No time specified,White Shark,Y
Maldives,Kaafu,Maafushi,Diving,,2024,Unprovoked,,F,45.0,Unknown,No time specified,Other/Unknown,N
Hawaii,Maui,Sand Piles Waiehu Beach Park,Surfing,,2024,Unprovoked,,M,61.0,Severe injury,No time specified,Other/Unknown,N
Australia,Queensland,Whitsunday Islands,Snorkeling,,2024,Unprovoked,,F,57.0,Injury,16:30,Tiger Shark,N
Usa,Florida,"Bathtub Beach, Martin County",Surfing,,2024,Unprovoked,,M,27.0,Injury,No time specified,Tiger Shark,N
Honduras,Tela,Atlantida,Swimming,,2024,Unprovoked,,M,38.0,Severe injury,No time specified,Bull Shark,N
Usa,Florida,Brevard County Orlando,Surfing,,2024,Unprovoked,,M,16.0,Injury,No time specified,Bull Shark,N
Indonesia,Timor Leste,Pulau Reong Island,Disappeared whilst diving remains found in shark,,2024,Questionable,,F,68.0,Other,No time specified,Tiger Shark,Y
Honduras,Trujillo Colon,Puerto Castillo,Diving for shellfish,,2024,Unprovoked,,M,33.0,Injury,No time specified,Bull Shark,N
Morocco,Southern Morocco,West Of Dakhla,Swimming - jumped off yacht,,2024,Unprovoked,,F,30.0,Severe injury,16:00,White Shark,Y
Jamaica,Montego Bay,Falmouth,Spearfishing,,2024,Unprovoked,,M,16.0,Severe injury,No time specified,Tiger Shark,Y
Belize,Gulf Of Honduras,Central America,Swimming - Diving,,2024,Unprovoked,,F,15.0,Severe injury,11:30,Other/Unknown,N
Australia,Nsw,"North Shore Beach, Port Macquarie",Surfing,,2024,Unprovoked,,M,23.0,Injury,11:00,White Shark,N
Australia,Western Australia,Trigg Beach Sterling,Surfing,,2024,Unprovoked,,M,41.0,Minor injury,17:35,Other/Unknown,N
Usa,Florida,Ponce De Leon Inlet Volusia County,Diving into Water,,2024,Unprovoked,,M,14.0,Injury,11:15,Blacktip Shark,N
Australia,Western Australia,14 Mile Beach Coral Bay (Gascoyne Region),Spearfishing,,2024,Unprovoked,,M,43.0,Other,11:18,Other/Unknown,N
Usa,Florida,New Smyrna Beach,Wading,,2024,Unprovoked,,M,26.0,Minor injury,16:15,Other/Unknown,N
Usa,Texas,South Padre Island,Swimming,,2024,Unprovoked,,F,,Injury,No time specified,Bull Shark,N
Usa,Texas,South Padre Island,Swimming,,2026,Unprovoked,,F,18.0,Minor injury,No time specified,Other/Unknown,N
Usa,Texas,South Padre Island,Swimming,,2025,Unprovoked,,F,18.0,Injury,No time specified,Other/Unknown,N
Usa,Floria,New Smyrna Beach,Playing football in the water,,2024,Unprovoked,,M,21.0,Minor injury,11:00,Other/Unknown,N
Usa,Florida,New Smyrna Beach Beach Access 14 Volusia County,Swimming,,2024,Unprovoked,,M,,Injury,11:00,Other/Unknown,N
Usa,Hawaii,Goat Island (Moku'Auia) La'Ie Bay,Surfing,,2024,Unprovoked,,M,49.0,Injury,12:00,Other/Unknown,Y
Usa,Hawaii,"Haleiwa, Oahu",Unconfirmed Possibly swimming near the boat harbour,,2024,Unprovoked,,F,25.0,Injury,14:00,Tiger Shark,N
Usa,Florida,Rosemary Beach Walton County,Wading,,2024,Unprovoked,,F,15.0,Injury,No time specified,Bull Shark,N
Usa,Florida,Water Sound  Beach Walton County,Swimming,,2024,Unprovoked,,F,45.0,Severe injury,13:15,Bull Shark,N
Usa,California,Del Mar Beach San Diego,Swimming ocean training,,2024,Unprovoked,,M,46.0,Injury,No time specified,Other/Unknown,N
Maldive Islands,Maahvah Laamu Atoll,Indian Ocean,Military ocean training,,2024,Unprovoked,,M,23.0,Fatal,13:00,Other/Unknown,Y
Usa,Galveston,Jamaica Beach,Wading,,2024,Unprovoked,,F,19.0,Injury,No time specified,Other/Unknown,N
Turks And Caicos,Providenciales Island,Leward Reef,snorkelling,,2024,Unprovoked,,M,27.0,Severe injury,15:30,Other/Unknown,N
French Polynesia,Gambier Islands,Mangareva Atoll,Freediving,,2024,Unprovoked,,M,20.0,Severe injury,No time specified,Other/Unknown,N
Usa,South Carolina,Y-73' Ledge Reef Chareston Coast,Spearfishing,,2024,Unprovoked,,M,65.0,Injury,13:30,Other/Unknown,N
Tobago,Graet Courland Bay,Turtle Beach,Swimming,,2024,Unprovoked,,M,64.0,Injury,No time specified,Bull Shark,N
Bahamas,Clarence Town Long Isand,Flying Fish Marina,Jumpinf from dock to boat acidentally fell into water at marina,,2024,Unprovoked,,M,24.0,Injury,No time specified,Other/Unknown,N
Australia,South Australia,West Beach Glenelg,Fishing,,2024,Unprovoked,,M,16.0,Minor injury,13:40,White Shark,N
Australia,Western Australia,Lighthouse Bombie Surf Spot Exemouth,Surfing,,2024,Unprovoked,,M,26.0,Minor injury,12:30,Other/Unknown,N
Maldive Islands,Nunu Atoll,Unspecified,Swimming,,2024,Unprovoked,,M,,Minor injury,No time specified,Other/Unknown,N
Australia,Queensland,Bargara Beach,Swimming,15 mar 2024,2024,Unprovoked,March,F,13.0,Minor injury,16:00,Tiger Shark,N
Usa,Hawaii,"Old Man'S, Waikiki",Surfing,04 mar 2024,2024,Unprovoked,March,M,,No injury,No time specified,Tiger Shark,N
Usa,Hawaii,"Rainbows, Oahu",Swimming,02 mar-2024,2024,Unprovoked,March,F,11.0,Injury,13:30,Other/Unknown,N
Australia,Western Australia,"Sandlnd Island, Jurian Bay",Swimming,25 feb-2024,2024,Unprovoked,February,F,46.0,Injury,11:30,Tiger Shark,N
India,Maharashtra,"Vaitarna River, Palghar District",Fishing,14 feb-2024,2024,Unprovoked,February,M,32.0,Injury,No time specified,Bull Shark,N
Trinidad,,,Spearfishing,04-feb-2024,2024,Provoked,February,M,,Injury,06:30,Blacktip Shark,N
Australia,New  South Wales,"Elizabeth Bay, Sydney Harbor",Swimming,29 jan-2024,2024,Unprovoked,January,F,29.0,Injury,20:00,Bull Shark,N
Bahamas,Paradise Island,Paradise Island Resort,Swimming,15 jan-2024,2024,Unprovoked,January,M,10.0,Injury,16:00,Other/Unknown,N
Australia,South Australia,"Walkers Beach, Elliston",Surfing,09-jan-2024,2024,Unprovoked,January,M,64.0,Injury,13:00,White Shark,N
South Africa,Eastern Cape Province,Papiesfontein,Fishing,05-jan-2024,2024,Provoked,January,M,62.0,Injury,No time specified,Raggedtooth Shark,N
Usa,Hawaii,"Baby Beach, Maui",Surfing,30 dec-2023,2023,Unprovoked,December,M,39.0,Fatal,11:12,Other/Unknown,Y
Mexico,Sonora,"Tojahui Beach, Yavaros, Huatabampo",Free diving,29 dec-2023,2023,Unprovoked,December,M,22.0,Fatal,13:00,White Shark,Y
Australia,South Australia,Ethel Beach,Surfing,28 dec-2023,2023,Unprovoked,December,M,15.0,Fatal,13:30,White Shark,Y
Australia,New South Wales,Old Bar,Surfing,25 dec-2023,2023,Unprovoked,December,M,16.0,Injury,16:30,Other/Unknown,N
Australia,Western Australia,Wedge Island,Foil Boarding,24-dec-2023,2023,Unprovoked,December,M,46.0,Injury,15:00,Other/Unknown,N
New Zealand,South Island,Riverton,Wading,18 dec-2023,2023,Unprovoked,December,F,21.0,Injury,02:00,Other/Unknown,N
Mexico,Guerrero,"Playa Quieta, Ixtapa, Zihuatanejo",Swimming,14  dec-2023,2023,Questionable,December,M,66.0,Fatal,09:15,Other/Unknown,Y
Mexico,Guerrero,"Playa Quieta, Ixtapa, Zihuatanejo",Swimming,14  dec-2023,2023,Questionable,December,F,52.0,Injury,No time specified,Other/Unknown,N
Australia,Queensland,1770,Snorkeling,08 dec-2023,2023,Unprovoked,December,M,20.0,Severe injury,16:32,Other/Unknown,N
Bahamas,New Providence   Isoad,Sandals Resort,Paddle boarding,04 dec-2023,2023,Unprovoked,December,F,44.0,Fatal,11:00,Other/Unknown,Y
Mexico,Jalisco,San Patricio Melaque,Swimming,02 dec-2023,2023,Unprovoked,December,F,26.0,Fatal,No time specified,Other/Unknown,Y
Australia,Queensland,Clack Island,Swimming,30 nov-2023,2023,Unprovoked,November,M,21.0,Injury,11:30,Bull Shark,N
Bahamas,Grand  Bahama Island,Tiger Beach,Scuba diving,21 nov-2023,2023,Unprovoked,November,F,47.0,Fatal,10:30,Other/Unknown,Y
Australia,South Australia,Port Noarlunga,Free diving,10 nov-2023,2023,Unprovoked,November,F,32.0,Injury,13:20,Other/Unknown,N
Usa,Florida,"Juno Beach, Palm Beach County",Swimming,05 nov-2023,2023,Unprovoked,November,M,66.0,Injury,10:30,Other/Unknown,N
Australia,Westerm Australia,Peak Island,Spearfishing,03 nov-2023,2023,Unprovoked,November,M,,Minor injury,14:00,Lemon Shark,N
New Zealand,North Island,Cape Pallister,Free diving,02 nov-2023,2023,Unprovoked,November,M,,Minor injury,09:00,White Shark,N
Egypt,Southern Red Sea,Fury Shoal,Scuba diving,reported 02 nov-2023,2023,Questionable,November,M,66.0,No injury,No time specified,White Shark,N
Australia,South Australia,Streaky Bay,Surfing,31 oct-2023,2023,Unprovoked,October,M,55.0,Fatal,10:20,White Shark,Y
Usa,Hawaii,"Pua’Ena Point,  Haleiwa, Oahu",Surfing,25 oct 2023,2023,Unprovoked,October,M,30.0,Injury,15:05,Tiger Shark,N
Mexico,Quintana Roo,Banco Chinchorro Biosphere Reserve,Fishing,23 oct-2023,2023,Provoked,October,M,59.0,Injury,No time specified,Other/Unknown,N
Australia,Western Australia,"Alexander Bay, Esperance",Fishing,21 oct-2023,2023,Watercraft,October,M,,Injury,17:00,Bronze Whaler Shark,N
Belize,Belize District,"San Pedro , Ambergris Caye",Snorkeling,20 oct 2023,2023,Unprovoked,October,F,8.0,Injury,No time specified,Nurse Shark,N
Usa,Hawaii,"Hanalei Bay, Kauai",Surfing,15 oct 2023,2023,Unprovoked,October,M,50.0,Injury,16:00,Tiger Shark,N
Usa,California,"Linda Mar, Pacific State Beach, San Mateo County",Surfing,13 oct-2023,2023,Unprovoked,October,M,52.0,Minor injury,15:45,Other/Unknown,N
Usa,Hawaii,"Paia, Maui",Surfing,02 oct-2023,2023,Unprovoked,October,F,45.0,Minor injury,13:00,Other/Unknown,N
Australia,South Australia,Beachport,Swimming,01 oct-2023,2023,Unprovoked,October,F,64.0,Minor injury,07:45,Other/Unknown,N
Usa,California,"Wildcat Beach, Marin County",Swimming,01 oct-2023,2023,Unprovoked,October,M,52.0,Other,10:40,Other/Unknown,Y
Usa,South Carolina,"Myrtle Beach, Horry County",Swimming,18 sep-2023,2023,Unprovoked,September,M,,Injury,16:00,Other/Unknown,N
Egypt,South Sinai,Dahab,Swimming,13 sep-2023,2023,Unprovoked,September,F,34.0,Severe injury,No time specified,Tiger Shark,N
Usa,Florida,"New Smyrna Beach, Volusia County",Surfing,12 sep-2023,2023,Questionable,September,M,38.0,Injury,07:50,Other/Unknown,N
Usa,Florida,"Satellite Beach, Brevard County",Surfing,11 sep-2023,2023,Unprovoked,September,M,,Injury,No time specified,Other/Unknown,N
Philippines,Bolinao,"Pangasinan, Ilocos Norte, Luzon Island",Fishing,09 sep- 2023,2023,Unprovoked,September,M,,Injury,No time specified,Other/Unknown,Y
Coral Sea,,,On a round-the-world expedition,reported 06-sep-2023,2023,Watercraft,September,M,,Severe injury,01:00,Other/Unknown,N
Usa,Florida,"Ponce Inlet, Volusia County",Surfing,04 sep 2023,2023,Unprovoked,September,M,,Injury,No time specified,Other/Unknown,N
Usa,Florida,"Ponce Inlet, Volusia County",Wading,04 sep 2023,2023,Unprovoked,September,F,37.0,Injury,No time specified,Other/Unknown,N
Australia,New South Wales,"Lighthouse Beach, Port Macquarie",Surfing,25 aug 2023,2023,Unprovoked,August,M,44.0,Severe injury,10:00,White Shark,UNKNOWN
Usa,North Carolina,"Oak Island, Brunswick County",Wading,23 aug-2023,2023,Unprovoked,August,Unknown,9.0,Minor injury,09:00,Other/Unknown,N
Usa,California,"Pebble Beach, San Mateo County",Kayak fishing,22 aug-2023,2023,Watercraft,August,M,19.0,No injury,13:00,Other/Unknown,N
Bahamas,New Providence   Isoad,"Saunders Beach, Nassau",,21 aug-2023,2023,Questionable,August,M,,Unknown,No time specified,Other/Unknown,UNKNOWN
Spain,Valencia,Rabdells Beach,Wading,16 aug-2023,2023,Unprovoked,August,M,35.0,Minor injury,No time specified,Other/Unknown,N
Portugal,Norte,9 Nm Off Vila Do Conde,Fishing,16 aug-2023,2023,Provoked,August,M,,Injury,19:30,Other/Unknown,N
Samoa,Savai'I Island,Lano,Towing a dead whale out to sea,12 aug-2023,2023,Unprovoked,August,M,,Fatal,No time specified,Other/Unknown,Y
Usa,New York,Rockaway,Wading,07 aug-2023,2023,Unprovoked,August,F,65.0,Injury,17:50,Other/Unknown,N
Usa,Florida,"New Smyrna Beach, Volusia County",Surfing,31 jul-2023,2023,Unprovoked,July,M,22.0,Injury,09:30,Other/Unknown,N
Usa,Florida,"Anna Maria Island, Manatee County",Spearfishing,30 jul-2023,2023,Unprovoked,July,M,22.0,Injury,15:30,Other/Unknown,N
Usa,Florida,Tampa Bay,Swimming,29 jul-2023,2023,Unprovoked,July,F,26.0,Injury,20:00,Other/Unknown,N
Australia,Western Australia,Gnarabup Beach,Surfing,24 jul-2023,2023,Unprovoked,July,M,,Injury,08:45,Other/Unknown,N
Australia,Western Australia,Yallingup Lagoon,Snorkeling,22 jul-2023,2023,Unprovoked,July,M,77.0,Injury,No time specified,Wobbegong Shark,N
Usa,South Carolina,"Sea Pines Beach, Hilton Head Island, Beaufort County",Boogie boarding,21 jul-2023,2023,Unprovoked,July,M,60.0,Injury,13:20,Other/Unknown,N
Colombia,San Andrés Island,Nirvana,Freediving,18 jul-2023,2023,Unprovoked,July,M,38.0,Injury,No time specified,White Shark,N
Usa,Florida,New Smyrna Beach,Sitting,15 jul-2023,2023,Unprovoked,July,M,49.0,Injury,14:00,Other/Unknown,N
Usa,Florida,New Smyrna Beach,Surfing,14 jul-2023,2023,Unprovoked,July,M,21.0,Severe injury,15:00,Other/Unknown,N
South Africa,Eastern Cape Province,Chinta East,Watching the sardine run,reported 14 jul-2023,2023,Watercraft,July,Unknown,,No injury,No time specified,Other/Unknown,N
Ecuador,Galapagos Islands,Mosquera Islet,Snorkeling,04 jul-2023,2023,Unprovoked,July,F,42.0,Injury,No time specified,Other/Unknown,N
Usa,New York,"Cherry Grove, Suffolk County",Standing,04 jul-2023,2023,Unprovoked,July,F,,Injury,16:25,Other/Unknown,N
Usa,New York,"Fire Island Pines, Suffolk County",Swimming,04 jul-2023,2023,Unprovoked,July,M,49.0,Injury,13:55,Other/Unknown,N
Usa,New York,"Quogue Village Beach, Suffolk County",Swimming,04 jul-2023,2023,Unprovoked,July,M,47.0,Injury,13:50,Other/Unknown,N
Usa,New York,"Kismet Beach, Suffolk County",Surfing,03 jul-2023,2023,Unprovoked,July,M,15.0,Injury,17:20,Other/Unknown,N
Usa,New York,"Beach 3, Robert Moses State Park, Suffolk County",Swimming,03 jul-2023,2023,Unprovoked,July,F,15.0,Injury,13:45,Tiger Shark,N
Usa,Florida,"Cocoa Beach, Brevard County",Swimming,23-jun-2023,2023,Unprovoked,June,F,,Injury,No time specified,Other/Unknown,N
Usa,Florida,"Flamingo Marina, Homestead, Miami-Dade County",Fishing,23-jun-2023,2023,Unprovoked,June,M,,Injury,10:10,Other/Unknown,N
Usa,Hawaii,Laysan,Filming,reported 14-june 2023,2023,Unprovoked,June,M,,Other,No time specified,Tiger Shark,N
Egypt,Red Sea Protectorate,"Dream Beach, Hurguda",Swimming,08-jun 2023,2023,Unprovoked,June,M,24.0,Fatal,15:00,Tiger Shark,Y
Bahamas,Freeport,Shark Junction,Scuba diving,07-jun-2023,2023,Unprovoked,June,F,73.0,Severe injury,13:00,Other/Unknown,UNKNOWN
French Polynesia,Tahiti,"Matavai Bay, Arue, Papetee",Kite surfing,28-may 2023,2023,Unprovoked,May,F,25.0,Injury,14:35,Other/Unknown,N
New Caledonia,Poum,Twagne,Spearfishing,28-may 2023,2023,Unprovoked,May,M,42.0,Fatal,11:00,Other/Unknown,Y
Turks And Caicos,Providenciales Island,Grace Bay Beach,Snorkeling,24-may 2023,2023,Unprovoked,May,F,22.0,Severe injury,15:00,Other/Unknown,N
Bahamas,Lucayan Lucayan Archipelago,Athol Island,Jumped overboard,24 may 2023,2023,Questionable,May,M,18.0,Fatal,No time specified,Other/Unknown,Y
Usa,Utah,Sea Quest Aquarium Layton Davis County,Shark Feeding,,2023,Provoked,,F,26.0,Minor injury,15:00,Other/Unknown,N
Usa,New Jersey,"Stone Harbor, Cape May County",Surfing,21-may 2023,2023,Unprovoked,May,F,15.0,Injury,15:00,Other/Unknown,N
Usa,Florida,"Flagship Drive, Summerland Key, Monroe County",Fishing,19 -may 2023,2023,Provoked,May,M,35.0,Other,20:00,Other/Unknown,N
Usa,Florida,"Marathon, Monroe County",Spearfishing,18-may-2023,2023,Unprovoked,May,M,20.0,Other,15:00,Other/Unknown,N
Usa,South Carolina,"Isle Of Palms, Charleston County",Swimming,14-may-2023,2023,Unprovoked,May,F,24.0,Minor injury,17:00,Other/Unknown,N
Australia,South Australia,Elliston,Surfing,13-may-2023,2023,Unprovoked,May,M,46.0,Fatal,10:10,White Shark,Y
Usa,Florida,"Fort Pierce, St. Lucie County",Sitting,11-may-2023,2023,Unprovoked,May,F,13.0,Injury,No time specified,Bull Shark,N
Usa,Hawaii,"Kualoa, Oahu",Kayak fishing,11-may-2023,2023,Provoked,May,M,,Other,No time specified,Tiger Shark,N
Cuba,Mayabeque,Puerto Escondido,Spearfishing,09 may-2023,2023,Provoked,May,M,,Fatal,No time specified,Bull Shark,Y
Usa,Florida,"Davis Reef, Islamorada, Monroe County",Spearfishing,05-may-2023,2023,Unprovoked,May,M,22.0,Injury,11:30,Other/Unknown,N
South Africa,Easten Cape Province,"Supertubes, Jeffreys Bay",Surfing,03-may-2023,2023,Unprovoked,May,M,,Injury,19:15,Other/Unknown,N
South Africa,Easten Cape Province,Mngcibe Beach,Diving for crayfish,01-may-2023,2023,Unprovoked,May,M,39.0,Injury,No time specified,Other/Unknown,N
Australia,Western Australia,"Yallingup, Busselton",Swimming,29-apr-2023,2023,Unprovoked,April,M,,Minor injury,11:20,Other/Unknown,N
Australia,Western Australia,"Kurrajong Campground, Exnouth",Snorkeling,29-apr-2023,2023,Unprovoked,April,M,11.0,Injury,15:00,Other/Unknown,N
Usa,Florida,"Anna Maria Island, Manatee County",Spearfishing,23-apr-2023,2023,Unprovoked,April,M,,Minor injury,No time specified,Bull Shark,N
Australia,Western Australia,Lucy'S Beach,Surfing,22-apr-2023,2023,Unprovoked,April,M,30.0,Injury,07:15,Bronze Whaler Shark,N
Usa,Florida,"Virginia Key, Monroe County",Windsurfing,11-apr-2023,2023,Unprovoked,April,F,,Injury,15:00,Other/Unknown,N
Usa,Florida,Off Boca Raton. Palm Beach County,Kayak fishing,09-apr-2023,2023,Watercraft,April,M,,No injury,07:00,Other/Unknown,N
Usa,Hawaii,"Kewalos, Oahu",Surfing,09-apr-2023,2023,Unprovoked,April,M,58.0,Injury,07:00,Tiger Shark,N
Usa,Florida,"Blue Fish Channel, Key West, Monroe County",Kite-Surfing,25-mar-2023,2023,Unprovoked,March,M,67.0,Other,14:00,Other/Unknown,N
Cuba,Artemisa,Playa Majana,Fishing,25-mar-2023,2023,Provoked,March,M,17.0,Injury,No time specified,Other/Unknown,N
Australia,Western Australia,Delta Island,Wading,22-mar-2023,2023,Unprovoked,March,M,,Injury,18:00,Other/Unknown,N
Usa,Hawaii,Anaehoomalu Bay,Swimming,19-mar-2023,2023,Unprovoked,March,M,60.0,Other,12:30,Blacktip Shark,N
Mexico,Quintana Roo,Cancún,Swimming,17-mar-2023,2023,Questionable,March,M,10.0,Injury,No time specified,Other/Unknown,N
Australia,Western Australia,Cheynes Beach,Surf-sking,16-mar-2023,2023,Unprovoked,March,F,,Unknown,08:00,Other/Unknown,N
Brazil,Pernambuco,Piedade Beach,Swimming,06-mar-2023,2023,Unprovoked,March,F,15.0,Severe injury,14:20,Other/Unknown,N
Brazil,Pernambuco,Piedade Beach,Swimming,05-mar-2023,2023,Unprovoked,March,M,14.0,Severe injury,No time specified,Other/Unknown,N
Seychelles,Praslin Island,,Snorkeling,02-mar-2023,2023,Unprovoked,March,M,6.0,Injury,No time specified,Lemon Shark,UNKNOWN
Brazil,Pernambuco,Praia De Milagres,Surfing,21-feb-2023,2023,Unprovoked,February,M,32.0,Injury,16:30,Other/Unknown,N
New Caledonia,South Province,"Château-Royal Beach , Noumea",Swimming,19-feb-2023,2023,Unprovoked,February,M,59.0,Fatal,16:00,Bull Shark,Y
Usa,Florida,"Jupiter Island, Martin County",Surfing,19-feb-2023,2023,Unprovoked,February,M,60.0,Injury,17:30,Other/Unknown,N
Argentina,Patagonia,Chubut Province,,18-feb-2023,2023,Questionable,February,M,32.0,Other,No time specified,Other/Unknown,UNKNOWN
Fiji,Taveuni Island,Ura Estate,Spearfishing,17-feb-2023,2023,Questionable,February,M,41.0,Other,07:20,Other/Unknown,N
Australia,Western Australia,Freemantle,Swimming,04-feb-2023,2023,Unprovoked,February,F,16.0,Fatal,15:30,Bull Shark,Y
Australia,Queensland,Lady Musgrave Island,Fishing,30-jan-2023,2023,Unprovoked,January,M,8.0,Minor injury,No time specified,Other/Unknown,N
New Caledonia,South Province,"Chateau Royal Beach, Noumea",Swimming,29 jan--2023,2023,Unprovoked,January,M,49.0,Other,10:30,Bull Shark,N
Usa,Florida,"Outer Mole, Fort Zachrry Tatlor Historic Park, Key West, Monroe County",Swimming,08-jan--2023,2023,Unprovoked,January,M,34.0,Injury,14:00,Other/Unknown,N
Mexico,Gulf Of California,Tobari Bay,Diving with  surface-supplied air,05-jan-2023,2023,Unprovoked,January,M,53.0,Fatal,11:30,Other/Unknown,Y
Usa,Florida,70 Miles Off Pensacola,Spearishing,01-jan-2023,2023,Provoked,January,M,30.0,Injury,14:50,Other/Unknown,N
Maldives,Vaavu Atoll,,Snorkeling at Shark Feeding site,jan-2023,2023,Provoked,January,F,30.0,Minor injury,No time specified,Nurse Shark,N
South Africa,Knz,Protea Banks,Diving/Shark Feeding,30-dec-2022,2022,Provoked,December,M,26.0,Injury,09:00,Blacktip Shark,N
Usa,Hawaii,Anaeho'Imalu Bay,Swimming,13-dec-2022,2022,Unprovoked,December,M,68.0,Injury,08:00,Tiger Shark,N
Australia,New South Ales,Killick Creek Near Crescent Head,Swimming,11 dec-2022,2022,Unprovoked,December,M,15.0,Injury,16:30,Other/Unknown,N
Usa,Samoa,Pago Pago Harbor,Diving,09-dec-2022,2022,Unprovoked,December,M,43.0,Injury,12:00,Other/Unknown,N
Usa,Hawaii,"Keawakapu Point, Kehei, Maui",Snorkeling,08-dec-2022,2022,Unprovoked,December,F,60.0,Fatal,12:00,Tiger Shark,Y
Usa,Texas,,Surfing,07-dec-2022,2022,Unprovoked,December,M,,Injury,No time specified,Blacktip Shark,N
Usa,Florida,Hobe Sound,Swimming,27-nov-2022,2022,Unprovoked,November,F,10.0,Injury,No time specified,Other/Unknown,N
Usa,California,"Del Mar Beach, San Diego County",Swimming,04-nov-2022,2022,Unprovoked,November,F,50.0,Injury,10:00,White Shark,N
Usa,Florida,"Cape San Blas, Gulf County",Fishing,03-nov-2022,2022,Provoked,November,M,29.0,Injury,15:30,Other/Unknown,N
Usa,California,"Otter Point, Pacific Grove",Surfing,31-oct-2022,2022,Unprovoked,October,M,,Minor injury,17:17,Other/Unknown,N
Usa,Louisiana,25 Mikes From Empire,Fishing,28-oct-2022,2022,Sea Disaster,October,M,40.0,Minor injury,No time specified,Other/Unknown,N
Bahamas,,Cat Island,Diving,28-oct-2022,2022,Unprovoked,October,M,,Injury,No time specified,Other/Unknown,N
Usa,Mississippi,Horn Island,Fishing,27-oct-2022,2022,Provoked,October,M,,Minor injury,No time specified,Other/Unknown,N
Usa,Hawaii,Kauai,Snorkeling,25 oct-2022,2022,Unprovoked,October,M,51.0,No injury,No time specified,Tiger Shark,N
Australia,South Australia,Seacliff,Surf skiing,23-oct-2022,2022,Unprovoked,October,M,19.0,No injury,11:15,Other/Unknown,N
Usa,Florida,"Key Largo, Monroe County",Fishing,10-oct-2022,2022,Provoked,October,M,15.0,Minor injury,No time specified,Nurse Shark,N
Usa,Louisiana,25 Miles Off Empire,Shipwreck,08-oct-2022,2022,Unprovoked,October,M,40.0,Injury,No time specified,Other/Unknown,N
Australia,Western  Australia,Port Hedland,Spearfishing,07-oct-2022,2022,Unprovoked,October,M,38.0,Injury,11:30,Bull Shark,N
Australia,Victoria,"Nun'S Beach, Portland",Surfing,06-oct-2022,2022,Unprovoked,October,M,17.0,Injury,19:00,Other/Unknown,N
Usa,California,Centerville Beach,Surfing,02-oct-2022,2022,Unprovoked,October,M,31.0,Injury,15:30,White Shark,N
South Africa,Western Cape Province,"Central Beach, Plettenberg Bay",Swimming,25-sep-2022,2022,Unprovoked,September,F,39.0,Fatal,07:53,White Shark,Y
Usa,Florida,"Marathon, Monroe County",Spearfishing,22-sep-2022,2022,Unprovoked,September,M,26.0,Severe injury,No time specified,Other/Unknown,N
Bahamas,,Green Cay,Snorkeling,06-sep-2022,2022,Unprovoked,September,F,58.0,Fatal,14:00,Bull Shark,Y
Usa,Hawaii,"Lower Paia Beach Park, Maui",Swimming  or Snorkeling,03-sep-2022,2022,Unprovoked,September,F,51.0,Injury,16:10,Other/Unknown,N
Australia,New South Wales,Avoca,Surfing,31-aug-2022,2022,Unprovoked,August,M,14.0,Injury,07:00,Bronze Whaler Shark,N
Australia,New South Wales,Coffs Harbour,Kayaking,17-aug-2022,2022,Unprovoked,August,M,,No injury,No time specified,White Shark,N
Usa,South Carolina,"Myrtle Beach, Horry County",Swimming,15-aug-2022,2022,Unprovoked,August,F,,Minor injury,11:17,Other/Unknown,N
Usa,South Carolina,"Myrtle Beach, Horry County",Standing,15-aug-2022,2022,Unprovoked,August,F,,Injury,12:00,Blacktip Shark,N
Australia,Westerm Australia,Goode Beach,Spearfishing,15-aug-2022,2022,Unprovoked,August,M,17.0,Injury,No time specified,White Shark,N
Usa,Florida,"Looe Key, Monroe County",Snorkeling,13-aug-2022,2022,Unprovoked,August,M,10.0,Severe injury,16:00,Bull Shark,N
Usa,California,"Lovers Point, Pacific Grove, Monterey County",Paddleboarding,10-aug-2022,2022,Unprovoked,August,M,,No injury,11:30,Other/Unknown,N
England,Cornwall,Penzance,Snorkeling,28-jul-2022,2022,Unprovoked,July,F,,Minor injury,12:30,Other/Unknown,N
Usa,Florida,"Florida Keys, Monroe County",Lobstering,27-jul-2022,2022,Unprovoked,July,M,13.0,Injury,No time specified,Nurse Shark,N
Usa,Florida,"Daytona Beach, Volusia County",Wading,25-jul-2022,2022,Unprovoked,July,M,33.0,Minor injury,15:00,Blacktip Shark,N
Usa,New York,"Kismet Beach, Long Island",Surfing,20-jul-2022,2022,Unprovoked,July,M,16.0,Injury,17:45,Other/Unknown,N
Usa,Florida,"Cape Canaveral, Brevard County",,19-jul-2022,2022,Questionable,July,Unknown,,Minor injury,10:45,Other/Unknown,N
Usa,Noirth Carolina,"Topsail Beach, Pender County",Surfing,19-jul-2022,2022,Unprovoked,July,F,,Injury,No time specified,Other/Unknown,N
Usa,Florida,"Content Keys, Monroe County",Fishing,17-jul-2022,2022,Provoked,July,M,,Injury,17:30,Lemon Shark,N
Usa,Florida,"Daytona Beach Shores, Volusia County",,16-jul-2022,2022,Unprovoked,July,F,40.0,Minor injury,13:12,Other/Unknown,N
Usa,New York,"Seaview Beach, Suffolk County",,13-jul-2022,2022,Unprovoked,July,M,49.0,Injury,18:00,Other/Unknown,N
Usa,New York,"Smith Point Beach, Suffolk County",Surfing,13-jul-2022,2022,Unprovoked,July,M,41.0,Injury,07:30,Tiger Shark,N
Usa,Florida,"New Smyrna Beach, Volusia County",Surfing,10-jul-2022,2022,Unprovoked,July,M,,Minor injury,No time specified,Other/Unknown,N
Usa,New York,"Ocean Beach, Long Island",Lifeguard Training Exercise,07-jul-2022,2022,Unprovoked,July,M,17.0,Minor injury,No time specified,Other/Unknown,N
Japan,Okinawa,Nago,Snorkeling,04-jul-2022,2022,Unprovoked,July,M,60.0,Fatal,No time specified,Other/Unknown,Y
Usa,Florida,"New Smyrna Beach, Volusia County",Surfing,03-jul-2022,2022,Unprovoked,July,M,28.0,Injury,11:43,Other/Unknown,N
Usa,New York,"Smith Point Beach, Suffolk County",Lifeguard Exercises,03-jul-2022,2022,Unprovoked,July,M,,Injury,10:15,Other/Unknown,N
Indonesia,Bali,Balian Beach,Surfing,01-jul-2022,2022,Unprovoked,July,F,,Injury,No time specified,Other/Unknown,N
Egypt,"Hurghada, Red Sea Governorate",Sahl Hasheesh,Snorkeling,01-jul-2022,2022,Unprovoked,July,F,,Fatal,No time specified,White Shark,Y
Egypt,"Hurghada, Red Sea Governorate",Sahl Hasheesh,Swimming,01-jul-2022,2022,Unprovoked,July,F,68.0,Fatal,No time specified,White Shark,Y
Usa,New York,"Jones Beach, Nassau County",Swimming,30-jun-2022,2022,Unprovoked,June,M,,Injury,13:00,Other/Unknown,N
Usa,Florida,"Keaton Beach,",Scalloping,30-jun-2022,2022,Unprovoked,June,F,17.0,Severe injury,15:00,Other/Unknown,N
Usa,Florida,"Sawyer Key , Monroe County",Swimming,29-jun-2022,2022,Unprovoked,June,F,35.0,Injury,20:00,Other/Unknown,N
Usa,Florida,"Summerland Key, Monroe County",Jumped into water,29-jun-2022,2022,Unprovoked,June,M,,Injury,No time specified,Other/Unknown,N
South Africa,Western Cape Province,"Sanctuary Beach, Plettenberg Bay",Swimming,28-jun-2022,2022,Unprovoked,June,M,,Fatal,14:09,Other/Unknown,Y
Jamaica,,,Fishing,24-jun-2022,2022,Unprovoked,June,M,,Severe injury,No time specified,Tiger Shark,N
Usa,Florida,"Redington Beach, Pinellas County",,23-jun-2022,2022,Unprovoked,June,F,,Injury,No time specified,Other/Unknown,N
Usa,California,"Pacific Grove, Monterey County",Swimming,22-jun-2022,2022,Unprovoked,June,M,62.0,Injury,10:40,White Shark,N
Usa,South Carolina,"Myrtle Beach, Horry County",,21-jun-2022,2022,Unprovoked,June,M,,Unknown,No time specified,Other/Unknown,N
Australia,Western Australia,Oyster Stacks Near Exmouth12H15,Swimming,01-jun-2022,2022,Unprovoked,June,F,,Minor injury,12:15,Other/Unknown,N
Australia,Western Australia,Yallingup,Surfing,27-may-2022,2022,Unprovoked,May,Unknown,,No injury,No time specified,Bronze Whaler Shark,N
Australia,Western Australia,"Royal Perth Yacht Club, Swan River",Diving,20-may-2022,2022,Unprovoked,May,M,20.0,No injury,No time specified,Bull Shark,N
Belize,Ambergris Cay,Off San Pedro,Spearfishing,19-may-2022,2022,Provoked,May,M,,Injury,No time specified,Other/Unknown,N
Maldives,,"Maafilaafushi Island, Lhaviyani Atoll",Fishing,10-may-2022,2022,Unprovoked,May,M,62.0,Injury,No time specified,Other/Unknown,N
French Polynesia,Bora Bora,To'Opua,,07-may-2022,2022,Unprovoked,May,Unknown,,Injury,No time specified,Other/Unknown,N
Usa,Georgia,"Île De Saint Simon, Glynn County",Fishing,03-may-2022,2022,Provoked,May,M,,Injury,19:12,Blacktip Shark,N
Thailand,Phuket,Kamala Beach,Playing in the water,01-may-2022,2022,Unprovoked,May,M,8.0,Injury,No time specified,Other/Unknown,N
French Polynesia,Tahiti,"Pointe Des Pêcheurs, Punaahuia",,30-apr-2022,2022,Unprovoked,April,M,22.0,Injury,No time specified,Tiger Shark,N
Australia,,,Paddleboarding,reported 27-apr-2022,2022,Unprovoked,April,M,32.0,No injury,No time specified,Other/Unknown,N
Usa,Florida,"Whale Harbor, Islamorada, Monroe County",,17-apr-2022,2022,Unprovoked,April,M,56.0,Injury,16:00,Other/Unknown,N
Usa,Alabama,"Gulf Shores, Baldwin County",Swimming,12-apr-2022,2022,Unprovoked,April,M,17.0,Injury,No time specified,Other/Unknown,N
Usa,Florida,"Higkand Beach, Palm Beach County",Standing,11-apr-2022,2022,Unprovoked,April,M,,Injury,16:00,Other/Unknown,N
Usa,New Jersey,Tutle Back Zoo,Feeding sharks & stingrays,09-apr-2022,2022,Provoked,April,F,12.0,Other,No time specified,Other/Unknown,N
Usa,Florida,Canaveral National Seashore,Kayaking,07-apr-2022,2022,Unprovoked,April,M,,No injury,10:00,Other/Unknown,N
South Africa,Kzn,Lalucia,,01-apr-2022,2022,,April,M,,Other,No time specified,Other/Unknown,Y
Usa,Florida,"Lake Worth Beach, Palm Beach County",Fishing,31-mar-2022,2022,Provoked,March,M,,Injury,No time specified,Other/Unknown,N
Columbia,Isla De San Andres,La Piscinita,Swimming,18-mar-2022,2022,Unprovoked,March,M,56.0,Fatal,No time specified,Tiger Shark,Y
New Zealand,South Island,Cobden,Surfing,15-mar-2022,2022,Unprovoked,March,M,,No injury,No time specified,Other/Unknown,N
Australia,New South Wales,Crowdy Baay,Surfing,15-mar-2022,2022,Unprovoked,March,M,32.0,Injury,15:20,Bull Shark,N
Australia,New South Wales,Crowdy Baay,Swimming,15-mar-2022,2022,Unprovoked,March,M,,Unknown,16:40,Other/Unknown,N
Usa,Florida,"New Smyrna Beach, Volusia County",Surfing,13-mar-2022,2022,Unprovoked,March,M,20.0,Injury,15:00,Other/Unknown,N
Usa,Florida,"New Smyrna Beach, Volusia County",Fishing,09-mar-2022,2022,Provoked,March,M,21.0,Minor injury,15:30,Blacktip Shark,N
Australia,New South Wales,Maroubra,Surfing,08-mar-2022,2022,Unprovoked,March,M,,No injury,07:50,Other/Unknown,N
Usa,California,"San Miguel Islandl, Santa Barbara County",Boogie boarding,26-feb-2022,2022,Unprovoked,February,M,42.0,Fatal,11:24,White Shark,Y
Bahamas,Grand  Bahama Island,Tiger Beach,Diving,21-feb-2022,2022,,February,M,51.0,Injury,12:50,Other/Unknown,N
Australia,Queensland,Redcliffe,Fihing,17-feb-2022,2022,Unprovoked,February,M,,Injury,No time specified,Tiger Shark,N
Australia,New South Wales,"Buchan Point, Sydney",Swimming,16-feb-2022,2022,Unprovoked,February,M,36.0,Fatal,16:30,Other/Unknown,Y
Mexico,Sonora,Yavaros,Surface Supplied  Diving,12-feb-2022,2022,Unprovoked,February,M,56.0,Fatal,10:00,Other/Unknown,Y
Usa,Florida,"Cocoa Beach, Brevard  County",Surfing,11-feb-2022,2022,Unprovoked,February,M,18.0,Injury,17:30,Other/Unknown,N
Bahamas,,,,reported 10-feb-2022,2022,Provoked,February,F,37.0,Minor injury,No time specified,Nurse Shark,N
Costa Rica,Guanacoste,Playa Del Coco,Diving,08-feb-2022,2022,,February,F,50.0,Injury,No time specified,Bull Shark,UNKNOWN
Australia,Western Australia,"Beds, Wylie Bay, Esperance",Floating in inflatable pool ring,05-feb-2022,2022,Unprovoked,February,F,20.0,Injury,11:15,White Shark,N
Australia,New South Wales,Warriewood,Swimming,24-jan-2022,2022,Unprovoked,January,M,,Injury,No time specified,Wobbegong Shark,N
Australia,Western Australia,Whalers Beach,Snorkeling,22-jan-2022,2022,Unprovoked,January,M,,Injury,No time specified,Wobbegong Shark,N
South Africa,Kwazulu-Natal,"Off Beachbums, Tongaat",Fishing for sharks,09-jan-2022,2022,Provoked,January,M,,No injury,07:31,Other/Unknown,N
New Zealand,South Island,"Friendly Bay, Oamaru",Swimming,09-jan-2022,2022,Unprovoked,January,F,13.0,Injury,16:30,Other/Unknown,N
Usa,Florida,"Anna Maria Island, Manatee County",Wing Foil Surfing,06-jan-2022,2022,Unprovoked,January,F,42.0,Injury,14:45,Blacktip Shark,N
Australia,New South Wales,"Hyams Beach, Jervis Bay",,04-jan-2022,2022,Unprovoked,January,F,42.0,Minor injury,06:30,Other/Unknown,N
Australia,Western Australia,North Lancelin,Surfing,01-jan-2022,2022,Unprovoked,January,M,,No injury,No time specified,Other/Unknown,N
New Zealand,South Island,Pororari River,Swimming,25-dec-2021,2021,Unprovoked,December,F,9.0,Injury,No time specified,Other/Unknown,N
Usa,Los Angeles,Morro Strand San Luis Obispo,Boogie Boarding,24-dec-2021,2021,Unprovoked,December,M,31.0,Fatal,10:40,White Shark,Y
Usa,Florida,"Anna Maria Island, Manatee County",Wing Foil Surfing,22-dec-2021,2021,Unprovoked,December,F,42.0,Injury,No time specified,Blacktip Shark,N
Australia,Queensland,Yarrabah,Spearfishing,11-dec-2021`,2021,Unprovoked,December,M,24.0,Injury,10:30,Bull Shark,N
Mexico,Quintana Roo,Mahahual,Diving,reported 06-dec-2021,2021,Unprovoked,December,M,14.0,Injury,No time specified,Other/Unknown,N
Australia,Victoria,Ocean Grove Beach,Swimmingq,06-dec-2021,2021,Unprovoked,December,F,15.0,Injury,19:20,Other/Unknown,N
Australia,Victoria,Ocean Grove  Beach,Swimming,06-dec-2021,2021,Unprovoked,December,M,15.0,Injury,19:20,Other/Unknown,N
Usa,Hawaii,"Banyans, Kailua-Kona",Surfing,04-dec-2021,2021,Unprovoked,December,M,,Injury,No time specified,Blacktip Shark,N
Brazil,São Paulo.,Boqueirão Beach,Playing,15-nov-2021,2021,Unprovoked,November,M,11.0,Minor injury,12:00,Other/Unknown,UNKNOWN
Usa,Hawaii,"Lahaina, Maui",Spearfishing,07-nov-2021,2021,Unprovoked,November,F,27.0,Injury,10:30,Other/Unknown,N
Australia,Western Australia,"Port Beach, North Freemantle",Swimming,06-nov-2021,2021,Unprovoked,November,M,57.0,Fatal,10:00,Other/Unknown,Y
Brazil,São Paulo.,Ubatuba Beach,Swimming,03-nov-2021,2021,Unprovoked,November,M,,Injury,No time specified,Other/Unknown,N
New Zealand,North Island,Taranaki,Surfing,02-nov-2021,2021,Unprovoked,November,M,26.0,Injury,No time specified,Other/Unknown,N
Australia,Queensland,Sudbury Island,Spearfishing,16-oct-2021,2021,,October,M,26.0,Other,No time specified,Other/Unknown,UNKNOWN
Australia,Queensland,"Hook Island, Whitsundays",Swimming,15-oct-2021,2021,Unprovoked,October,M,34.0,Injury,No time specified,Other/Unknown,N
Usa,Florida,"Fort Pierce State Park, St. Lucie County",Surfing,04-oct-2021,2021,Unprovoked,October,M,25.0,Injury,No time specified,Other/Unknown,N
Usa,Florida,"Jensen Beach, Martin County",Swimming,03-oct-2021,2021,Unprovoked,October,M,,Injury,12:00,Other/Unknown,N
Usa,California,"Salmon Creek Beach, Sonoma County",Surfing,03-oct-2021,2021,Unprovoked,October,M,38.0,Injury,09:00,Other/Unknown,N
Egypt,,Sidi Abdel Rahmen,Swimming,10-sep-2021,2021,,September,M,,Injury,No time specified,Other/Unknown,UNKNOWN
Usa,Florida,"Ponce Inlet, Volusia County",Surfing,09-sep-2021,2021,Unprovoked,September,M,,Minor injury,13:20,Other/Unknown,N
Australia,New South Wales,Emerald Beach,Surfing,05-sep-2021,2021,Unprovoked,September,M,31.0,Fatal,10:30,White Shark,Y
British Overseas Territory,Turks And Caicos,,,03-sep-2021,2021,Unprovoked,September,M,,Injury,No time specified,Other/Unknown,N
Usa,Louisiana,Off Grand Isle,"Fishing, fell in water",03-sep-2021,2021,Unprovoked,September,M,64.0,Severe injury,14:00,Other/Unknown,N
Usa,Texas,"Galveston Island, Galveston County",Boogie boarding,28-aug-2021,2021,Unprovoked,August,M,,Injury,11:45,Other/Unknown,N
Usa,Florida,"Walton Beach Psrk, St. Lucie County",Surfing,21-aug-2021,2021,Unprovoked,August,M,41.0,Injury,06:40,Bull Shark,N
Canada,Nova Scotia,Cape Breton Island,Swimming,13-aug-2021,2021,Unprovoked,August,F,21.0,Injury,17:00,Other/Unknown,N
Australia,Queensland,North Stradbroke Island,Harassing sharks,07-aug-2021,2021,Provoked,August,M,,No injury,No time specified,Other/Unknown,N
Usa,Florida,"New Smyrna Beach, Volusia County",Surfing,07-aug-2021,2021,Unprovoked,August,M,35.0,Minor injury,10:00,Other/Unknown,N
Usa,Florida,"Key Largo, Monroe County",Snorkeling,07-aug-2021,2021,Unprovoked,August,M,15.0,Injury,07:51,Other/Unknown,N
Usa,South Carolina,"Hilton Head Island, Beaufort County",,03-aug-2021,2021,Unprovoked,August,M,,Injury,11:46,Blacktip Shark,N
Usa,Maryland,"Ocean City, Worcester County",Swimming,02-aug-2021,2021,Unprovoked,August,F,12.0,Injury,15:00,Blacktip Shark,N
Usa,Florida,"Ponce Inlet, Volusia County",Fishing,30-jul-2021,2021,Provoked,July,M,47.0,Injury,11:00,Other/Unknown,N
Usa,North Carolina,Wrightsville Beach,Standing,27-jul-2021,2021,Unprovoked,July,M,15.0,Injury,13:30,Other/Unknown,N
Usa,Georgia,"Tybee Island, Chatham County",Surfing,27-jul-2021,2021,Unprovoked,July,M,58.0,Injury,No time specified,Blacktip Shark,N
Australia,Western Australia,Varanus Island,Fishing,27-jul-2021,2021,Provoked,July,M,34.0,Injury,20:30,Lemon Shark,N
Usa,New York,"Jones Beach, Nassau County",Swimming,26-jul-2021,2021,Unprovoked,July,M,,Minor injury,11:00,Other/Unknown,N
Brazil,Pernambuco,Piedade,Squatting in the water,25-jul-2021,2021,Unprovoked,July,M,32.0,Injury,No time specified,Other/Unknown,N
Thailand,Chanthaburi Province,Kung Krabaenbay Royal Département Study Center,Moving captive shark,23-jul-2021,2021,Provoked,July,M,55.0,Injury,No time specified,Bull Shark,N
Usa,California,"Capitola Beach, Santa Cruz County",Surfing,21-jul-2021,2021,Unprovoked,July,F,,No injury,No time specified,Other/Unknown,N
Usa,Florida,"Near Patrick Afb, Brevard County",,21-jul-2021,2021,,July,F,35.0,Injury,12:23,Other/Unknown,N
Australia,Western Australia,Rottnest Island,Surfing,19-jul-2021,2021,Unprovoked,July,M,,No injury,12:30,White Shark,N
Usa,Florida,"New Smyrna Beach, Volusia County",Boogie boarding,15-jul-2021,2021,Unprovoked,July,M,11.0,Injury,16:30,Other/Unknown,N
South Africa,Eastern Cape Province,Jeffrey'S Bay,Surfing,14-jul-2021,2021,Unprovoked,July,M,38.0,Injury,07:07,Other/Unknown,N
Bahamas,,,Jackass Team's publicity stunt for Discovery Channel's Shark Week 2021,reported 11-jul-2021,2021,Provoked,July,M,,Injury,No time specified,Other/Unknown,N
Usa,Florida,"Bathtub Beach, Martin County",Playing,10-jul-2021,2021,Unprovoked,July,F,9.0,Injury,16:39,Other/Unknown,N
Usa,Florida,"46 Miles Off Mayport, Duval County",Spearfishing,10-jul-2021,2021,Unprovoked,July,M,36.0,Other,No time specified,Other/Unknown,Y
Brazil,Pernambuco,Piedade,Wading,10-jul-2021,2021,Unprovoked,July,M,51.0,Fatal,13:50,Other/Unknown,Y
Australia,New South Wales,Crescent Head,Surfing,05-jul-2021,2021,Unprovoked,July,M,25.0,Injury,16:30,White Shark,N
Usa,Florida,"Ponce Inlet, Volusia County",Standing,04-jul-2021,2021,Unprovoked,July,M,8.0,Injury,16:00,Other/Unknown,N
Usa,Bahamas,,Spearfishing,04-jul-2021,2021,Provoked,July,F,19.0,Injury,No time specified,Bull Shark,N
Ecuador,Galapagos,,Diving,03-jul-2021,2021,Unprovoked,July,M,31.0,Injury,No time specified,Other/Unknown,N
Usa,California,"Catalina Island, Orange County",Canoeing,30-jun-2021,2021,Unprovoked,June,M,15.0,Injury,07:15,Other/Unknown,N
Usa,Florida,"Block Houe Beach, Brevard County",Surfing,28-jun-2021,2021,Unprovoked,June,F,,Injury,No time specified,Other/Unknown,N
Usa,North Carolina,"Ocean Isle, Brunswick County",Swimming,27-jun-2021,2021,Unprovoked,June,F,7.0,Injury,11:30,Other/Unknown,N
Usa,California,"Gray Whale Beach Cove State Beach, San Mateo County",Swimming,26-jun-2021,2021,Unprovoked,June,M,38.0,Injury,09:15,White Shark,N
Jordan,Aqaba,,Parasailing,25-jun-2021,2021,Unprovoked,June,M,36.0,Injury,No time specified,Other/Unknown,N
Australia,Western Australia,Gum Tree Bay,Surfing,23-jun-2021,2021,Unprovoked,June,M,25.0,Injury,14:00,Other/Unknown,N
Usa,Florida,"Bethune Beach, Volusia County",Standing,18-jun-2021,2021,Unprovoked,June,M,12.0,Injury,15:57,Other/Unknown,N
Usa,Florida,"Grayton Beach State Park,   Walton County",Swimming,17-jun-2021,2021,Unprovoked,June,M,14.0,Injury,14:30,Other/Unknown,N
Usa,Florida,"New Smyrna Beach, Volusia County",Standing,14-jun-2021,2021,Unprovoked,June,M,12.0,Injury,No time specified,Other/Unknown,N
Usa,Florida,"New Smyrna Beach, Volusia County",Standing,14-jun-2021,2021,Unprovoked,June,M,71.0,Minor injury,No time specified,Other/Unknown,N
England,West Sussex,Littlehampton,Fishing,12-jun-2021,2021,Provoked,June,M,51.0,Injury,No time specified,Other/Unknown,N
Australia,Western Australia,Five Fingers Reef,Snorkeling,11-jun-2021,2021,Unprovoked,June,M,10.0,Injury,11:00,Bronze Whaler Shark,N
New Caledonia,Nouville,Chs Beach,Spearfishing,25-may-2021,2021,Provoked,May,M,,Fatal,No time specified,Other/Unknown,Y
Usa,South Carolina,"Burkes Beach, Hilton Head, Beaufort County",Swimming,23-may-2021,2021,Unprovoked,May,M,26.0,Minor injury,No time specified,Other/Unknown,N
Australia,Western Australia,Quondong Beach,Spearfishing,21-may-2021,2021,Unprovoked,May,M,48.0,Injury,11:20,Other/Unknown,N
Australia,New South Wales,Turncurry Beach,Surfing,18-may-2021,2021,Unprovoked,May,M,59.0,Fatal,11:15,White Shark,Y
Usa,Hawaii,"Kanaha Beach Park, Maui",Kite Foiling,15-may-2021,2021,Unprovoked,May,M,35.0,Injury,16:45,Tiger Shark,N
Belize,Ambergris Key,,Baiting sharks,12-may-2021,2021,Provoked,May,M,57.0,Injury,10:00,Other/Unknown,N
Usa,Florida,"Daytona Beach Shores, Volusia County",Wading,06-may-2021,2021,Unprovoked,May,F,21.0,Other,11:30,Other/Unknown,N
Usa,Hawaii,"Marine Corps Base, Oahu",Surfing,03-may-2021,2021,Unprovoked,May,M,14.0,Injury,16:00,Other/Unknown,N
Jamaica,Westmoreland Parish,"Little Bay, Little London",Spearfishing,01-may-2021,2021,Unprovoked,May,M,53.0,Fatal,08:00,Other/Unknown,Y
Usa,Florida,"New Smyrna Beach, Volusia County",Surfing,30-apr-2021,2021,Unprovoked,April,F,64.0,Injury,09:00,Other/Unknown,N
Usa,Florida,"Vero Beach, Indian River County",Boggie boarding,29-apr-2021,2021,Unprovoked,April,M,54.0,Injury,10:30,Other/Unknown,N
French Polynesia,Tahiti,Tautira,Canoeing,24-apr-2021,2021,Unprovoked,April,M,25.0,No injury,08:15,Other/Unknown,N
New Caledonia,,Nouville,Stand Up Paddleboarding,24-apr-2021,2021,Unprovoked,April,M,53.0,Fatal,No time specified,Other/Unknown,Y
Usa,Hawaii,Kukio Bay,Swimming,20-apr-2021,2021,Unprovoked,April,F,57.0,Injury,08:56,Tiger Shark,N
Australia,Western Australia,Karratha,,19-apr-2021,2021,Unprovoked,April,M,,Injury,15:40,Other/Unknown,N
Usa,North Carolina,Outer Banks,Tagging sharks,17-apr-2021,2021,Provoked,April,Unknown,,No injury,No time specified,Other/Unknown,N
South Africa,Kwazulu-Natal,Mdloti,Spearfishing,14-apr-2021,2021,Unprovoked,April,M,38.0,Minor injury,No time specified,Other/Unknown,N
South Africa,Eastern Cape Province,Chintsa,Body boarding,13-apr-2021,2021,Unprovoked,April,M,38.0,Fatal,11:00,White Shark,Y
Usa,Florida,"Key Biscayne, Miami-Dade County",Swimming,02-apr-2021,2021,Unprovoked,April,M,36.0,Injury,No time specified,Other/Unknown,N
Usa,Florida,"Vero Beach, Indian River County",,30-mar-2021,2021,Unprovoked,March,M,,Injury,13:00,Other/Unknown,N
Australia,Western Australia,Near Coral Bay,Spearfishing,27-mar-2021,2021,Unprovoked,March,M,27.0,Injury,12:00,Bull Shark,N
French Polynesia,Marquesas,Ua Pou,Swimming,26-mar-2021,2021,Unprovoked,March,M,10.0,Unknown,No time specified,Other/Unknown,N
Usa,Florida,Indian River County,,25-mar-2021,2021,Unprovoked,March,F,16.0,Injury,11:45,Other/Unknown,N
Usa,Florida,"Fort Lauderdale, Broward County",Swimming,25-mar-2021,2021,Unprovoked,March,M,7.0,Injury,No time specified,Other/Unknown,N
Usa,Florida,"Miami Beach, Miami-Dade County",Body surfing,21-mar-2021,2021,Unprovoked,March,M,9.0,Injury,14:00,Other/Unknown,N
Australia,Western Australia,Yallingup,Paddle boarding,20-mar-2021,2021,Unprovoked,March,M,75.0,No injury,15:00,Blacktip Shark,N
Usa,Florida,"Juno Beach, Palm Beach County",Wading,18-mar-2021,2021,Unprovoked,March,M,20.0,Injury,No time specified,Blacktip Shark,N
New Caledonia,Loyalty Islands,Ouvéa,Spearfishing,02-mar-2021,2021,Unprovoked,March,M,16.0,Injury,No time specified,Tiger Shark,N
New Caledonia,,I'Îot Maître,Swimming,28-feb-2021,2021,Unprovoked,February,M,57.0,Injury,11:00,Tiger Shark,Y
Australia,Queensland,Waterford West,Fishing,20-feb-2021,2021,Provoked,February,M,,Injury,17:30,Bull Shark,N
Usa,Hawaii,"Waiokapua Bay, Kaui",Surfing,06-feb-2021,2021,Unprovoked,February,M,,No injury,16:30,Other/Unknown,N
Australia,South Australia,Gleneg,Surf skiing,02-feb-2021,2021,Watercraft,February,M,17.0,No injury,19:00,Bronze Whaler Shark,N
Usa,Maui,Ukumehama,Kayaking,02-feb-2021,2021,Watercraft,February,M,,No injury,14:00,White Shark,N
Australia,Western Australia,"Melaleuca Beach, Cowaramup Bay, Gracetown,",Swimming,29-jan-2021,2021,Unprovoked,January,F,46.0,Injury,10:30,Other/Unknown,N
New Zealand,North Island,"Papamoa Beach, Bay Of Plenty",Swimming,27-jan-2021,2021,Unprovoked,January,M,61.0,Minor injury,20:00,Other/Unknown,N
Australia,New South Wales,Lake Macquarie,Swimming,23-jan-2021,2021,Unprovoked,January,M,58.0,Severe injury,18:30,Other/Unknown,N
Usa,Florida,Off Tampa Bay,Fishing,22-jan-2021,2021,Watercraft,January,Unknown,,No injury,No time specified,White Shark,N
Usa,Hawaii,Maui,Snorkeling,22-jan-2021,2021,Unprovoked,January,M,73.0,Injury,07:45,Other/Unknown,N
Australia,South Australia,Port Macdonnell,Snorkeling,21-jan-2021,2021,Unprovoked,January,M,32.0,Fatal,17:00,White Shark,Y
Australia,Western Australia,Swan River Bicton,Swimming,14-jan-2021,2021,Unprovoked,January,M,57.0,Injury,No time specified,Bull Shark,N
Brazil,Pernambuco,Cacimba Do Padre Beach,Surfing,13-jan-2021,2021,Unprovoked,January,M,52.0,Injury,No time specified,Other/Unknown,N
Australia,Western Australia,Blackwall Reach,Swimming,13-jan-2021,2021,Unprovoked,January,M,54.0,Severe injury,07:58,Bull Shark,N
Australia,Victoria,13Th Beach,Swimming,11-jan-2021,2021,Unprovoked,January,M,7.0,Injury,17:40,Other/Unknown,N
St Kitts / Nevis,The Narrows,Booby Island,Swimming / Kayaking,09-jan-2021,2021,Unprovoked,January,F,26.0,Severe injury,09:00,Other/Unknown,N
New Zealand,North Island,"Waihī  Beach, Bay Of Plenty",Swimming,07-jan-2021,2021,Unprovoked,January,F,19.0,Fatal,17:10,Other/Unknown,Y
Usa,Florida,"Cocoa Beach, Brevard  County",Surfing,03-jan-2021,2021,Unprovoked,January,M,19.0,No injury,10:30,Other/Unknown,N
Usa,Florida,"Cocoa Beach, Brevard  County",Surfing,02-jan-2021,2021,Unprovoked,January,M,17.0,Injury,10:30,Other/Unknown,N
Usa,Hawaii,"Anaehoomalu Bay
Waikoloa, Hawaii County",Swimming,02-jan-2021,2021,Unprovoked,January,F,68.0,Injury,08:00,Other/Unknown,N
Usa,California,"Coronado, San Diego County",Swimming,30-dec-2020,2020,Unprovoked,December,M,,No injury,No time specified,White Shark,N
Maldives,Raa Atoll,Faadoo Island,Fell off fishing boat,23-dec-2020,2020,Unprovoked,December,M,40.0,Injury,09:36,Other/Unknown,N
St Martin,,Orient Beach,Swimming,10-dec-2020,2020,Unprovoked,December,F,39.0,Fatal,14:00,Tiger Shark,Y
Australia,Western Australia,Cable Beach,Surfing,09-dec-2020,2020,Unprovoked,December,M,,No injury,07:00,Other/Unknown,N
Usa,Hawaii,Honolua Bay,Surfing,08-dec-2020,2020,Unprovoked,December,M,56.0,Fatal,07:45,Tiger Shark,Y
Usa,Oregon,"Seaside Cove, Clatsop County",Surfing,06-dec-2020,2020,Unprovoked,December,M,20.0,Other,15:20,Other/Unknown,N
Australia,South Australia,D’Estrees Bay Near Kangaroo Island,Surfing,06-dec-2020,2020,Unprovoked,December,M,29.0,Injury,14:20,White Shark,N
Egypt,South Sinai,Marsa Alam,Scuba diving,02-dec-2020,2020,Unprovoked,December,F,42.0,Injury,No time specified,White Shark,N
Usa,Hawaii,Maui,Snorkeling,26-nov-2020,2020,Unprovoked,November,F,35.0,Severe injury,14:00,Other/Unknown,N
New Caledonia,South Province,St. Vincent Bay,Snorkeling,23-nov-2020,2020,Unprovoked,November,F,,Injury,No time specified,Tiger Shark,N
Australia,Western Australia,Cable Beach,Body boarding,22-nov-2020,2020,Unprovoked,November,M,59.0,Fatal,08:40,Bull Shark,Y
Australia,New South Wales,"Town Beach, Port Macquarie",Surfing,02-nov-2020,2020,Unprovoked,November,M,13.0,Minor injury,06:00,Other/Unknown,N
Usa,Florida,Ormond Beach,Swimming,31-oct-2020,2020,Unprovoked,October,M,17.0,Minor injury,16:00,Blacktip Shark,N
Bahamas,Grand Bahama Island,East End Point,Spearfishing,30-oct-2020,2020,Unprovoked,October,M,,Injury,No time specified,Other/Unknown,N
Usa,"Franklin County, Florida",St George Island,Surfing,29-oct-2020,2020,Unprovoked,October,M,,Injury,13:00,Other/Unknown,N
Egypt,South Sinai,"Shark Reef, Ras Muhammed",Snorkeling,25-oct-2020,2020,Unprovoked,October,Unknown,,Severe injury,No time specified,Other/Unknown,N
Australia,Queensland,Britomart Reef,Spearfishing,24-oct-2020,2020,Unprovoked,October,M,59.0,Severe injury,12:00,Other/Unknown,N
Usa,North Carolina,"Emerald Isle, Carteret County",Surfing,21-oct-2020,2020,,October,M,,Injury,No time specified,Other/Unknown,N
Australia,Western Australia,Kelp Beds Beach (Kelpies),Surfing,09-oct-2020,2020,Unprovoked,October,M,52.0,Fatal,10:45,Other/Unknown,Y
Usa,Florida,"Miami Beach, Miami-Dade County",Body Surfing,07-oct-2020,2020,Unprovoked,October,M,31.0,Injury,No time specified,Blacktip Shark,N
Australia,Western Australia,"Toms Surf Break, Hamersley Pool, North Beach, Perth",Surfing,04-oct-2020,2020,Unprovoked,October,M,17.0,No injury,10:45,Bronze Whaler Shark,N
Usa,Florida,Near Key Largo,,29-sep-2020,2020,Provoked,September,M,,Minor injury,No time specified,Nurse Shark,N
Usa,Hawaii,"Charley Young Beach, Maui",Swimming,21-sep-2020,2020,,September,F,61.0,Injury,11:00,Other/Unknown,N
Usa,Florida,"Sombero Key Light, Monroe County",Snorkeling,20-sep-2020,2020,Unprovoked,September,M,30.0,Severe injury,10:30,Bull Shark,N
Australia,Queensland,Fraser Island,Fishing,17-sep-2020,2020,Provoked,September,M,,Injury,16:00,White Shark,N
Australia,New South Wales,Cabarita Beach,Foil-boarding,16-sep-2020,2020,Unprovoked,September,M,,No injury,No time specified,White Shark,N
Usa,Florida,"Daytona Beach Shores, Volusia County",Swimming,16-sep-2020,2020,,September,M,48.0,Minor injury,15:20,Other/Unknown,N
Usa,Florida,"Ponce Inlet, Volusia County",Surfing,15-sep-2020,2020,Unprovoked,September,M,15.0,Injury,10:45,Other/Unknown,N
Usa,Florida,"Melbourne Beach, Brevard County",Surfing,15-sep-2020,2020,Unprovoked,September,M,25.0,Injury,08:15,Other/Unknown,N
Usa,Florida,Canaveral National Seashore,Surf fishing,08-sep-2020,2020,,September,M,54.0,Injury,No time specified,Other/Unknown,N
Australia,Queensland,"Greenmount Beach, Coolangatta",Surfing,07-sep-2020,2020,Unprovoked,September,M,46.0,Fatal,17:00,White Shark,Y
Usa,Hawaii,Puako,Snorkeling,06-sep-2020,2020,Unprovoked,September,F,70.0,Injury,16:30,Other/Unknown,N
Usa,Florida,"Jensen Beach, Martin County",,02-sep-2020,2020,Unprovoked,September,M,,Minor injury,No time specified,Nurse Shark,N
Australia,New South Wales,Forster,Fishing / Filming sharks feeding on whale carcass,30-aug-2020,2020,Watercraft,August,Unknown,,No injury,No time specified,White Shark,N
Usa,South Carolina,"Folly Beach, Charleston County",Surfing,30-aug-2020,2020,Unprovoked,August,M,12.0,Injury,11:30,Other/Unknown,N
Usa,California,"Shelter Cove, Humboldt County",Kayak fishing,28-aug-2020,2020,Unprovoked,August,M,,No injury,No time specified,White Shark,N
Usa,Florida,"New Smyrna Beach, Volusia County",Standing,23-aug-2020,2020,Unprovoked,August,M,23.0,Minor injury,15:00,Other/Unknown,N
Usa,Florida,"St. Augustine Beach, Anastasia Island, St. Johns County",Surfing,22-aug-2020,2020,Unprovoked,August,M,14.0,Injury,No time specified,Other/Unknown,N
Usa,Florida,"New Smyrna Beach, Volusia County",Boogie boarding,20-aug-2020,2020,Unprovoked,August,F,50.0,Minor injury,11:00,Other/Unknown,N
Usa,South Carolina,"Myrtle Beach, Horry County",Wading,19-aug-2020,2020,,August,F,,Minor injury,14:15,Other/Unknown,N
Australia,New South Wales,"Shelly Beach, Port Macquarie",Surfing,14-aug-2020,2020,Unprovoked,August,F,35.0,Injury,09:30,White Shark,N
Usa,Florida,"Off Gasparilla Island, Charlotte County",Fishing,10-aug-2020,2020,Provoked,August,M,55.0,Injury,16:00,Blacktip Shark,N
Usa,Virgin Islands,"Candle Reef, St. Croix",Snorkeling,02-aug-2020,2020,Unprovoked,August,F,,Injury,14:00,Nurse Shark,N
Usa,North Carolina,"Surf City, Pender County",Surfing,01-aug-2020,2020,Unprovoked,August,M,54.0,No injury,14:00,Other/Unknown,N
Usa,Florida,"New Smyrna Beach, Volusia County",Surfing,31-jul-2020,2020,Unprovoked,July,F,22.0,Injury,17:00,Other/Unknown,N
Usa,Alabama,"Orange Beach, Baldwin County",Swimming,31-jul-2020,2020,Unprovoked,July,M,14.0,Injury,13:00,Blacktip Shark,N
Australia,Western Australia,Bunker Bay Beach,Surfing,31-jul-2020,2020,Unprovoked,July,M,28.0,Injury,14:15,White Shark,N
Usa,Florida,Florida Keys,Diving,29-jul-2020,2020,Unprovoked,July,M,38.0,Injury,No time specified,Lemon Shark,N
Australia,Tasmania,Tenth Island,Sightseeing,29-jul-2020,2020,Watercraft,July,Unknown,,No injury,09:08,White Shark,UNKNOWN
French Polynesia,Tuamotu Islands,Tikehau,Swimming,27-jul-2020,2020,Unprovoked,July,M,4.0,Injury,No time specified,Blacktip Shark,N
Usa,Maine,"Bailey Island, Cumberland County",Swimming,27-jul-2020,2020,Unprovoked,July,F,63.0,Fatal,15:59,White Shark,Y
Usa,Bahamas,Spanish Cay,Spearfishing,23-jul-2020,2020,Unprovoked,July,M,23.0,Injury,12:00,Other/Unknown,N
Usa,Florida,"New Smyrna Beach, Volusia County",Standing,23-jul-2020,2020,Unprovoked,July,M,11.0,Injury,No time specified,Other/Unknown,N
Usa,North Carolina,"Neuse River, Craven County",Treading water,22-jul-2020,2020,Unprovoked,July,M,,Injury,17:30,Bull Shark,N
Usa,Florida,"Cocoa Beach, Brevard  County",Wading,19-jul-2020,2020,Unprovoked,July,F,12.0,Injury,No time specified,Other/Unknown,N
Australia,Tasmania,Off Stanley,Fishing,17-jul-2020,2020,Unprovoked,July,M,10.0,Injury,13:30,White Shark,N
Usa,Florida,"Melbourne Beach, Brevard County",Wading,14-jul-2020,2020,Unprovoked,July,F,14.0,Severe injury,No time specified,Bull Shark,N
Australia,Queensland,Fitzroy Island,Snorkeling,13-jul-2020,2020,Unprovoked,July,F,29.0,Injury,11:45,Other/Unknown,N
Australia,New South Wales,Wilsons Headland,Surfing,11-jul-2020,2020,Unprovoked,July,M,15.0,Fatal,14:30,White Shark,Y
Usa,Florida,"Cocoa Beach, Brevard  County",Surfing,10-jul-202,2020,Unprovoked,July,F,15.0,Minor injury,08:00,Other/Unknown,N
Australia,Queensland,Fraser Island,Spearfishing,04-jul-2020,2020,Unprovoked,July,M,36.0,Fatal,14:00,Other/Unknown,Y
Usa,Florida,"Homestead, Miami-Dade County",Playing,22-jun-2020,2020,Unprovoked,June,M,7.0,Injury,No time specified,Bull Shark,N
Usa,North Carolina,"Salvo, Dare County",Body Surfing,20-jun-2020,2020,Unprovoked,June,M,16.0,Injury,16:00,Other/Unknown,N
Bahamas,Exumas,"Pig Beach, Pig Island",,20-jun-2020,2020,Unprovoked,June,Unknown,,Unknown,No time specified,Other/Unknown,N
South Africa,Kwazulu-Natal,Umhlanga Rocks,Surf skiing,16-jun-2020,2020,Unprovoked,June,F,,Other,14:00,Other/Unknown,N
New Caledonia,South Province,"Plateau De Ricaudy, Nouméa",Windsurfing,10-jun-2020,2020,Unprovoked,June,M,30.0,Fatal,No time specified,Tiger Shark,Y
Australia,New South Wales,Salt Beach Near Kingscliff,Surfing,07-jun-2020,2020,Unprovoked,June,M,60.0,Fatal,10:40,White Shark,Y
Australia,Western Australia,"Tantabitti Beach, Nigaloo",,06-jun-2020,2020,Unprovoked,June,F,,Unknown,No time specified,Other/Unknown,UNKNOWN
Usa,Delaware,"Herring Point, Sussex County",Skimboarding,04-jun-2020,2020,,June,M,12.0,Injury,13:00,Other/Unknown,N
Usa,Hawaii,"Davidsons Beach, Kauai",Surfing,01-jun-2020,2020,Unprovoked,June,M,,Injury,08:30,Tiger Shark,N
Bahamas,Abaco Islands,Noname Cay,Spearfishing,31-may-2020,2020,Unprovoked,May,M,,Injury,No time specified,Bull Shark,N
Australia,Queensland,Lucinda,Spearfishing,30-may-2020,2020,Unprovoked,May,M,18.0,No injury,No time specified,Bull Shark,N
Thailand,"Muang District Of Satun Province,",Chebilang Pier,Playing,28-may-2020,2020,Unprovoked,May,M,12.0,Injury,No time specified,Bull Shark,N
Spain,Canary Islands,"Famara Beach, Lanzarote",Playing,26 may 2020,2020,Unprovoked,May,M,9.0,Injury,No time specified,Other/Unknown,N
French Polynesia,Tahiti,Vallée Blanche,Snorkeling,17 may 2020,2020,Unprovoked,May,Unknown,,Injury,No time specified,Blacktip Shark,N
Usa,California,"Sand Dollar Beach, Santa Cruz County",Surfing,09-may-2020,2020,Unprovoked,May,M,26.0,Fatal,13:30,White Shark,Y
Australia,Victoria,"Southside Beach, Near Geelong",Surfing,08-may-2020,2020,Unprovoked,May,M,,Injury,16:00,Other/Unknown,N
Usa,California,"Summerland, Santa Barbara County",Swimming,01-may-2020,2020,Unprovoked,May,F,57.0,Injury,14:30,Other/Unknown,N
Usa,California,"Moonlight Beach, San Diego County",Body Boarding,29-apr-2020,2020,,April,M,16.0,Minor injury,17:45,Other/Unknown,N
Australia,New South Wales,Killick Creek Near Crescent Head,Swimming,21-apr-2020,2020,Unprovoked,April,F,,Injury,08:00,Other/Unknown,N
Usa,Florida,"Cocoa Beach, Brevard  County",Surfing,07-apr-2020,2020,Unprovoked,April,F,,Injury,10:00,Bull Shark,N
Australia,Queensland,North West Island,Swimming,06-apr-2020,2020,Unprovoked,April,M,23.0,Fatal,17:30,Other/Unknown,Y
Australia,New South Wales,Wamberal Beach,Surfing,06-apr-2020,2020,Unprovoked,April,M,38.0,Injury,10:00,Other/Unknown,N
Usa,California,"Pleasure Point, Santa Cruz County",Stand-Up Paddleboarding,27-mar-2020,2020,Unprovoked,March,M,,No injury,No time specified,Other/Unknown,N
Usa,Florida,"New Smyrna Beach, Volusia County",Surfing,22-mar-2020,2020,Unprovoked,March,M,,Injury,12:20,Other/Unknown,N
Usa,Florida,"New Smyrna Beach, Volusia County",Surfing,22-mar-2020,2020,Unprovoked,March,M,,Injury,10:50,Other/Unknown,N
Australia,Queensland,Cairns,,21-mar-2020,2020,Unprovoked,March,F,,Injury,No time specified,Other/Unknown,N
New Zealand,North Island,"Stanmore Bay, Auckland",Kayak fishing,reported 14-mar-2020,2020,Provoked,March,M,,No injury,No time specified,White Shark,N
Fiji,Vanua Levu,"Tawake, Cakaudrove",Spearfishing,02-mar-2020,2020,Unprovoked,March,M,26.0,Injury,No time specified,Other/Unknown,N
New Zealand,North Island,Pauanui Beach,Surfing,22-feb-2020,2020,Unprovoked,February,M,60.0,Minor injury,11:30,White Shark,N
Usa,Maui,Wailea,Stand-Up Paddle boarding,05-feb-2020,2020,Unprovoked,February,M,,No injury,09:40,Tiger Shark,N
French Polynesia,Marquesas,Ua Huka,Canoeing,01-feb-2010,2020,Unprovoked,February,M,,No injury,06:30,Other/Unknown,N
Bahamas,Exumas,,Floating,reported 30-jan-2020,2020,Provoked,January,F,24.0,Minor injury,No time specified,Other/Unknown,N
Australia,New South Wales,Windang Beach,Surfing,17-jan-2020,2020,Unprovoked,January,M,59.0,Injury,08:00,Other/Unknown,N
New Zealand,Southland,Oreti Beach,Surfing,16-jan-2020,2020,Unprovoked,January,F,13.0,Minor injury,20:30,Other/Unknown,N
Usa,North Carolina,"Rodanthe, Dare County",Surfing,13-jan-2020,2020,Unprovoked,January,M,26.0,Injury,14:33,Other/Unknown,N
Thailand,Phang Nga Province,Nang Thong Beach,Swimming,12-jan-2020,2020,Unprovoked,January,M,75.0,Injury,07:15,Other/Unknown,N
Australia,Queensland,North West Island,Swimming,07-jan-2020,2020,Unprovoked,January,F,7.0,Injury,17:30,Lemon Shark,N
Australia,Western Australia,Cull Island / Esperance,Scuba diving,05-jan-2020,2020,Unprovoked,January,M,57.0,Fatal,13:00,White Shark,Y
New Caledonia,,Calana,,03-jan-2020,2020,Unprovoked,January,M,12.0,Injury,No time specified,Other/Unknown,N
Australia,Western Australia,Esperance,Swimming after being swept off rocks,02-jan-2020,2020,Questionable,January,M,21.0,Other,16:10,Other/Unknown,Y
Australia,Queensland,North West Island,Swimming,30-dec-2019,2019,Unprovoked,December,M,,Minor injury,12:58,Other/Unknown,N
Seychelles,Praslin,Amitié Beach,Swimming,28-dec-2019,2019,Unprovoked,December,F,45.0,Injury,19:00,Other/Unknown,N
Papua New Guinea,Central Province,Ragelapara Reef,Spearfishing,26-dec-2019,2019,Unprovoked,December,M,33.0,Fatal,16:30,Other/Unknown,Y
South Africa,Eastern Cape Province,"Nahoon Beach, East London",Surf skiing,26-dec-2019,2019,Unprovoked,December,M,,No injury,07:00,Other/Unknown,N
New Zealand,Southland,Oreti Beach,Boogie boarding,24-dec-2019,2019,Unprovoked,December,F,17.0,Injury,No time specified,Other/Unknown,N
Usa,California,"Santa Rosa Island, Ventura County",Surfing,21-dec-2019,2019,Unprovoked,December,M,37.0,Injury,16:15,Other/Unknown,N
Australia,New South Wales,Shellharbour,Fishing,20-dec-2019,2019,Provoked,December,Unknown,,Other,No time specified,White Shark,UNKNOWN
Reunion Island,,,Kayaking,12-dec-2019,2019,Questionable,December,M,70.0,Other,No time specified,Tiger Shark,Y
Australia,Western Australia,Exmouth,Free diving,06-dec-2019,2019,Unprovoked,December,M,57.0,Injury,09:00,Other/Unknown,N
Cuba,Holquin,Guardalavaca Beach,Swimming,04-dec-2019,2019,Unprovoked,December,M,22.0,Fatal,23:00,Other/Unknown,Y
Usa,Hawaii,"Cove Park, Kihei, Maui",Stand-Up Paddleboarding,03-dec-2019,2019,Unprovoked,December,M,57.0,No injury,10:00,Tiger Shark,N
Usa,Florida,"New Smyrna Beach, Volusia County",Surfing,30-nov-2019,2019,Unprovoked,November,M,9.0,No injury,No time specified,Blacktip Shark,N
Australia,Queensland,Bargara,Snorkeling,30-nov-2019,2019,Unprovoked,November,M,30.0,Injury,18:00,Other/Unknown,N
Australia,Queensland,"Elliot Head, Near Bundaberg.",Spearfishing,23-nov-2019,2019,Questionable,November,M,38.0,Other,No time specified,Other/Unknown,Y
Mexico,Guerrero,Off Barra Vieja,Fishing,23-nov-2019,2019,Provoked,November,M,,Injury,15:00,Other/Unknown,N
Israel,,Haifa,Snorkeling,22-nov-2019,2019,Unprovoked,November,M,,No injury,No time specified,Other/Unknown,N
French Polynesia,Moorea,Afareitu Lagoonarium.,Feeding sharks,14-nov-2019,2019,Provoked,November,M,9.0,Injury,No time specified,Blacktip Shark,N
Usa,Florida,"Cocoa Beach, Brevard  County",Surfing,12-nov-2019,2019,Unprovoked,November,M,30.0,Injury,No time specified,Blacktip Shark,N
Mexico,Baja,Magdalena Bay,Snorkeling,11-nov-2019,2019,Unprovoked,November,M,23.0,Injury,No time specified,Other/Unknown,N
South Africa,Eastern Cape Province,East London,Kayaking fishing,09-nov-2019,2019,Watercraft,November,M,,No injury,06:50,White Shark,N
Usa,California,"San Onofre, San Diego County",Surfing,06-nov-2019,2019,Unprovoked,November,F,,Other,08:00,White Shark,N
Reunion Island,Saint-Gilles,L’Hermitage Lagoon,Snorkeling,02-nov-2019,2019,Questionable,November,M,44.0,Other,No time specified,Tiger Shark,Y
Australia,Queensland,"Off Airlie Beach, Whitsundays",Snorkeling,29-oct-2019,2019,Unprovoked,October,M,,Severe injury,10:20,Tiger Shark,N
Usa,Florida,"New Smyrna Beach, Volusia County",Surfing,27-oct-2019,2019,Provoked,October,M,32.0,Minor injury,12:45,Other/Unknown,N
Usa,California,"Cambria, San Luis Obispo County",Kayak fishing,25-oct-2019,2018,Unprovoked,October,M,,No injury,08:30,White Shark,N
French Polynesia,Moorea,Opunohu Bay,Snorkeling,21-oct-2019,2019,Unprovoked,October,F,35.0,Severe injury,11:30,White Shark,UNKNOWN
Australia,Queensland,"Woorim Beach, Bribie Island,",Surfing,17-oct-2019,2019,Unprovoked,October,M,17.0,No injury,17:30,Other/Unknown,N
Usa,Florida,"Fort Pierce, St. Lucie County",Surfing,08-oct-2019,2019,Unprovoked,October,M,20.0,Injury,12:00,Other/Unknown,N
Australia,New South Wales,Lighthouse Beach,Surfing,05-oct-2019,2019,Unprovoked,October,M,29.0,No injury,16:00,White Shark,N
Usa,California,"Ship Rock Near Catalina, Los Angeles County",Kayaking,05-oct-2019,2019,Watercraft,October,M,51.0,No injury,16:30,White Shark,N
Usa,Guam,Talofofo Bay,Surfing,reported 04-oct-2019,2019,Unprovoked,October,M,,Minor injury,No time specified,Other/Unknown,N
Australia,Northern Territory,"Nightcliff Jetty, Darwin",Fishing,28-sep-2019,2019,Provoked,September,M,45.0,Other,No time specified,Other/Unknown,N
Usa,Hawaii,"Kihei, South Maui",Surfing,26-sep-2019,2019,Unprovoked,September,F,,No injury,09:15,Other/Unknown,N
Usa,Florida,"Huguenot Park, Jacksonville, Duval County",Swimming,24-sep-2019,2019,Unprovoked,September,M,,Injury,17:00,Other/Unknown,N
Usa,Florida,"Satellite Beach, Brevard County",Surfing,24-sep-2019,2019,Unprovoked,September,M,13.0,Injury,16:30,Other/Unknown,N
Usa,Hawaii,"Haleiwa, Oahu",Snorkeling,18-sep-2019,2019,Unprovoked,September,Unknown,,Minor injury,10:40,Other/Unknown,N
Usa,South Carolina,"Isle Of Palms,  Charleston County",,15-sep-2019,2019,Unprovoked,September,F,22.0,Injury,No time specified,Other/Unknown,N
Australia,Western Australia,"Burns Beach, Perth",Spearfishing,07-sep-2019,2019,Unprovoked,September,M,,No injury,09:00,White Shark,N
Usa,Cayman Islands,Grand Cayman,Spearfishing,31-aug-2019,2019,Unprovoked,August,M,70.0,Injury,No time specified,Nurse Shark,N
Usa,Florida,"Jacksonville Beach, Duval County",,31-aug-2019,2019,Unprovoked,August,M,,Injury,No time specified,Other/Unknown,N
Usa,Florida,"New Smyrna Beach, Volusia County",Surfing,27-aug-2019,2019,Provoked,August,M,40.0,Injury,11:55,Other/Unknown,N
Usa,Florida,"Fort Lauderdale, Broward County",Wading,21-aug-2019,2019,Unprovoked,August,M,11.0,Injury,09:00,Other/Unknown,N
Usa,Hawaii,"Napoopoo Park In Kealakekua Bay, The Big Island",Swimming/ Treading water,20-aug-2019,2019,Unprovoked,August,F,26.0,Injury,08:00,Other/Unknown,N
Fiji,,Reef 40Km East Vanua Levu,Spearfishing,16-aug-2019,2019,Unprovoked,August,M,32.0,Injury,12:30,Other/Unknown,N
Usa,Florida,"New Smyrna Beach, Volusia County",Wading,16-aug-2019,2019,Unprovoked,August,M,9.0,Injury,11:00,Other/Unknown,N
Usa,Hawaii,"Makaha Beach, Oahu",Surfing,11-aug-2019,2019,Unprovoked,August,M,16.0,No injury,19:30,Other/Unknown,N
Usa,Florida,"New Smyrna Beach, Volusia County",Standing,04-aug-2019,2019,Unprovoked,August,M,51.0,Minor injury,15:00,Other/Unknown,N
Usa,Florida,"New Smyrna Beach, Volusia County",Surfing,03-aug-2019,2019,Unprovoked,August,F,21.0,Minor injury,16:00,Other/Unknown,N
Usa,Florida,"New Smyrna Beach, Volusia County",Surfing,03-aug-2019,2019,Unprovoked,August,M,20.0,Injury,15:30,Other/Unknown,N
Usa,Florida,Off Key Biscayne,Spearfishing / Diving,03-aug-2019,2019,Unprovoked,August,M,37.0,Injury,No time specified,Other/Unknown,N
Usa,Hawaii,Molokai Channel/,Swimming,29-jul-2019,2019,Unprovoked,July,M,49.0,Injury,22:20,Other/Unknown,N
Usa,North Carolina,"Off Cape Hatteras, Dare County",Fishing,30-jul-2019,2019,Provoked,July,M,,Injury,No time specified,Blacktip Shark,N
Usa,Florida,"New Smyrna Beach, Volusia County",Surfing,29-jul-2019,2019,Unprovoked,July,M,18.0,Injury,13:30,Other/Unknown,N
Australia,Queensland,Magra Islet,Snorkeling,28-jul-2019,2019,Unprovoked,July,F,,Injury,18:30,Other/Unknown,UNKNOWN
Usa,Florida,"New Smyrna Beach, Volusia County",Boogie boarding,27-jul-2019,2019,Unprovoked,July,M,49.0,Injury,16:30,Other/Unknown,N
Usa,Florida,"Jacksonville Beach, Duval County",Surfing,27-jul-2019,2019,Unprovoked,July,M,23.0,Injury,No time specified,Blacktip Shark,N
Usa,Rhode Island,"Moonstone Beach, South Kingstown, Washington County",Surfing,22-jul-2019,2019,Unprovoked,July,M,18.0,Injury,18:30,Tiger Shark,N
Usa,Florida,"Haulover Inlet, Miami-Dade County",Diving,18-jul-2019,2019,Unconfirmed,July,Unknown,,Unknown,No time specified,Other/Unknown,UNKNOWN
New Zealand,Chatham Islands,Pitt Island Or Chatham Island,Scuba diving,reported 17-jul-2019,2019,Unprovoked,July,M,45.0,No injury,No time specified,White Shark,N
Usa,North Carolina,"Sunset Beach, Brunswick County",Body-surfing,16-jul-2019,2019,Unprovoked,July,F,,Injury,16:30,Other/Unknown,N
Usa,Florida,"Amelia Island, Nassau County",Boogie boarding,12-jul-2019,2019,Unprovoked,July,F,16.0,Injury,07:30,Other/Unknown,N
South Africa,Eastern Cape Province,"East Beach, Port Alfred",Surfing,10-jul-2019,2019,Unprovoked,July,M,,Injury,10:30,White Shark,N
Australia,Queensland,"Pelican Waters, Caloundra",Paddle boarding,09-jul-2019,2019,Unprovoked,July,M,43.0,Injury,08:00,Bull Shark,N
Mexico,Quinta Roo,Cabo Catoche,Fishing,06-jul-2019,2019,Provoked,July,M,,Injury,No time specified,Other/Unknown,N
Bahamas,Abaco Islands,Great Guana Cay,Snorkeling,04-jul-2019,2019,Unprovoked,July,M,32.0,Unknown,17:30,Other/Unknown,N
Usa,Florida,"New Smyrna Beach, Volusia County",Surfing,30-jun-2019,2019,Unprovoked,June,M,18.0,Minor injury,16:30,Other/Unknown,N
Bahamas,Lucayan Archipelago,Rose Island,Snorkeling,26-jun-2019,2019,Unprovoked,June,F,21.0,Fatal,14:00,Other/Unknown,Y
Bahamas,Abaco Islands,,Spearfishing,21-jun-2019,2019,Unprovoked,June,M,,Injury,No time specified,Other/Unknown,N
Usa,North Carolina,"Bald Head Island, Brunswick County",Swimming,16-jun-2019,2019,Unprovoked,June,M,8.0,Injury,16:00,Other/Unknown,N
Bahamas,,Wells Cay,Snorkeling,17-jun-2019,2019,Unprovoked,June,M,50.0,Injury,No time specified,Other/Unknown,UNKNOWN
Usa,Georgia,"Wilmington River, Chatham County",Swimming,16-jun-2019,2019,Unprovoked,June,M,64.0,Injury,09:00,Bull Shark,N
Usa,North Carolina,"Ocean Isle, Brunswick County",Surfing,10-jun-2019,2019,Unprovoked,June,M,19.0,Injury,14:00,Other/Unknown,N
Australia,Tasmania,Maatsuyker Island,Abalone diving,reported 06-jun-2019,2019,Unprovoked,June,M,,No injury,No time specified,Other/Unknown,N
Australia,New South Wales,Lennox Head,Surfing,05-jun-2019,2019,Unverified,June,M,,Injury,13:00,Other/Unknown,N
Usa,North Carolina,"Fort Macon State Beach, Carteret County",Standing,02-jun-2019,2019,Unprovoked,June,F,17.0,Severe injury,12:20,Other/Unknown,N
New Caledonia,Bélep Islands,Cook Reef,Fishing,29-may-2019,2019,Unprovoked,May,M,43.0,Fatal,No time specified,Other/Unknown,Y
Usa,Hawaii,"Honokowai Point, Maui",Swimming,25-may-2019,2019,Unprovoked,May,M,65.0,Fatal,08:48,Other/Unknown,Y
New Caledonia,Noumea,Port South Marina,Swimming,25-may-2019,2019,Unprovoked,May,M,10.0,Severe injury,16:00,Bull Shark,N
Usa,New Jersey,"Ship Bottom, Ocean County",Body Boarding,20-may-2019,2019,Unprovoked,May,M,67.0,No injury,No time specified,Other/Unknown,N
Fiji,,Beqa,Scuba diving,17-may-2019,2019,Unprovoked,May,M,,Injury,No time specified,Tiger Shark,N
Usa,Hawaii,"Browns, Oahu",Surfing,14-may-2019,2019,Unprovoked,May,M,,No injury,08:30,Other/Unknown,N
Australia,Queensland,Yandaran Beach,Body Surfing,14-may-2019,2019,Unprovoked,May,M,53.0,Injury,16:21,Other/Unknown,N
Reunion Island,,Saint Leu,Surfing,09-may-2018,2019,Unprovoked,May,M,28.0,Fatal,16:26,Other/Unknown,Y
Usa,Hawaii,O'Ahu,Swimming with sharks,08-may-2019,2019,Unprovoked,May,F,34.0,Injury,09:00,Other/Unknown,N
Usa,California,"North Salmon Creek Beach, Sonoma County",Surfing,07-may-2019,2019,Unprovoked,May,F,28.0,No injury,No time specified,White Shark,N
Brazil,Fernando De Noronha,Praia De Porto,Fishing,04-may-2019,2019,Provoked,May,M,12.0,Injury,No time specified,Lemon Shark,N
Usa,Florida,"Off Boca Grande, Lee County",Fishing,01-may-2019,2019,Unprovoked,May,M,,Injury,18:45,Other/Unknown,N
Australia,New South Wales,Tomaree,Spearfishing,reported 27-apr-2019,2019,Unprovoked,April,M,18.0,Injury,14:00,Nurse Shark,N
Usa,Hawaii,"Anaehoomalu Bay, Hawaii",Kayaking,23-apr-2019,2019,Unprovoked,April,F,65.0,Injury,08:30,Tiger Shark,N
Usa,Florida,"Jacksonville Beach, Duval County",,21-apr-2019,2019,Unprovoked,April,M,25.0,Minor injury,17:30,Other/Unknown,N
Usa,Florida,"Crescent Beach, St Johns County",Boogie boarding,12-apr-2019,2019,Questionable,April,F,10.0,Minor injury,17:45,Other/Unknown,N
Usa,Hawaii,"North Koahala, Big Island",Picking opihi,06-apr-2019,2019,Questionable,April,M,58.0,Other,No time specified,Tiger Shark,N
Usa,Hawaii,Kaiwi Channel,Swimming,06-apr-2019,2019,Unprovoked,April,M,23.0,Injury,01:00,Other/Unknown,N
China,Liaoning Province,"Laohutan Ocean Park Aquarium, Dalian City",Diving in shark tank,05-apr-2019,2019,Provoked,April,F,,Injury,No time specified,Tiger Shark,N
Usa,Hawaii,Waikoloa Area,Paddling an outrigger canoe,26-mar-2019,2019,Watercraft,March,M,74.0,Injury,10:00,Other/Unknown,N
Australia,Queensland,Line Reef,Swimming,25-mar-2019,2019,Unprovoked,March,M,25.0,Injury,12:30,Other/Unknown,N
Usa,Florida,"Hobe Sound, Martin County",Surfing,22-mar-2019,2019,Unprovoked,March,M,46.0,Injury,16:00,Other/Unknown,N
Mexico,Guerrero,Troncones,Swimming,21-mar-2019,2019,Unprovoked,March,M,32.0,Injury,17:30,Other/Unknown,N
Usa,Hawaii,Kaiwi Channel,Swimming,16-mar-2019,2019,Unprovoked,March,M,58.0,Injury,03:00,Other/Unknown,N
Usa,Florida,"Stuart Beach, Martin County",Boogie boarding,12-mar-2019,2019,Unprovoked,March,M,11.0,Injury,14:00,Other/Unknown,N
Usa,Oregon,"Cape Kiwanda, Tillamook County",Surfing,05-mar-2019,2019,Unprovoked,March,M,,No injury,08:30,Other/Unknown,N
South Africa,Eastern Cape Province,30 Nm Off Port Elizabeth,Fishing,05-mar-2019,2019,Provoked,March,M,46.0,Injury,16:00,Other/Unknown,N
Usa,California,"Dog Beach, Huntington Beach",Surfing,18-feb-2018,2019,Unprovoked,February,M,,No injury,08:15,Other/Unknown,N
Australia,New South Wales,Belongil Bay,Surfing,17-feb-2019,2019,Unprovoked,February,M,41.0,Injury,06:40,Other/Unknown,N
Brazil,Fernando De Noronha,Cacimba Do Padre,Surfing,14-feb-2019,2019,Unprovoked,February,M,31.0,Minor injury,17:30,Lemon Shark,N
Australia,Northern Territory,Groote Eylandt,Spearfishing,10-feb-2019,2019,Unprovoked,February,M,25.0,Injury,No time specified,Other/Unknown,N
Usa,Hawaii,"Hanalei Bay, Kauai",Surfing,04-feb-2019,2019,Unprovoked,February,M,,Injury,13:40,Tiger Shark,N
Australia,New South Wales,Urunga Area,Surfing,04-feb-2019,2019,Unprovoked,February,M,50.0,No injury,06:15,Other/Unknown,N
South Africa,Kwazulu-Natal,Mtunzini,Fishing,02-feb-2019,2019,Watercraft,February,M,,Injury,No time specified,Other/Unknown,N
Usa,Florida,Key Biscayne,Spearfishing,02-feb-2019,2019,Unprovoked,February,M,50.0,Injury,10:00,Bull Shark,N
Reunion Island,,Sainte-Rose At The Mouth Of Riviere De L'Est,Fishing,30-jan-2019,2019,Unprovoked,January,M,41.0,Fatal,09:15,Other/Unknown,Y
New Zealand,South Island,Oreti Beach,Boogie boarding,29-jan-2019,2019,Invalid,January,F,17.0,Injury,No time specified,Other/Unknown,N
Australia,Western Australia,North Cottesloe,Swimming,14-jan-2019,2019,Unprovoked,January,F,15.0,Minor injury,11:30,Wobbegong Shark,N
Australia,Queensland,"Catseye Beach, Hamilton Island, Whitsundays",Wading,10-jan-2019,2019,Invalid,January,F,,Injury,09:30,Other/Unknown,N
Usa,California,"Sandspit Beach, Montaña De Oro State Park",Surfing,8-jan-2019,2019,Unprovoked,January,M,19.0,Injury,10:00,White Shark,N
Mexico,Sonora,Southeast Of Puerto Peñasco,Diving,18-dec-2018,2018,Unprovoked,December,M,35.0,Fatal,11:00,Tiger Shark,Y
Australia,New South Wales,,,15-dec-2018,2018,Provoked,December,M,48.0,Injury,11:00,Wobbegong Shark,N
New Zealand,North Island,Matauri Bay,Spearfishing,15-dec-2018,2018,Unprovoked,December,M,24.0,Injury,11:20,Other/Unknown,N
New Zealand,North Island,Ti Point,Spearfishing,09-dec-2018,2018,Unprovoked,December,M,50.0,No injury,08:00,Bronze Whaler Shark,N
Australia,New South Wales,Nambucca,Surfing,09-dec-2018,2018,Unprovoked,December,M,36.0,Injury,07:15,Other/Unknown,N
Australia,New South Wales,South Steyne,Surfing,28-nov-2018,2018,Unprovoked,November,M,,Injury,18:30,Wobbegong Shark,N
Usa,Florida,"Juno Beach, Palm Beach County",Surfing,24-nov-2018,2018,Unprovoked,November,M,48.0,Injury,17:00,Other/Unknown,N
Australia,Northern Territory,Off Nhulunbuy,Spearfishing,18-nov-2018,2018,Unprovoked,November,M,17.0,Severe injury,10:00,Other/Unknown,N
Australia,New South Wales,"7 Mile Beach, Gerroa",Surfing,17-nov-2018,2018,Unprovoked,November,M,24.0,Injury,13:00,Other/Unknown,N
Australia,Queensland,Moffat Beach,Kayaking,14-nov-2018,2018,Watercraft,November,M,31.0,No injury,06:50,Tiger Shark,N
South Africa,Kwazulu-Natal,Tinley Manor,Fishing,11-nov-2018,2018,Unprovoked,November,M,41.0,No injury,No time specified,White Shark,N
Australia,Western Australia,"Pyramids Beach, Mandurah",Body Boarding,11-nov-2018,2018,Unprovoked,November,M,20.0,Injury,08:40,Tiger Shark,N
Bahamas,Exumas,Compass Cay,Swimming,09-nov-2018,2018,Unprovoked,November,M,8.0,Injury,13:30,Nurse Shark,N
Australia,New South Wales,"Shelly Beach, Ballina",Surfing,07-nov-2018,2018,Unprovoked,November,M,42.0,Injury,06:45,Other/Unknown,N
Australia,Queensland,"Cid Harbor, Whitsundays",Swimming,05-nov-2018,2018,Unprovoked,November,M,33.0,Fatal,17:30,Other/Unknown,Y
Egypt,,Brothers' Island,Scuba diving,03-nov-2018,2018,Unprovoked,November,M,,Other,No time specified,White Shark,N
Australia,Western Australia,"Guillotines Surf Break, Shire Of Augusta Margaret River",Surfing,24-oct-2018,2018,Unprovoked,October,M,,No injury,09:00,Other/Unknown,N
Usa,Florida,"Near Patrick Afb, Brevard County",Surfing,23-oct-2018,2018,Unprovoked,October,F,,Injury,No time specified,Other/Unknown,N
Usa,Florida,"Ponce Inlet, Volusia County",Surfing,23-oct-2018,2018,Unprovoked,October,M,29.0,Minor injury,No time specified,Other/Unknown,N
Usa,California,Farallon Islands,Diving / Filming,23-oct-2018,2018,Unprovoked,October,M,,Injury,No time specified,White Shark,N
Australia,New South Wales,Samurai Beach,Body Surfing,19-oct-2018,2018,Unprovoked,October,M,50.0,Injury,07:00,Bull Shark,N
New Zealand,North Island,Baylys Beach,Surfing,19-oct-2018,2018,Unprovoked,October,M,25.0,Severe injury,18:00,White Shark,N
Samoa,Upolo,,Surf skiing,reported 16-oct-2018,2018,Watercraft,October,M,,No injury,No time specified,Other/Unknown,N
Australia,Western Australia,Two Rocks Near Three Mile Reef,Spearfishing,13-oct-2018,2018,Questionable,October,M,,No injury,12:00,White Shark,N
Usa,Florida,"Bethune Beach, Volusia County",Surfing,11-oct-2018,2018,Unprovoked,October,F,,Other,No time specified,Other/Unknown,N
Australia,Queensland,Swain Reef,Fishing,08-oct-2018,2018,Provoked,October,M,55.0,Injury,No time specified,Other/Unknown,N
Usa,California,"Beacons Beach, San Diego County",Diving,29-sep-2018,2018,Unprovoked,September,M,13.0,Injury,06:55,White Shark,N
Australia,Northern Territory,Groote Eylandt,,28-sep-2018,2018,Unprovoked,September,M,17.0,Injury,No time specified,Bull Shark,N
Usa,California,Humboldt County,Fishing,27-sep-2018,2018,Watercraft,September,M,55.0,No injury,15:00,White Shark,N
Fiji,Vanua Levu,Cakau Levu,Diving,23-sep-2018,2018,Provoked,September,M,,Minor injury,15:00,Nurse Shark,N
Bahamas,Abaco Islands,Treasure Cay,Spearfishing,23-sep-2018,2018,Unprovoked,September,F,32.0,Injury,13:42,Blacktip Shark,N
Usa,Florida,"Jacksonville Beach, Duval County",,20-sep-2018,2018,Questionable,September,F,,Injury,12:00,Other/Unknown,N
Jamaica,St. Marys Parish,James Bond Beach,Spearfishing,19-sep-2018,2018,Unprovoked,September,M,43.0,Fatal,No time specified,Other/Unknown,Y
Australia,Queensland,"Cid Harbor, Whitsundays",Swimming,20-sep-2018,2018,Unprovoked,September,F,12.0,Injury,13:45,Other/Unknown,N
Australia,Queensland,"Cid Harbor, Whitsundays",Swimming,19-sep-2018,2018,Unprovoked,September,F,46.0,Injury,17:00,Other/Unknown,N
Usa,Massachusetts,"Newcomb Hollow Beach, Wellfleet, Barnstable County",Boogie boarding,15-sep-2018,2018,Unprovoked,September,M,26.0,Fatal,12:00,White Shark,Y
Usa,Florida,"Ponce Inlet, Volusia County",Surfing,08-sep-2018,2018,Unprovoked,September,M,39.0,Injury,13:15,Other/Unknown,N
Usa,Hawaii,"Pounders Beach, Oahu",Stand-Up Paddleboarding,08-sep-2018,2018,Unprovoked,September,M,23.0,Injury,08:30,Tiger Shark,N
Usa,Florida,"Fort Pierce, St. Lucie County",Surfing,07-sep-2018,2018,Unprovoked,September,M,,Injury,09:29,Other/Unknown,N
Ireland,County Cork,,Fishing,01-sep-2018,2018,Provoked,September,M,40.0,Injury,18:00,Other/Unknown,N
Bahamas,,,Diving,reported 28-aug-2018,2018,Unprovoked,August,M,,Injury,No time specified,Lemon Shark,N
Usa,California,"Huntington Beach, Orange County",Swimming,24-aug-2018,2018,Unprovoked,August,M,14.0,No injury,20:00,Other/Unknown,N
Bahamas,Abaco Islands,Carter'S Cay,Spearfishing,20-aug-2018,2018,Unprovoked,August,M,29.0,Injury,No time specified,Other/Unknown,N
Usa,North Carolina,"Atlantic Beach, Carteret  County",Surfing,18-aug-2018,2018,Unprovoked,August,M,14.0,Injury,10:47,Other/Unknown,N
Italy,"Chieti, Province",Torino Di Sangro,Playing,18-aug-2018,2018,Unprovoked,August,M,24.0,Injury,No time specified,Other/Unknown,N
Bahamas,Abaco Islands,"Coco Bay, Green Turtle Cay",Standing,15-aug-2018,2018,Unprovoked,August,F,56.0,Injury,08:30,Nurse Shark,N
Usa,Maryland,"Rhode River, Chesapeake Bay",,15-aug-2018,2018,Questionable,August,M,,Minor injury,No time specified,Other/Unknown,N
Usa,Massachusetts,"Longnook Beach, Truro, Barnstable County",Swimming,15-aug-2018,2018,Unprovoked,August,M,61.0,Injury,16:00,White Shark,N
Usa,Texas,"Crystal Beach, Galveston  County",Spearfishing,09-aug-2018,2018,Unprovoked,August,M,42.0,Injury,10:00,Bull Shark,N
Usa,North Carolina,"Bald Head Island, Brunswick County",Standing,05-aug-2018,2018,Unprovoked,August,M,16.0,Injury,No time specified,Blacktip Shark,N
Usa,North Carolina,"Bald Head Island, Brunswick County",Swimming/Standing,05-aug-2018,2018,Unprovoked,August,F,,Injury,10:30,Other/Unknown,N
Egypt,,Marsa Alam,Snorkeling,03-aug-2018,2018,Unprovoked,August,M,42.0,Fatal,15:00,Tiger Shark,Y
Usa,Florida,"St Augustine, St Johns County",Surfing,29-jul-2018,2018,Unprovoked,July,M,14.0,Minor injury,No time specified,Other/Unknown,N
China,Guizhou Province,Shopping Mall Aquarium In Guiyang City,Putting hand in shark tank,24-jul-2018,2018,Provoked,July,F,6.0,Injury,No time specified,Other/Unknown,N
Usa,New York,"Atlantique Beach, Fire Island, Suffolk County",Boogie Boarding,18-jul-2018,2018,Unprovoked,July,M,13.0,Minor injury,12:00,Tiger Shark,N
Usa,New York,"Sailors Haven, Fire Island, Suffolk County",Wading,18-jul-2018,2018,Unprovoked,July,F,12.0,Injury,11:15,Tiger Shark,N
Usa,Texas,Galveston,Surfing,reported 16-jul-2018,2018,Invalid,July,F,,Injury,18:00,Other/Unknown,UNKNOWN
Colombia,San Andres And Providencia Archipelago,Provencia,Fishing,15-jul-2018,2018,Invalid,July,M,62.0,Injury,No time specified,Other/Unknown,UNKNOWN
Usa,California,"Trinidad Beach, Huboldt County",Wading,14-jul-2018,2018,Provoked,July,F,58.0,Other,14:11,Other/Unknown,N
Usa,Florida,"Playalinda Beach, Brevard County",Surfing,14-jul-2018,2018,Under Investigation,July,F,14.0,Injury,13:30,Other/Unknown,N
Usa,Florida,"Fernandina Beach, Nassau County",Wading,13-jul-2018,2018,Unprovoked,July,M,17.0,Injury,15:40,Other/Unknown,N
Usa,Florida,"Fernandina Beach, Nassau County",Surfing,13-jul-2018,2018,Unprovoked,July,M,30.0,Injury,15:35,Other/Unknown,N
Usa,Florida,"New Smyrna Beach, Volusia County",Surfing,11-jul-2018,2018,Unprovoked,July,M,14.0,Minor injury,11:30,Other/Unknown,N
Bahamas,The Exuma Cays,Staniel Cay,Floating,reported 09-jul-2018.,2018,Unprovoked,July,F,19.0,Minor injury,No time specified,Nurse Shark,N
Usa,Florida,"John Pennekamp Coral Reef State Park, Monroe County",Snorkeling,07-jul-2018,2018,Invalid,July,M,,Injury,13:30,Other/Unknown,N
Usa,South Carolina,Myrtle Beach,Boogie boarding,02-jul-2018,2018,Unprovoked,July,F,11.0,Minor injury,14:40,Other/Unknown,N
Usa,California,"Oceanside, San Diego County",Paddling,25-jun-2018,2018,Watercraft,June,F,57.0,No injury,18:00,White Shark,N
Usa,Florida,"Near The Bahia Honda Bridge, Monroe County",Fishing,18-jun-2018,2018,Provoked,June,M,,Injury,No time specified,Nurse Shark,N
Usa,Georgia,"St. Simon Island, Glynn County",Standing,18-jun-2018,2018,Unprovoked,June,F,11.0,Minor injury,14:00,Other/Unknown,N
Usa,Hawaii,"Habush, Oahu",Surfing,09-jun-2018,2018,Invalid,June,M,48.0,Injury,07:45,Other/Unknown,N
Australia,New South Wales,Arrawarra Headland,Surfing,08-jun-2018,2018,Unprovoked,June,M,,Minor injury,No time specified,Other/Unknown,N
Mexico,Colima,La Ticla,Free diving,04-jun-2018,2018,Provoked,June,M,,Injury,No time specified,Tiger Shark,N
Australia,New South Wales,"Flat Rock, Ballina",Kite surfing,03-jun-2018,2018,Unprovoked,June,M,,No injury,No time specified,Other/Unknown,N
Brazil,Pernambuco,"Piedade Beach, Recife",Swimming,03-jun-2018,2018,Unprovoked,June,M,18.0,Fatal,No time specified,Tiger Shark,Y
Egypt,,Brothers Island,Scuba Diving,jun-1018,2018,Unprovoked,June,M,,Injury,No time specified,White Shark,N
Usa,Florida,"Lighhouse Point Park, Ponce Inlet, Volusia County",Fishing,27-may-2018,2018,Provoked,May,M,52.0,Minor injury,No time specified,Lemon Shark,N
Usa,Florida,"Cocoa Beach, Brevard  County",Walking,26-may-2018,2018,Unprovoked,May,M,15.0,Injury,17:00,Bull Shark,N
Usa,Florida,"Daytona Beach, Volusia County",Standing,26-may-2018,2018,Unprovoked,May,M,12.0,Minor injury,14:00,Other/Unknown,N
Australia,Queensland,Cairns Aquarium,Feeding sharks,24-may-2018,2018,Provoked,May,M,32.0,Minor injury,No time specified,Other/Unknown,N
Usa,South Carolina,"Isle Of Palms,  Charleston County",Boogie boarding,21-may-2018,2018,Unprovoked,May,M,10.0,Injury,No time specified,Other/Unknown,N
Usa,South Carolina,"Hilton Head Island, Beaufort County",Swimming,13-may-2018,2018,Unprovoked,May,M,10.0,Severe injury,15:00,Other/Unknown,N
England,Cornwall,Off Land'S End,Fishing,13-may-2018,2018,Invalid,May,M,21.0,Injury,08:15,Other/Unknown,N
Australia,Westerm Australia,Dugong Bay,Feeding sharks,may 2018,2018,Provoked,May,F,34.0,Injury,No time specified,Nurse Shark,N
South Africa,Eastern Cape Province,"Nahoon Beach, East London",Surfing,12-may-2018,2018,Unprovoked,May,M,,Minor injury,11:00,Other/Unknown,N
Australia,New South Wales,"Sharpes Beach, Ballina",Surfing,09-may-2018,2018,Questionable,May,M,,No injury,10:30,Other/Unknown,N
Thailand,Hua Hin,Sai Noi Beach,Swimming,reported 30-apr-2018,2018,Unprovoked,April,M,,Minor injury,No time specified,Other/Unknown,N
Usa,Texas,Galveston Bay,Fishing,28-apr-2018,2018,Provoked,April,M,,Injury,No time specified,Tiger Shark,N
Costa Rica,Cocos Island,Manuelita,Scuba diving,28-apr-2018,2018,Unprovoked,April,M,30.0,No injury,10:40,Tiger Shark,N
Australia,Western Australia,Gearys Beach,Surfing,28-apr-2018,2018,Unprovoked,April,M,,No injury,16:50,Other/Unknown,N
Australia,New South Wales,Lennox Head,Surfing,25-apr-2018,2018,Questionable,April,M,,No injury,07:00,Other/Unknown,N
Australia,Western Australia,"Surfers Point, Prevelly",Surfing,25-apr-2018,2018,Unprovoked,April,M,60.0,No injury,09:30,Other/Unknown,N
Australia,Western Australia,"South Point, Gracetown",Surfing,24-apr-2018,2018,Unprovoked,April,M,,No injury,No time specified,White Shark,N
Maldives,Alifu Alifu Atoll,Madoogali,Fishing,23-apr-2018,2018,Unprovoked,April,M,32.0,Injury,21:50,Tiger Shark,N
South Africa,Western Cape Province,"Robberg Beach, Plettenberg Bay",Surf-skiing,22-apr-2018,2018,Unprovoked,April,M,33.0,No injury,09:40,White Shark,N
Usa,Hawaii,"Shipwreck’S Beach, Keoneloa Bay, Kauai",Body boarding,19-apr-2018,2018,Unprovoked,April,M,29.0,Injury,No time specified,Other/Unknown,N
Thailand,Hua Hin,Sai Noi Beach,Swimming,15-apr-2018,2018,Unprovoked,April,M,54.0,Injury,No time specified,Bull Shark,N
Brazil,Pernambuco,Piedade,Swimming,15-apr-2018,2018,Unprovoked,April,M,34.0,Severe injury,No time specified,Other/Unknown,UNKNOWN
Australia,Western Australia,"Lefthanders, Margaret River Area",Surfing,15-apr-2018,2018,Unprovoked,April,M,41.0,Injury,No time specified,Other/Unknown,N
Australia,Western Australia,"Cobblestones, Margaret River Area",Surfing,15-apr-2018,2018,Unprovoked,April,M,37.0,Injury,08:00,Other/Unknown,N
Bahamas,New Providence,Nirvana Beach,Surfing,14-apr-2018,2018,Unprovoked,April,M,,No injury,09:30,Tiger Shark,N
Brazil,Alagoas,"Praia De Sauaçuhy, Maceió",Fishing,reported 10-apr-2018,2018,Invalid,April,M,56.0,Injury,No time specified,Other/Unknown,N
New Caledonia,,"Magenta Beach, Noumea",Foilboarding,09-apr-2018,2018,Unprovoked,April,M,17.0,No injury,17:00,Other/Unknown,N
Bahamas,,Bimini,Swimming,05-apr-2018,2018,Unprovoked,April,M,12.0,Minor injury,18:00,Bull Shark,N
South Africa,Eastern Cape Province,St. Francis Bay,Surfing,03-apr-2018,2018,Unprovoked,April,M,19.0,Injury,15:00,White Shark,N
Usa,Hawaii,Kukio Beach,Stand-Up Paddleboarding,31-mar-2018,2018,Unprovoked,March,M,25.0,Injury,09:30,Tiger Shark,N
Australia,Western Australia,Waterman'S Bay,Wading,14-mar-2018,2018,Unprovoked,March,M,10.0,Minor injury,17:35,Wobbegong Shark,N
Australia,Victoria,Lorne,Swimming,9-mar-2018,2018,Unprovoked,March,M,69.0,No injury,15:30,Other/Unknown,N
Australia,Victoria,Winkipop,Surfing,9-mar-2018,2018,Unprovoked,March,M,18.0,Minor injury,07:30,Other/Unknown,N
South Africa,Kwazulu-Natal,Durban,Scuba Diving,24-feb-2018,2018,Unprovoked,February,M,38.0,Injury,No time specified,Blacktip Shark,N
Australia,New South Wales,"Little Congwong Beach, La Perouse",Swimming,23-feb-2018,2018,Unprovoked,February,F,55.0,Injury,19:00,White Shark,N
Australia,Victoria,Westernport Bay,Fishing,18-feb-2018,2018,Provoked,February,M,34.0,No injury,No time specified,Other/Unknown,N
Australia,New South Wales,"Surf Beach, Kiama",Walking,15-feb-2018,2018,Unprovoked,February,M,35.0,Injury,16:00,Bull Shark,N
Australia,Queensland,Mooloolaba Beach,Swimming,14-feb-2018,2018,Invalid,February,F,,No injury,18:00,Wobbegong Shark,N
Brazil,"Boi Island, Victoria",Espirito Santo,Cleaning fish,11-feb-2018,2018,Invalid,February,F,46.0,Injury,No time specified,Other/Unknown,N
Ecuador,Galapagos Islands,Santa Fe Island,Snorkeling,03-feb-2018,2018,Unprovoked,February,M,45.0,Injury,No time specified,Other/Unknown,N
Australia,Western Australia,"Avalon Point, Manurah",Spearfishing,01-feb-2018,2018,Invalid,February,M,14.0,No injury,No time specified,Other/Unknown,N
Australia,Western Australia,Cone Bay,,28-jan-2018,2018,Unprovoked,January,M,18.0,Injury,08:00,Bull Shark,N
New Caledonia,,Nouville,Spearfishing,21-jan-2018,2018,Unprovoked,January,M,,Injury,15:30,Bull Shark,N
French Polynesia,,"Makemo Atoll,",Surfing,17 jan-2018,2018,Unprovoked,January,M,45.0,Injury,08:00,Lemon Shark,N
Australia,Queensland,Lizard Island,Diving,14-jan-2018,2018,Unprovoked,January,M,,Severe injury,15:01,Other/Unknown,N
Australia,New South Wales,Martin Islet,Free diving,13-jan-2018,2018,Unprovoked,January,M,28.0,No injury,No time specified,White Shark,N
Brazil,Fernando De Noronha,Conceicao Beach,Surfing,12-jan-2018,2018,Unprovoked,January,M,20.0,Minor injury,No time specified,Other/Unknown,N
Australia,Western Australia,"South Point, Gracetown",Surfing,05-jan-2018,2018,Unprovoked,January,M,,Injury,No time specified,Wobbegong Shark,N
Usa,Hawaii,"Hultin'S Beach, Oahu",Surfing,31-dec-2017,2017,Unprovoked,December,F,54.0,Severe injury,18:00,Tiger Shark,N
Usa,California,"Drakes Estero, Point Reyes, Marin County",Surfing,30-dec-2017,2017,Unprovoked,December,F,35.0,Injury,12:00,Other/Unknown,N
Malaysia,Sepang,Bagan Lalang Beach,Fishing / Wading,21-dec-2017,2017,Provoked,December,M,24.0,Minor injury,No time specified,Nurse Shark,N
Bahamas,,,Snorkeling,09-dec-2017,2017,Unprovoked,December,F,25.0,Minor injury,No time specified,Nurse Shark,N
Australia,New South Wales,Booti Booti National Park,Surfing,01-dec-2017,2017,Unprovoked,December,M,62.0,Other,10:00,White Shark,N
Costa Rica,Cocos Island,Manuelita,Scuba Diving,30-nov-2017,2017,Unprovoked,November,M,26.0,Injury,No time specified,Tiger Shark,N
Costa Rica,Cocos Island,Manuelita,Scuba diving,30-nov-2017,2017,Unprovoked,November,F,49.0,Fatal,No time specified,Tiger Shark,Y
Libya,,Gars Garabulli,2 boats capsized,reported 25-nov-2017,2017,Sea Disaster,November,Unknown,,Fatal,No time specified,Other/Unknown,Y
Usa,California,"Stillwater Cove, Monterey County",Spearfishing,24-nov-2017,2017,Unprovoked,November,M,25.0,Injury,13:45,White Shark,N
Usa,Florida,"Floridana Beach, Brevard County",Surfing,18-nov-2017,2017,Unprovoked,November,F,14.0,Injury,No time specified,Other/Unknown,N
,,,Surfing,reported 13-nov-2017,2017,Unprovoked,November,M,24.0,Injury,No time specified,Other/Unknown,N
Australia,New South Wales,Avoca Beach,Surfing,13-nov-2017,2017,Unprovoked,November,M,25.0,Injury,16:00,Other/Unknown,N
Cuba,Holquin Province,Guardalavaca Beach,Night bathing,04-nov-2017,2017,Unprovoked,November,M,22.0,Fatal,23:30,Tiger Shark,Y
Usa,Hawaii,Makaha,Surfing,02-nov-2017,2017,Unprovoked,November,M,,Minor injury,14:15,Other/Unknown,N
Australia,Queensland,Magnetic Island,Snorkeling,reported 31-oct-2017,2017,Unprovoked,October,M,7.0,Injury,No time specified,Other/Unknown,N
Australia,New South Wales,Birubi Point,Surfing,28-oct-2017,2017,Unprovoked,October,M,31.0,Minor injury,09:00,Wobbegong Shark,N
Usa,Hawaii,"White Plains Beach, Oahu",Stand-Up Paddleboarding,26-oct-2017,2017,Unprovoked,October,M,,No injury,15:00,Other/Unknown,N
Mauritius,Pamplemousses,Le Goulet,Swimming,23-oct-2017,2017,Unprovoked,October,M,,Minor injury,No time specified,Other/Unknown,N
Usa,Florida,"Juno Beach, Palm Beach County",Surfing,23-oct-2017,2017,Unprovoked,October,M,17.0,Injury,17:00,Other/Unknown,N
Usa,Florida,"Ocean Reef Park, Singer Island, Palm Beach County",Swimming,23-oct-2017,2017,Unprovoked,October,F,60.0,Severe injury,08:00,Other/Unknown,N
Australia,South Australia,Normanville,Kayaking / Fishing,22-oct-2017,2017,Unprovoked,October,F,15.0,Minor injury,No time specified,White Shark,N
New Zealand,North Island,"Off Tapuna Beach, Auckand",Kayaking,21-oct-2017,2017,Watercraft,October,M,,No injury,09:00,Other/Unknown,N
Usa,Florida,"Lantana Beach, Palm Beach County",Swimming,18-oct-2017,2017,Unprovoked,October,M,,Injury,14:30,Other/Unknown,N
Usa,Hawaii,"Davidsons Beach, Kekaha, Kauai",Surfing,09-oct-2017,2017,Unprovoked,October,M,54.0,Injury,18:30,Tiger Shark,N
Usa,Hawaii,"Kama‘Ole Beach Park, Maui",Snorkeling,05-oct-2017,2017,Unprovoked,October,F,40.0,Minor injury,12:30,Other/Unknown,N
South Africa,Western Cape Province,Dyer Island,Scuba Diving,01-oct-2017,2017,Invalid,October,M,31.0,Fatal,No time specified,Other/Unknown,UNKNOWN
Usa,Florida,"Hanna Park, Jacksonville, Duval County",Surfing,25-sep-2017,2017,Unprovoked,September,M,,Injury,No time specified,Other/Unknown,N
Australia,Western Australia,Gracetown,Surfing,25-sep-2017,2017,Unprovoked,September,M,,No injury,18:00,White Shark,N
Usa,New York,Rockaway,Surfing,24-sep-2017,2017,Invalid,September,M,33.0,Injury,15:30,Other/Unknown,UNKNOWN
Usa,Florida,Fort Worth,Surfing,24-sep-2017,2017,Unprovoked,September,M,,Injury,14:00,Other/Unknown,N
Usa,Florida,Palm Beach County,Surfing,20-sep-2017,2017,Unprovoked,September,M,,Minor injury,No time specified,Other/Unknown,N
Spain,Canary Islands,Gran Canaria,Body surfing,16-sep-2017,2017,Unprovoked,September,M,13.0,Injury,No time specified,Other/Unknown,N
Usa,Florida,"Ponce Inlet, Volusia County",Surfing,16-sep-2017,2017,Unprovoked,September,M,28.0,Injury,16:30,Other/Unknown,N
South Africa,Western Cape Province,Hawston,Scuba Diving,15-sep-2017,2017,Invalid,September,M,25.0,Fatal,No time specified,Other/Unknown,UNKNOWN
Samoa,Upolu Island,Nofoali’I,Fishing,15-sep-2017,2017,,September,M,,Injury,No time specified,Other/Unknown,N
Australia,Westerm Australia,Esperance,Fishing,sep-2017,2017,Watercraft,September,Unknown,,No injury,No time specified,White Shark,N
Usa,Florida,"Ponce Inlet, Volusia County",Surfing,13-sep-2017,2017,Unprovoked,September,M,18.0,Injury,18:45,Other/Unknown,N
Australia,Westerm Australia,Sam'S Creek Area,Swimming,10-sep-2017,2017,Unprovoked,September,M,,Minor injury,15:00,Other/Unknown,N
Australia,New South Wales,Iluka Beach,Surfing,10-sep-2017,2017,Unprovoked,September,M,35.0,Minor injury,06:00,White Shark,N
Solomon Islands,,Owarigi Island,Spearfishing,reported 06-sep-2017,2017,Unprovoked,September,M,,Injury,No time specified,Other/Unknown,N
South Africa,Western Cape Province,Dyer Island,"Swimming, poaching abalone",03-sep-2017,2017,Unprovoked,September,M,,Fatal,No time specified,Other/Unknown,Y
Japan,Shizuoka Prefecture,Iwata City,Surfing,03-sep-2017,2017,Unprovoked,September,M,42.0,Injury,10:00,Other/Unknown,N
Usa,Florida,"Marathon, Monroe County",Swimming,02-sep-2017,2017,Unprovoked,September,M,,Injury,No time specified,Nurse Shark,N
Usa,Texas,"South Padre Island, Cameron County",Swimming,02-sep-2017,2017,Unprovoked,September,F,,Injury,No time specified,Other/Unknown,N
Usa,Florida,"New Smyrna Beach, Volusia County",Surfing,02-sep-2017,2017,Unprovoked,September,M,17.0,Minor injury,10:44,Other/Unknown,N
Australia,Victoria,Cathedral Rock,Surfing,29-aug-2017,2017,Unprovoked,August,M,37.0,No injury,10:30,White Shark,N
Usa,Florida,Bathtub Beach,Wading,27-aug-2017,2017,Unprovoked,August,F,3.0,Injury,13:19,Other/Unknown,N
Spain,Castellón,Grao De Moncofa,Swimming,26-aug-2017,2017,Invalid,August,F,11.0,Injury,No time specified,Other/Unknown,UNKNOWN
New Zealand,North Island,Off Tutukaka,Canoeing,26-aug-2017,2017,Watercraft,August,M,,No injury,No time specified,Other/Unknown,N
Usa,Massachusetts,"Marconi Beach, Wellfleet, Barnstable County",SUP,23-aug-2017,2017,Unprovoked,August,M,69.0,Injury,10:00,White Shark,N
Bahamas,,,Spearfishing,18-aug-2017,2017,Unprovoked,August,M,,Injury,15:00,Other/Unknown,N
Usa,South Carolina,"Sea Pines Resort, Hilton Head Island, Beaufort County",Swimming,10-aug-2017,2017,Unprovoked,August,M,13.0,Minor injury,13:30,Blacktip Shark,N
Egypt,Red Sea Protectorate,Marsa Ghalib,Snorkeling,05-aug-2017,2017,Unprovoked,August,F,20.0,Injury,No time specified,White Shark,N
Usa,Massachusetts,"Menauhant Beach, Falmouth,
Barnstable County",Fishing,03-aug-2017,2017,Provoked,August,M,34.0,Injury,23:30,Other/Unknown,N
Usa,California,"Between Pescadero Point & Bean Hollow Beach, San Mateo County",Fishing,01-aug-2017,2017,Watercraft,August,M,,No injury,10:45,White Shark,N
Usa,Florida,"Jacksonvlle, Duval County",Skimboarding,31-jul-2017,2017,Unprovoked,July,M,15.0,Injury,18:30,Other/Unknown,N
Usa,South Carolina,"Hilton Head Island, Beaufort County",Swimming,29-jul-2017,2017,Invalid,July,M,10.0,Minor injury,15:00,Other/Unknown,UNKNOWN
Usa,South Carolina,"Debordieu Colony, Georgetown County",,29-jul-2017,2017,Unprovoked,July,F,12.0,Minor injury,No time specified,Other/Unknown,N
Bahamas,New Providence District,Rose Island,Snorkeling,27-jul-2017,2017,Unprovoked,July,F,,Injury,No time specified,Other/Unknown,N
Bahamas,40 Miles Off Grand Bahama Island,,Spearfishing,reported 26-jul-2017,2017,Unprovoked,July,M,,Severe injury,No time specified,Other/Unknown,N
"St Helena, British Overseas Territory",Ascension Island,English Bay,Surfing,24-jul-2017,2017,Unprovoked,July,M,37.0,Injury,17:00,Other/Unknown,N
Usa,New Jersey,Ventnor,,23-jul-2017,2017,Unprovoked,July,F,,Minor injury,No time specified,Tiger Shark,N
Spain,Majorca,"Estanys Beach, Colonia De Sant",Swimming,23-jul-2017,2017,Unprovoked,July,F,,Minor injury,No time specified,Other/Unknown,N
Usa,Florida,"Snipes Point, Monroe County",,22-jul-2017,2017,Unprovoked,July,F,40.0,Injury,12:30,Other/Unknown,N
Usa,South Carolina,"Hilton Head Island, Beaufort County",Swimming,20-jul-2017,2017,Invalid,July,F,8.0,Injury,No time specified,Other/Unknown,UNKNOWN
Usa,California,"Stearns Wharf, Santa Barbara",Kayaking,20-jul-2017,2017,Watercraft,July,M,40.0,No injury,11:20,White Shark,N
Usa,California,"Seal Rock, Goleta Beach, Santa Barbara",SUP,20-jul-2017,2017,Unprovoked,July,M,50.0,No injury,07:45,White Shark,N
Usa,Washington,"South Beach, Westport, Grays Harbor County",Surfing,14-jul-2017,2017,Unprovoked,July,M,,No injury,18:30,White Shark,N
Australia,Western Australia,Floreat Beach,Surfing,14-jul-2017,2017,Unprovoked,July,M,,Minor injury,11:45,Other/Unknown,N
Usa,California,"Santa Cruz, Santa Cruz County",Kayaking,11-jul-2017,2017,Watercraft,July,M,,No injury,11:00,White Shark,N
Usa,Florida,"Haulover Beach, Miami-Dade County",Swimming,09-jul-2017,2017,Unprovoked,July,M,46.0,Injury,15:30,Bull Shark,N
Mexico,Tabasco,"Sánchez Magallanes, Cárdenas",Fishing,reported 07-jul-2017,2017,Provoked,July,M,32.0,Injury,No time specified,Tiger Shark,N
South Africa,Eastern Cape Province,"Nahoon Reef, East London",Surfing,07-jul-2017,2017,Unprovoked,July,F,13.0,No injury,15:00,White Shark,N
Comoros,Anjouan,Moya,Fishing,02-jul-2017,2017,Invalid,July,Unknown,,Other,No time specified,Other/Unknown,UNKNOWN
Usa,South Carolina,Wrightsville Beach,Fishing,29-jun-2017,2017,Invalid,June,M,,Injury,19:30,Other/Unknown,UNKNOWN
Usa,South Carolina,"South Forest Beach, Hilton Head Island, Beaufort County",Swimming,21-jun-2017,2017,Unprovoked,June,F,16.0,Injury,No time specified,Other/Unknown,N
Usa,Florida,"Singer Island, Palm Beach County",Surfing,19-jun-2017,2017,Unprovoked,June,M,,Injury,No time specified,Other/Unknown,N
Usa,South Carolina,"Burkes Beach, Hilton Head, Beaufort County",Swimming,18-jun-2017,2017,Unprovoked,June,F,14.0,Injury,No time specified,Bull Shark,N
Reunion,,Roches Noire,Body boarding,18-jun-2017,2017,Unprovoked,June,M,34.0,No injury,10:00,Bull Shark,N
Spain,Ibiza Island,Playa D’En Bossa,Swimming,17-jun-2017,2017,Unprovoked,June,M,82.0,Injury,12:00,Other/Unknown,N
French Polynesia,Marquesas,"Atuona Bay, Hiva Oa Island",Surfing,2017.06.05,2017,Unprovoked,June,M,,Injury,No time specified,Other/Unknown,N
Bahamas,,,Feeding sharks,reported 14-jun-2017,2017,Unprovoked,June,F,,Other,No time specified,Other/Unknown,N
Australia,Western Australia,"Point Casuarina, Bunbury",Body boarding,11-jun-2017,2017,Unprovoked,June,M,48.0,No injury,08:30,White Shark,N
Australia,Victoria,"Flinders, Mornington Penisula",Surfing,10-jun-2017,2017,Unprovoked,June,F,,No injury,15:45,Other/Unknown,N
Usa,Florida,"Ponce Inlet, Volusia County",Surfing,10-jun-2017,2017,Unprovoked,June,M,19.0,Injury,10:00,Other/Unknown,N
United Kingdom,South Devon,Bantham Beach,Surfing,reported 07-jun-2017,2017,Unprovoked,June,M,30.0,Injury,No time specified,Other/Unknown,N
Usa,Florida,"Middle Sambo Reef Off Boca Chica, Monroe County",Spearfishing,04-jun-2017,2017,Unprovoked,June,M,,Injury,No time specified,Other/Unknown,N
Bahamas,New Providence,Athol Island,Snorkeling,02-jun-2017,2017,Unprovoked,June,F,32.0,Severe injury,12:00,Tiger Shark,N
Usa,South Carolina,"Awendaw, Charleston County",Touching a shark,30-may-2017,2017,Provoked,May,F,20.0,Injury,No time specified,Other/Unknown,N
Usa,Florida,Off Jupiter,Feeding sharks,28-may-2017,2017,Unprovoked,May,M,,Injury,No time specified,Tiger Shark,N
Australia,New South Wales,Evans Head,Fishing,27-may-2017,2017,Invalid,May,M,73.0,Minor injury,No time specified,Other/Unknown,N
United Arab Emirates,"Sharjah,",Khor Fakkan,Spearfishing,12-may-2017,2017,Unprovoked,May,M,41.0,Severe injury,No time specified,Other/Unknown,N
Australia,Queensland,Weipa,Attempting to lasso a shark,reported 06-may-2017,2017,Provoked,May,M,29.0,Other,No time specified,Other/Unknown,N
Mexico,Baja California Sur,"Los Arbolitos, Cabo Pulmo",Snorkeling,05-may-2017,2017,Unprovoked,May,M,33.0,Fatal,17:00,Other/Unknown,Y
Usa,California,"Sunset Beach, Orange County",Surfing,03-may-2017,2017,Invalid,May,F,18.0,Injury,14:30,Other/Unknown,UNKNOWN
Usa,California,"San Onofre, San Diego County",Swimming,29-apr-2017,2017,Unprovoked,April,F,,Injury,17:34,Other/Unknown,N
South Africa,Western Cape Province,"Keurbooms, Plettenberg Bay",Surfing,29-apr-2017,2017,Unprovoked,April,M,14.0,Minor injury,17:10,Other/Unknown,N
Usa,South Carolina,"Folly Beach, Charleston County",Surfing,29-apr-2017,2017,Unprovoked,April,F,33.0,Injury,11:00,Other/Unknown,N
Reunion,Saint-Leu,Pointe Au Sal,Body boarding,29-apr-2017,2017,Unprovoked,April,M,28.0,Fatal,11:15,Other/Unknown,Y
New Zealand,South Island,"Porpoise Bay, Catlins",Body boarding,27-apr-2017,2017,Unprovoked,April,F,,Injury,14:00,Other/Unknown,N
Usa,Florida,,Photo shoot,26-apr-2017,2017,Invalid,April,F,,Injury,No time specified,Other/Unknown,UNKNOWN
"St Helena, British Overseas Territory",Ascension Island,English Bay,Snorkeling,22-apr-2017,2017,Unprovoked,April,F,40.0,Injury,16:00,Other/Unknown,N
Usa,South Carolina,Georgetown County,Swimming,20-apr-2017,2017,Invalid,April,M,,Injury,08:50,Other/Unknown,UNKNOWN
Usa,Florida,"Daytona Beach, Volusia County",,17-apr-2017,2017,Unprovoked,April,Unknown,,Minor injury,No time specified,Other/Unknown,N
Australia,Western Australia,Kelpies Near Wylie Bay,Surfing,17-apr-2017,2017,Unprovoked,April,F,17.0,Fatal,16:00,White Shark,Y
Usa,Hawaii,"Kekaha Beach, Kauai",Surfing,14-apr-2017,2017,Unprovoked,April,M,28.0,Severe injury,09:00,Tiger Shark,N
Usa,Florida,"Hanna Park, Jacksonville, Duval County",Surfing,13-apr-2017,2017,Unprovoked,April,M,17.0,Injury,13:30,Other/Unknown,N
Usa,Florida,St. Augustine,Surfing,12-apr-2017,2017,Unprovoked,April,F,,Injury,13:45,Other/Unknown,N
South Africa,Kwazulu-Natal,Protea Banks,Scuba Diving,12-apr-2017,2017,Invalid,April,M,68.0,Fatal,No time specified,Other/Unknown,UNKNOWN
Usa,Florida,"Ormond Beach, Volusia County",Surfing,11-apr-2017,2017,Unprovoked,April,F,35.0,Injury,16:00,Other/Unknown,N
Usa,Florida,"Melbourne Beach, Brevard County",Paddle boarding,10-apr-2017,2017,Unprovoked,April,F,10.0,Injury,17:45,Other/Unknown,N
Usa,Florida,"Melbourne Beach, Brevard County",Swimming,10-apr-2017,2017,Unprovoked,April,F,21.0,Minor injury,17:00,Other/Unknown,N
Usa,Florida,"Daytona, Volusia County",Swimming,06-apr-2017,2017,Unprovoked,April,M,16.0,Injury,No time specified,Other/Unknown,N
Usa,Florida,"New Smyrna Beach, Volusia County",Swimming,05-apr-2017,2017,Unprovoked,April,F,51.0,Minor injury,13:00,Other/Unknown,N
Australia,Queensland,Moreton Bay,Kakaying,02-apr-2017,2017,Unprovoked,April,M,39.0,No injury,No time specified,Other/Unknown,N
Usa,Florida,"Destin, Okaloosa County",Swimming,02-apr-2017,2017,Unprovoked,April,F,17.0,Injury,15:00,Bull Shark,N
Usa,Florida,"New Smyrna Beach, Volusia County",Surfing,27-mar-2017,2017,Unprovoked,March,M,58.0,Minor injury,10:00,Other/Unknown,N
Australia,New South Wales,The Farm,Body boarding,19-mar-2017,2017,Unprovoked,March,M,30.0,Minor injury,18:30,Other/Unknown,N
Usa,California,Monterey Bay,Kayaking,18-mar-2017,2017,Watercraft,March,M,,No injury,14:30,White Shark,N
Philippines,Luzon Island,"Villamar, Caoayan",Spearfishing,11-mar-2017,2017,Unprovoked,March,M,25.0,Injury,No time specified,Other/Unknown,N
Bahamas,The Exuma Cays,Great Exuma,Washing hands,reported 09-mar-2017,2017,Unprovoked,March,M,58.0,Minor injury,No time specified,Lemon Shark,N
Mexico,Tamaulipas,"Playa Baghdad, Matamoros",Fishing,07-mar-2017,2017,Provoked,March,M,,Severe injury,No time specified,Other/Unknown,N
Bahamas,The Exuma Cays,Compass Cay,Floating,01-mar-2017,2017,Unprovoked,March,F,,Minor injury,No time specified,Nurse Shark,N
Australia,Western Australia,Mauds Point,Snorkeling,25-feb-2017,2017,Unprovoked,February,F,,Injury,No time specified,Bull Shark,N
Australia,Western Australia,"Falcon Bay Beach, Mandurah",Surfing,24-feb-2017,2017,Unprovoked,February,M,,No injury,No time specified,Other/Unknown,N
Reunion,Saint-Andre,,Body boarding,21-feb-2017,2017,Unprovoked,February,M,26.0,Fatal,09:30,Other/Unknown,Y
Australia,Queensland,Eva Rock,Spearfishing,17-feb-2017,2017,Unprovoked,February,M,26.0,Severe injury,10:20,Other/Unknown,N
Usa,Florida,"Melbourne Beach, Brevard County",Swimming,11-feb-2017,2017,Unprovoked,February,M,22.0,Injury,13:30,Other/Unknown,N
Brazil,Pernambuco,Fernando De Noronha Marine Park,Grabbing shark for a selfie,06-feb-2017,2017,Provoked,February,F,,Minor injury,No time specified,Lemon Shark,N
South Africa,Kwazulu-Natal,Eastmoor Crescent Beach,Fishing,06-feb-2017,2017,Watercraft,February,M,,No injury,No time specified,Tiger Shark,N
Usa,South Carolina,16 Miles Off Hilton Head,Fishing,01-feb-2017,2017,Watercraft,February,Unknown,,No injury,No time specified,White Shark,N
Bahamas,Bimini,,Scuba Diving,01-feb-2017,2017,Unprovoked,February,M,37.0,Injury,No time specified,Other/Unknown,N
Usa,,Southern Usa,Not stated,00.feb.2017,2017,Unprovoked,February,M,13.0,Injury,No time specified,Other/Unknown,N
Brazil,Pernambuco,"Boa Viagem, Recife",Swimming,24-jan-2017,2017,Unprovoked,January,M,21.0,Minor injury,13:20,Other/Unknown,N
Usa,Florida,"Vero Beach, Indian River County",,22-jan-2017,2017,Unprovoked,January,M,,Injury,14:00,Other/Unknown,N
Australia,Queensland,"Boot Reef, Torres Strait",Scuba Diving,21-jan-2017,2017,Unprovoked,January,M,55.0,Injury,12:00,Bull Shark,N
Australia,Queensland,Clairview,Swimming,13-jan-2017,2017,Unprovoked,January,M,57.0,Injury,13:30,Other/Unknown,N
Usa,Florida,Jensen Beach,,13-jan-2017,2017,Unprovoked,January,M,,Minor injury,No time specified,Other/Unknown,N
Indonesia,Bali,Balian Beach,Surfing,09-jan-2017,2017,Unprovoked,January,M,48.0,Injury,07:30,Bull Shark,N
Usa,Florida,"Blockhouse Beach, Brevard County",Wading,05-jan-2017,2017,Unprovoked,January,M,47.0,Minor injury,12:30,Other/Unknown,N
Australia,New South Wales,Merimbula,Wading,03-jan-2017,2017,Invalid,January,M,20.0,Minor injury,18:00,Other/Unknown,UNKNOWN
Usa,Florida,"Avalon State Park Beach, North Hutchinson Island, St Lucie County",Surfing,27-dec-2016,2016,Unprovoked,December,M,16.0,Injury,17:00,Other/Unknown,N
Australia,Western Australia,"Bundegi Sanctuary Zone, Ningaloo",Snorkeling,24-dec-2016,2016,Unprovoked,December,F,,Injury,No time specified,Other/Unknown,N
South Africa,Western Cape Province,"Keurbooms Lagoon, Plettenberg Bay",Surf skiing,19-dec-2016,2016,Unprovoked,December,M,55.0,No injury,07:00,White Shark,N
Australia,Western Australia,Trigg Beach,Free diving,14-dec-2016,2016,Unprovoked,December,M,61.0,Injury,09:30,Other/Unknown,N
French Polynesia,Tuamotos,Takapoto Atoll,Fishing,11-dec-2016,2016,Unprovoked,December,M,,Injury,No time specified,Other/Unknown,N
Usa,Florida,"New Smyrna Beach, Volusia County",Surfing,11-dec-2016,2016,Invalid,December,M,19.0,Injury,No time specified,Other/Unknown,UNKNOWN
Australia,New South Wales,Merimbula,Surf fishing,06-dec-2016,2016,Provoked,December,M,20.0,Injury,02:00,Wobbegong Shark,N
Australia,New South Wales,Booti Booti National Park,Surfing,01-dec-2016,2016,Unprovoked,December,M,65.0,Injury,09:00,White Shark,N
Australia,Victoria,Queenscliff,Fishing,28-nov-2016,2016,Provoked,November,M,73.0,Injury,11:00,Other/Unknown,N
Mozambique,Inhambane Province,Chicuque Beac Maxixe City,Body Recovery,17-nov-2016,2016,Unprovoked,November,M,,Injury,No time specified,Other/Unknown,Y
Usa,Hawaii,"Kamaole Beach Park I, Maui",Floating,14-nov-2016,2016,Unprovoked,November,F,58.0,Injury,10:30,Tiger Shark,N
Usa,Florida,"Mayport Naval Station Beach, Duval County",Surfing,30-oct-2016,2016,Unprovoked,October,M,41.0,Injury,No time specified,Other/Unknown,N
Usa,Florida,Mayport Naval Station  Duval County,Surfing,29-oct-2016,2016,Unprovoked,October,M,42.0,Injury,No time specified,Other/Unknown,N
Australia,New South Wales,Broken Head Beach,Surfing,24-oct-2016,2016,Unprovoked,October,M,36.0,Injury,07:30,Other/Unknown,N
Usa,Hawaii,"Hooipa Beach Park, Maui",Surfing,21-oct-2016,2016,Unprovoked,October,M,36.0,Injury,17:00,Other/Unknown,N
Australia,Queensland,"Kings Beach, Caloundra",Surfing,15-oct-2016,2016,Unprovoked,October,M,,Other,18:00,Other/Unknown,N
Usa,Hawaii,"Charlie Young Beach, Kihei, Maui",Snorkeling,14-oct-2016,2016,Unprovoked,October,F,66.0,Injury,09:50,Other/Unknown,N
Mexico,,Guadalupe Island,Cage Diving,13-oct-2016,2016,Invalid,October,M,,No injury,No time specified,White Shark,UNKNOWN
Australia,New South Wales,"Sharpes Beach, Ballina",Surfing,12-oct-2016,2016,Unprovoked,October,M,25.0,Minor injury,10:30,Other/Unknown,N
Usa,Oregon,"Indian Beach, Ecola State Park, Clatsop County",Surfing,10-oct-2016,2016,Unprovoked,October,M,29.0,Injury,16:00,Other/Unknown,N
Mozambique,Inhambane Province,,Fishing,3-oct-2016,2016,Unprovoked,October,M,,Injury,No time specified,Other/Unknown,Y
Usa,Florida,"New Smyrna Beach, Volusia County",Surfing,02-oct-2016,2016,Unprovoked,October,M,21.0,Injury,11:30,Other/Unknown,N
Usa,Florida,"New Smyrna Beach, Volusia County",Surfng,01-oct-2016,2016,Unprovoked,October,M,32.0,Minor injury,17:30,Other/Unknown,N
Australia,New South Wales,"Lighthouse Beach, Ballina",Surfing,26-sep-2016,2016,Unprovoked,September,M,17.0,Injury,No time specified,White Shark,N
Usa,Florida,"New Smyrna Beach, Volusia County",Surfing,18-sep-2016,2016,Unprovoked,September,M,16.0,Minor injury,13:00,Other/Unknown,N
Usa,Florida,"New Smyrna Beach, Volusia County",Surfing,18-sep-2016,2016,Unprovoked,September,M,36.0,Injury,11:00,Other/Unknown,N
Usa,Florida,"New Smyrna Beach, Volusia County",Surfing,18-sep-2016,2016,Unprovoked,September,M,43.0,Injury,10:43,Other/Unknown,N
Usa,California,"Bunkers, Humboldt Bay, Eureka, Humboldt County",Surfing,17-sep-2016,2016,Unprovoked,September,M,43.0,No injury,No time specified,Other/Unknown,N
Australia,Victoria,Thirteenth Beach,Surfing,17-sep-2016,2016,Unprovoked,September,M,,Other,No time specified,Other/Unknown,N
Australia,Victoria,Bells Beach,Surfing,16-sep-2016,2016,Unprovoked,September,M,,No injury,No time specified,Other/Unknown,N
Australia,Western Australia,Bunbury,Fishing,15-sep-2016,2016,Watercraft,September,Unknown,,No injury,No time specified,Other/Unknown,N
Usa,Florida,"Ponte Vedra, St. Johns County",Wading,11-sep-2016,2016,Unprovoked,September,M,,Minor injury,15:15,Other/Unknown,N
Usa,Hawaii,"Makaha, Oahu",Swimming,07-sep-2016,2016,Unprovoked,September,F,51.0,Severe injury,14:30,Tiger Shark,N
New Caledonia,North Province,Koumac,Kite surfing,06-sep-2016,2016,Unprovoked,September,M,50.0,Fatal,15:40,Other/Unknown,Y
Usa,South Carolina,"Kingston Plantation, Myrtle Beach, Horry County",Boogie boarding,05-sep-2016,2016,Unprovoked,September,F,12.0,Injury,No time specified,Other/Unknown,N
Australia,Western Australia,Injidup,Surfing,05-sep-2016,2016,Unprovoked,September,M,,Other,No time specified,Other/Unknown,N
Usa,Florida,"New Smyrna Beach, Volusia County",Body boarding,04-sep-2016,2016,Unprovoked,September,M,9.0,Injury,No time specified,Other/Unknown,N
Usa,California,"Refugio State Beach, Santa Barbara County",Spearfishing,01-sep-2016,2016,Unprovoked,September,M,22.0,Injury,No time specified,White Shark,N
Mexico,,Guadalupe Island,Cage Diving,sep-2016,2016,Invalid,September,Unknown,,No injury,No time specified,Other/Unknown,UNKNOWN
Usa,Florida,"New Smyrna Beach, Volusia County",Surfing,29-aug-2016,2016,Unprovoked,August,M,25.0,Injury,15:00,Bull Shark,N
Usa,Florida,"New Smyrna Beach, Volusia County",Surfing,29-aug-2016,2016,Unprovoked,August,M,37.0,Minor injury,14:00,Other/Unknown,N
Reunion,,Boucan Canot,Surfing,27-aug-2016,2016,Unprovoked,August,M,20.0,Severe injury,17:00,Bull Shark,N
Usa,Florida,"Ponte Vedra, St. Johns County",Wading,25-aug-2016,2016,Unprovoked,August,M,49.0,Minor injury,16:00,Other/Unknown,N
Bahamas,New Providence Island,Nassau,Snorkeling,07-aug-2016,2016,Unprovoked,August,M,15.0,Injury,No time specified,Other/Unknown,N
Usa,Hawaii,Maui,SUP Foil boarding,06-aug-2016,2016,Unprovoked,August,M,21.0,Other,16:30,Tiger Shark,N
Usa,Florida,"New Smyrna Beach, Volusia County",Surfing,04-aug-2016,2016,Unprovoked,August,M,22.0,Injury,No time specified,Blacktip Shark,N
Spain,Alicante Province,Arenales Del Sol,Swimming,29-jul-2016,2016,Unprovoked,July,M,40.0,Injury,11:30,Other/Unknown,N
China,Hong Kong,,Swimming,28-jul-2016,2016,Unprovoked,July,M,72.0,Injury,No time specified,Other/Unknown,N
Australia,Western Australia,Near Albany,,28-jul-2016,2016,Watercraft,July,M,,No injury,No time specified,White Shark,N
Usa,Florida,"Florida Keys, Monroe County",Lobstering,27-jul-2016,2016,Provoked,July,M,43.0,Injury,No time specified,Nurse Shark,N
Australia,New South Wales,"Sharpes Beach, Ballina",Surfing,26-jul-2016,2016,Unprovoked,July,M,18.0,No injury,12:00,Other/Unknown,N
Japan,Kochi Prefecture,Irino Beach,Surfing,24-jul-2016,2016,Unprovoked,July,M,29.0,Injury,19:05,Other/Unknown,N
Australia,Tasmania,Clifton Beach,Surfing,23-jul-2016,2016,Unprovoked,July,M,36.0,No injury,No time specified,Other/Unknown,N
Bahamas,Abaco Islands,Green Turtle Cay,Spearfishing,23-jul-2016,2016,Unprovoked,July,M,,Injury,No time specified,Bull Shark,N
Australia,Queensland,"20 K Off The Spit, Off The Gold Coast",Fishing,20-jul-2016,2016,Provoked,July,M,31.0,Injury,No time specified,Other/Unknown,N
Usa,Alabama,8 Miles Off Mobile,Fishing,17-jul-2016,2016,Watercraft,July,Unknown,,No injury,No time specified,Tiger Shark,N
Usa,Florida,"New Smyrna Beach, Volusia County",Surfing,16-jul-2016,2016,Unprovoked,July,F,9.0,Minor injury,13:00,Other/Unknown,N
Usa,Florida,"New Smyrna Beach, Volusia County",,16-jul-2016,2016,Unprovoked,July,F,11.0,Minor injury,11:00,Other/Unknown,N
Usa,California,"Surfside, Orange County",Kite surfing,15-jul-2016,2016,Unprovoked,July,M,61.0,No injury,17:00,White Shark,N
Usa,South Carolina,"North Myrtle Beach, Horry County",Swimming,15-jul-2016,2016,Unprovoked,July,M,,Injury,No time specified,Other/Unknown,N
Bahamas,,Tiger Beach,Scuba Diving,reported  14-jul-2016,2016,Unprovoked,July,M,,Other,No time specified,Lemon Shark,N
Spain,Canary Islands,"Las Teresitas, Tenerife",Wading,reported 08-jul-2016,2016,Unprovoked,July,F,10.0,Injury,No time specified,Other/Unknown,N
Usa,California,"Capitola, Santa Cruz County",Fishing,08-jul-2016,2016,Watercraft,July,M,,No injury,No time specified,White Shark,N
Usa,Massachusetts,"Off Gloucester, Essec County",Fishing,07-jul-2016,2016,Provoked,July,M,59.0,Injury,10:00,Other/Unknown,N
Usa,California,"Off Palos Verdes Peninsula, Los Angeles County",Fishing,07-jul-2016,2016,Watercraft,July,M,,No injury,No time specified,White Shark,N
Usa,Florida,"Melbourne Beach, Brevard County",Swimming,06-jul-2016,2016,Unprovoked,July,F,42.0,Injury,14:30,Other/Unknown,N
Australia,Queensland,Palm Cove,Fishing,04-jul-2016,2016,Provoked,July,M,34.0,Injury,22:00,Nurse Shark,N
Usa,South Carolina,Sullivan'S Island,,27-jun-2016,2016,Unprovoked,June,M,35.0,Minor injury,16:20,Other/Unknown,N
Usa,North Carolina,"Atlantic Beach, Emerald Isle, Carteret County",Surfing,25-jun-2016,2016,Unprovoked,June,M,11.0,Injury,14:34,Other/Unknown,N
Columbia,Isla Providencia,,Scuba Diving,24-jun-2016,2016,Unprovoked,June,M,59.0,Severe injury,11:00,Other/Unknown,N
South Africa,Western Cape Province,Ryspunt,Spearfishing,23-jun-2016,2016,Unprovoked,June,M,43.0,Injury,No time specified,White Shark,N
Usa,South Carolina,"North Myrtle Beach, Horry County",Floating,21-jun-2016,2016,Unprovoked,June,M,42.0,Injury,15:25,Other/Unknown,N
Usa,Florida,"Pelican Beach Park, Satellite Beach, Brevard County",Wading,21-jun-2016,2016,Unprovoked,June,M,,Injury,14:55,Other/Unknown,N
Usa,Hawaii,"Kalapaki Beach, Kauai",Surfing,15-jun-2016,2016,Unprovoked,June,M,,Injury,06:00,Other/Unknown,N
Australia,Western Australia,Coral Bay,Spearfishing,15-jun-2016,2016,Provoked,June,M,19.0,No injury,No time specified,Other/Unknown,N
Usa,Texas,"Pirates Beach, Galveston",Floating in tube,14-jun-2016,2016,Unprovoked,June,F,6.0,Injury,17:30,Other/Unknown,N
Usa,North Carolina,"Atlantic Beach, Emerald Isle, Carteret County",Standing,11-jun-2016,2016,Unprovoked,June,M,19.0,Injury,15:00,Other/Unknown,N
Usa,South Carolina,"Folly Beach, Charleston County",Surfing,07-jun-2016,2016,Invalid,June,M,27.0,No injury,11:30,Other/Unknown,UNKNOWN
Usa,Florida,"Flagler Beach, Flagler County",Swimming,05-jun-2016,2016,Unprovoked,June,M,64.0,Injury,08:30,Other/Unknown,N
Australia,Western Australia,Mindarie,Diving,05-jun-2016,2016,Unprovoked,June,F,60.0,Fatal,11:30,Other/Unknown,Y
Egypt,Suez,Ain Sokhna,Swimming,04-jun-2016,2016,Unprovoked,June,M,23.0,Severe injury,No time specified,Other/Unknown,N
Australia,New South Wales,Kingscliff,Spearfishing,02-jun-2016,2016,Unprovoked,June,M,,No injury,No time specified,Bronze Whaler Shark,UNKNOWN
New Caledonia,,"Côte-Blanche, Nouméa",Kite surfing,02-jun-2016,2016,Unprovoked,June,M,,Injury,No time specified,Other/Unknown,N
Australia,Western Australia,"Falcon Beach, Mandurah",Surfing,31-may-2016,2016,Unprovoked,May,M,29.0,Fatal,16:00,White Shark,Y
Usa,California,"Corona Del Mar, Newport, Orange County",Swimming,29-may-2016,2016,Unprovoked,May,F,52.0,Injury,16:00,Other/Unknown,N
Usa,Florida,"Neptune, Duval County",Swimming,29-may-2016,2016,Unprovoked,May,M,13.0,Injury,15:45,Other/Unknown,N
Usa,Florida,"Vero Beach, Indian River County",Swimming,22-may-2016,2016,Unprovoked,May,F,57.0,Injury,12:00,Other/Unknown,N
Usa,Florida,"St. Petersburg, Pinellas County",Swimming,21-may-2016,2016,Unprovoked,May,F,22.0,Injury,18:00,Bull Shark,N
Usa,Florida,"Hugenot Beach , Jacksonville, Duval County",Swimming,21-may-2016,2016,Unprovoked,May,F,11.0,Injury,17:46,Other/Unknown,N
Usa,Florida,"Ponte Vedra, St. Johns County",Swimming,18-may-2016,2016,Unprovoked,May,M,48.0,Injury,No time specified,Blacktip Shark,N
Usa,Florida,"Boca Raton, Palm Beach County",Teasing a shark,15-may-2016,2016,Provoked,May,F,23.0,Other,13:20,Nurse Shark,N
Usa,Hawaii,"Wailea Beach, Maui",Floating,03-may-2016,2016,Unprovoked,May,M,59.0,Minor injury,15:49,Other/Unknown,N
New Zealand,North Island,Cormandel,Fishing,02-may-2016,2016,Provoked,May,M,39.0,Injury,No time specified,Other/Unknown,N
Usa,Louisiana,,Wading,may 2016,2016,Unprovoked,May,F,33.0,Minor injury,No time specified,Blacktip Shark,N
Indonesia,Bali,Balian,Surfing,25-apr-2016,2016,Unprovoked,April,M,24.0,Injury,07:00,Bull Shark,N
Usa,Florida,"New Smyrna Beach, Volusia County",Surfing,23-apr-2016,2016,Unprovoked,April,M,15.0,Minor injury,17:30,Other/Unknown,N
South Africa,Western Cape Province,"Robberg Beach, Plettenberg Bay",Surf-skiing,22-apr-2016,2016,Unprovoked,April,M,,No injury,08:00,White Shark,N
Australia,New South Wales,"First Sun Beach, Byron Bay",Swimming,19-apr-2016,2016,Unprovoked,April,M,12.0,Minor injury,12:00,Wobbegong Shark,N
French Polynesia,Tuamotos,Makemo Atoll,Spearfishing,18-apr-2016,2016,Provoked,April,M,22.0,Injury,No time specified,Other/Unknown,Y
French Polynesia,Tuamotos,Makemo Atoll,Spearfishing,18-apr-2016,2016,Provoked,April,M,26.0,Severe injury,No time specified,Other/Unknown,N
Usa,Florida,"Off Singer Island, Palm Beach County",Spearfishing,13-apr-2016,2016,Unprovoked,April,M,26.0,Injury,No time specified,Bull Shark,N
New Caledonia,Grand Terre,Poe Beach,Walking,09-apr-2016,2016,Unprovoked,April,F,69.0,Fatal,10:45,Tiger Shark,Y
Cape Verde,Boa Vista Island,,,08-apr-2016,2016,Invalid,April,M,60.0,Other,No time specified,Other/Unknown,UNKNOWN
Usa,Florida,"Florida Keys, Monroe County",Fishing,07-apr-2016,2016,Unprovoked,April,M,34.0,Injury,No time specified,Other/Unknown,N
Usa,Florida,"Corners Beach, Jupiter, Palm Beach County",SUP,07-apr-2016,2016,Invalid,April,M,,No injury,No time specified,Other/Unknown,UNKNOWN
Usa,Hawaii,"Olowalu, Maui",Snorkeling,31-mar-2016,2016,Unprovoked,March,F,46.0,Minor injury,11:00,Other/Unknown,N
Australia,New South Wales,Bombo Beach,Surfing,30-mar-2016,2016,Unprovoked,March,M,22.0,Severe injury,19:00,Other/Unknown,N
Usa,Florida,"Fort Myers Beach, Lee County",,28-mar-2016,2016,Unprovoked,March,M,,Minor injury,No time specified,Other/Unknown,UNKNOWN
Australia,New South Wales,North Cronulla Beach,Surfing,28-mar-2016,2016,Unprovoked,March,M,41.0,No injury,11:00,Other/Unknown,N
Bahamas,,,,26-mar-2016,2016,Provoked,March,M,9.0,Minor injury,No time specified,Nurse Shark,N
Usa,California,"Bolsa Chica State Park, Orange County",Surfing,13-mar-2016,2016,Invalid,March,Unknown,,No injury,No time specified,Other/Unknown,UNKNOWN
Usa,Florida,"Vero Beach, St. Lucie County",Body surfing,11-mar-2016,2016,Unprovoked,March,M,19.0,Injury,13:30,Other/Unknown,N
Fiji,Vanua Levu,Dawara,Diving for beche-de-mer,10-mar-2016,2016,Unprovoked,March,M,45.0,Fatal,No time specified,Other/Unknown,Y
Usa,Florida,"Ocean Reef Park, Singer Island, Palm Beach County",,04-mar-2016,2016,Unprovoked,March,M,12.0,Injury,No time specified,Other/Unknown,N
Australia,South Australia,Wrights Bay,Fishing,reported 03-mar-2016,2016,Unprovoked,March,M,,Injury,No time specified,Bronze Whaler Shark,N
Brazil,Santa Catarina State,Escalerio Beach Balneário Camboriú,Swimming,02-mar-2016,2016,Unprovoked,March,M,41.0,Minor injury,No time specified,Tiger Shark,N
New Caledonia,South Province,"Ricaudy Reef, Noumea",Kite surfing,22-feb-2016,2016,Unprovoked,February,M,21.0,Injury,19:00,Other/Unknown,N
New Caledonia,South Province,Yate,Spearfishing,19-feb-2016,2016,Unprovoked,February,M,31.0,Injury,16:00,Other/Unknown,N
Dominican Republic,Altagracia Province,"Bavaro Beach, Punta Cana",Wading,12-feb-2016,2016,Unprovoked,February,F,,Injury,15:00,Other/Unknown,N
Cayman Islands,Grand Cayman,Stingray City Bar,Feeding stingrays?,reported 10-feb-2016,2016,Invalid,February,M,65.0,Minor injury,No time specified,Other/Unknown,UNKNOWN
Australia,Tasmania,Nettley Bay,Surfing,10-feb-2016,2016,Invalid,February,M,,No injury,12:30,Other/Unknown,UNKNOWN
Australia,Queensland,Stradbroke Island,Walking,05-feb-2016,2016,Unprovoked,February,F,45.0,Other,13:20,Other/Unknown,N
Australia,New South Wales,Hams Beach,Windsurfing,04-feb-2016,2016,Unprovoked,February,M,40.0,No injury,No time specified,Other/Unknown,N
Brazil,Balneário Camboriú,Estaleirinho Beach,Swimming,02-feb-2016,2016,Unprovoked,February,M,41.0,Injury,No time specified,Tiger Shark,N
South Africa,Kwazulu-Natal,,Fishing,29-jan-2016,2016,Watercraft,January,M,,No injury,No time specified,Other/Unknown,N
Usa,Hawaii,"Hanalei Bay, Kauai",Surfing,28-jan-2016,2016,Unprovoked,January,M,,Injury,14:00,Other/Unknown,N
Usa,Hawaii,"Hanalei Bay, Kauai,",Surfing,25-jan-2016,2016,Unprovoked,January,F,15.0,No injury,11:30,Other/Unknown,N
Usa,Texas,Off Surfside,Spearfishing,24-jan-2016,2016,Unprovoked,January,M,,Injury,09:30,Bull Shark,N
United Arab Emirates,Fujairah Emirate,35 Miles Off Fujairah,Fishing,24-jan-2016,2016,Watercraft,January,M,,No injury,No time specified,Other/Unknown,N
Usa,Hawaii,"Wailea Beach, Maui",Paddle boarding,23-jan-2016,2016,Unprovoked,January,M,48.0,No injury,No time specified,Tiger Shark,N
Australia,Queensland,"Happy Valley Beach, Caloundra",Surfing,reported 11-jan-2016,2016,Unprovoked,January,M,,Injury,No time specified,Wobbegong Shark,N
Australia,Queensland,Heron Island,Wading,05-jan-2016,2016,Unprovoked,January,M,11.0,Injury,No time specified,Blacktip Shark,N
Australia,Queensland,Miall Island,Spearfishing,02-jan-2016,2016,Unprovoked,January,M,31.0,Injury,11:30,Other/Unknown,N
South Africa,Kwazulu-Natal,Westbrook Beach,Fishing,26-dec-2015,2015,Watercraft,December,M,,No injury,No time specified,White Shark,N
Spain,Grand Canary Island,"Arinaga Beach, Aguimes, Gran Canaria",Swimming,25-dec-2015,2015,Unprovoked,December,F,38.0,Injury,No time specified,Other/Unknown,N
Usa,Hawaii,La'Aloa Beach Park,Paddle boarding,22-dec-2015,2015,Unprovoked,December,M,71.0,No injury,No time specified,Other/Unknown,N
Australia,New South Wales,Bondi Beach,Surfing,21-dec-2015,2015,Unprovoked,December,M,43.0,No injury,07:00,Bronze Whaler Shark,N
Brazil,Pernambuco,Fernano De Noronha,Scuba diving,21-dec-2015,2015,Unprovoked,December,M,32.0,Other,No time specified,Tiger Shark,N
Aruba,,Boat Capsized,Sea disaster,19-dec-2015,2015,Unprovoked,December,M,58.0,Fatal,No time specified,Other/Unknown,Y
Australia,New South Wales,Lake Macquarie,Fishing,13-dec-2015,2015,Watercraft,December,Unknown,,No injury,10:30,White Shark,N
Bahamas,,Off Andros Island,Lobster fishing,11-dec-2015,2015,Unprovoked,December,M,26.0,Injury,No time specified,Bull Shark,N
South Africa,Eastern Cape Province,Mpande,Swimming / Wading,08-dec-2015,2015,Unprovoked,December,F,22.0,Injury,No time specified,Other/Unknown,N
Ecuador,Galapagos Islands,"Punta Vicente Roca, Isabella Island",Snorkeling,20-nov-2015,2015,Unprovoked,November,M,55.0,Injury,10:15,Other/Unknown,N
Usa,Florida,"Playalinda Beach, Brevard County",Surfing,16-nov-2015,2015,Unprovoked,November,M,,Injury,No time specified,Other/Unknown,N
Usa,Florida,"Palm Beach, Palm Beach County",Swimming,15-nov-2015,2015,Unprovoked,November,F,,Injury,11:00,Other/Unknown,N
Usa,Florida,"Ocean Reef Park, Singer Island, Palm Beach County",Surfing,15-nov-2015,2015,Unprovoked,November,M,28.0,Injury,No time specified,Other/Unknown,N
Australia,New South Wales,East Ballina,Surfing,10-nov-2015,2015,Unprovoked,November,M,20.0,Injury,18:15,Bull Shark,N
Usa,Florida,"Paradise Beach, Melbourne, Brevard County",Surfing,07-nov-2015,2015,Invalid,November,F,9.0,Injury,11:00,Other/Unknown,UNKNOWN
Usa,Hawaii,"Kehena Beach, Hawaii",Swimming,03-nov-2015,2015,Unprovoked,November,M,54.0,Injury,11:00,Other/Unknown,N
Usa,Florida,"Cocoa Beach, Brevard  County",Wading,01-nov-2015,2015,Unprovoked,November,F,28.0,Injury,14:00,Other/Unknown,N
Mozambique,Inhambane Province,Maxixe,Fishing,01-nov-2015,2015,Unprovoked,November,M,19.0,Severe injury,04:00,Other/Unknown,N
Australia,Western Australia,Bald Island,Spearfishing,30-oct-2015,2015,Unprovoked,October,M,50.0,Minor injury,No time specified,Other/Unknown,N
Usa,Hawaii,"Malaka, Oahu",Body boarding,28-oct-2015,2015,Unprovoked,October,M,10.0,Injury,14:50,Other/Unknown,N
South Africa,Western Cape Province,Stil Bay,Surfing,25-oct-2015,2015,Unprovoked,October,M,42.0,Injury,15:00,White Shark,N
Usa,Florida,"Playalinda Beach, Brevard County",Surfing,21-oct-2015,2015,Unprovoked,October,M,21.0,Injury,14:30,Other/Unknown,N
Usa,Florida,"Deerfield Beach, Broward County",Surfing,19-oct-2015,2015,Unprovoked,October,M,21.0,Injury,13:50,Other/Unknown,N
Mozambique,Inhambane Province,"Nahaduga, Inhambane Bay",Fishing for shrimp,17-oct-2015,2015,Unprovoked,October,F,35.0,Fatal,No time specified,Other/Unknown,Y
Usa,Hawaii,"Waikiki,",Surfing,17-oct-2015,2015,Invalid,October,M,32.0,Injury,19:20,Other/Unknown,UNKNOWN
Usa,Hawaii,"Lanikai Beach, Kailua, Oahu",Swimming,17-oct-2015,2015,Unprovoked,October,M,44.0,Severe injury,11:30,Tiger Shark,N
Usa,California,"Off Leffingwell Landing, San Luis Obispo County",Fishing,13-oct-2015,2015,Watercraft,October,M,,No injury,11:00,Other/Unknown,N
Usa,South Carolina,"Shipyard Beach Club, Hilton Head Island, Beaufort County",Boogie boarding,09-oct-2015,2015,Unprovoked,October,F,9.0,Injury,16:20,Other/Unknown,N
Usa,Hawaii,"Leftovers, Oahu",Surfing,09-oct-2015,2015,Unprovoked,October,M,25.0,Severe injury,10:25,Tiger Shark,N
Mozambique,Inhambane Province,"Maxixe, Inhambane Bay",Fishing,08-oct-2015,2015,Unprovoked,October,M,,Severe injury,No time specified,Other/Unknown,N
Australia,Western Australia,Pyramids Beach,Surfing,07-oct-2015,2015,Unprovoked,October,M,18.0,Injury,16:50,Other/Unknown,N
Usa,Florida,"Pepper Park Beach, St. Lucie County",Body boarding,05-oct-2015,2015,Unprovoked,October,M,22.0,Injury,13:00,Other/Unknown,N
Usa,Texas,Galveston,Wading,05-oct-2015,2015,Unprovoked,October,M,13.0,Injury,10:00,Other/Unknown,N
Usa,Florida,"New Smyrna Beach, Volusia County",Surfing,04-oct-2015,2015,Unprovoked,October,M,14.0,Severe injury,08:30,Blacktip Shark,N
Usa,Florida,"Vilano Beach, St.  Johns County",Surfing,29-sep-2015,2015,Unprovoked,September,M,22.0,Injury,16:20,Blacktip Shark,N
Australia,Queensland,"Russel Island, Frankland Group",Snorkeling,26-sep-2015,2015,Unprovoked,September,F,7.0,Injury,No time specified,Other/Unknown,N
Usa,California,"Horseshoe Rock, Santa Barbara County",Kayak fishing,24-sep-2015,2015,Watercraft,September,M,,No injury,10:45,White Shark,N
Usa,Florida,"New Smyrna Beach, Volusia County",Surfing,20-sep-2015,2015,Unprovoked,September,M,14.0,Minor injury,16:45,Other/Unknown,N
Usa,Hawaii,"Upolu Point, North Kohala, Big Island",Spearfishing,20-sep-2015,2015,Unprovoked,September,M,27.0,Severe injury,15:52,Tiger Shark,N
Usa,Florida,"Fernandina Beach, Amelia Island, Nassau County",Wading,20-sep-2015,2015,Unprovoked,September,M,12.0,Injury,12:30,Other/Unknown,N
Usa,Florida,"Vilano Beach, St.  Johns County",Photographing fish,20-sep-2015,2015,Unprovoked,September,M,16.0,Injury,07:30,Other/Unknown,N
Usa,California,"Gaviota State Beach, Santa Barbara County",Kayak Fishing,19-sep-2015,2015,Watercraft,September,M,,No injury,No time specified,Other/Unknown,N
Usa,Florida,"Big Talbot Island, Duval County",Swimming,18-sep-2015,2015,Unprovoked,September,M,,Injury,19:00,Other/Unknown,N
Usa,Florida,"Jacksonville Beach, Duval County",Surfing,17-sep-2015,2015,Unprovoked,September,M,20.0,Injury,15:00,Other/Unknown,N
Australia,New South Wales,North Shelly Beach,Surfing,08-sep-2015,2015,Unprovoked,September,M,42.0,Minor injury,06:15,Other/Unknown,N
Usa,California,"El Pescador Beach, Los Angeles County",Stand-Up Paddleboarding,06-sep-2015,2015,Unprovoked,September,F,50.0,No injury,17:30,White Shark,N
Usa,California,"Deer Creek Beach, Ventura County",Kayak Fishing,05-sep-2015,2015,Provoked,September,M,29.0,Injury,14:40,Other/Unknown,N
Australia,New South Wales,Hallidays Point,Surf-skiing,04-sep-2015,2015,Unprovoked,September,M,62.0,Other,11:30,White Shark,N
Usa,South Carolina,"Myrtle Beach, Horry County",,03-sep-2015,2015,Unprovoked,September,M,,Injury,16:00,Other/Unknown,N
Thailand,Phuket,Karon Beach,Wading,01-sep-2015,2015,Unprovoked,September,F,37.0,Injury,08:30,Other/Unknown,N
Fiji,,,Spearfishing,sep-2015,2015,Unprovoked,September,M,,Injury,No time specified,Tiger Shark,N
Usa,California,"Morro Strand State Beach, San Luis Obispo County",Surfing,29-aug-2015,2015,Unprovoked,August,F,54.0,No injury,10:25,White Shark,N
Usa,California,"Morro Bay, San Luis Obispo County",Surfing,29-aug-2015,2015,Unprovoked,August,M,21.0,No injury,10:00,White Shark,N
Usa,Florida,"Cocoa Beach, Brevard  County",,22-aug-2015,2015,Invalid,August,M,,Injury,19:45,Other/Unknown,UNKNOWN
Australia,New South Wales,Lighthouse Beach,Surfing,22-aug-2015,2015,Unprovoked,August,M,38.0,Severe injury,17:10,Other/Unknown,N
Usa,South Carolina,"Murrells Inlet, Georgetown County",Surfing,20-aug-2015,2015,Unprovoked,August,M,15.0,Injury,12:30,Other/Unknown,N
Usa,Florida,"Jacksonville Beach, Duval County",Walking,19-aug-2015,2015,Unprovoked,August,F,10.0,Injury,15:30,Other/Unknown,N
Usa,California,Santa Barbara County,Kayak Fishing,18-aug-2015,2015,Watercraft,August,M,22.0,No injury,07:30,White Shark,N
Spain,Alicante,"Poniente Beach, Benidorm",Swimming,18-aug-2015,2015,Invalid,August,M,10.0,Minor injury,11:00,Other/Unknown,UNKNOWN
Usa,California,Cortes Bank,Spearfishing,10-aug-2015,2015,Provoked,August,M,57.0,Injury,08:00,Other/Unknown,N
Australia,New South Wales,Evans Head,Surfing,31-jul-2015,2015,Unprovoked,July,M,52.0,Injury,06:00,White Shark,N
Costa Rica,Guanacaste,Playa Grande,Surfing,28-jul-2015,2015,Unprovoked,July,M,47.0,Minor injury,No time specified,Other/Unknown,N
Australia,Victoria,Tyrendarra Beach,Surfing,27-jul-2015,2015,,July,M,40.0,Injury,No time specified,Other/Unknown,UNKNOWN
Usa,Florida,"Daytona Beach, Volusia County",Surfing,26-jul-2015,2015,Unprovoked,July,M,25.0,Minor injury,19:00,Blacktip Shark,N
Usa,South Carolina,"Edisto Beach, Colleton County",Floating,26-jul-2015,2015,Invalid,July,F,35.0,Injury,10:10,Other/Unknown,UNKNOWN
Australia,Tasmania,"Lachan Island, Mercury Passage",Scallop diving on hookah,25-jul-2015,2015,Unprovoked,July,M,46.0,Fatal,10:00,White Shark,Y
Usa,California,"La Jolla, San Diego County",Kayak Fishing,23-jul-2015,2015,Provoked,July,M,31.0,No injury,No time specified,Other/Unknown,N
Australia,Victoria,Tyrendarra Beach Near Portland,Surfing,23-jul-2015,2015,Unprovoked,July,M,40.0,Injury,No time specified,Bronze Whaler Shark,N
Reunion,,St. Leu,Surfing,22-jul-2015,2015,Unprovoked,July,M,45.0,Injury,No time specified,Bull Shark,N
South Africa,Eastern Cape Province,Jeffrey'S Bay,Surfing,19-jul-2015,2015,Unprovoked,July,M,34.0,No injury,No time specified,White Shark,N
Usa,California,"Huntington Beach, Orange County",Surfing,10-jul-2015,2015,Unprovoked,July,M,38.0,No injury,08:45,White Shark,N
Usa,California,"Huntington Beach, Orange County",Treading water,08-jul-2015,2015,Invalid,July,M,39.0,Injury,No time specified,Other/Unknown,UNKNOWN
French Polynesia,Bora Bora,,Swimming,06-jul-2015,2015,Invalid,July,M,,Injury,No time specified,Other/Unknown,UNKNOWN
Bahamas,Grand Bahama Island,"Port Lucaya, Freeport",Spearfishing,04-jul-2015,2015,Unprovoked,July,F,23.0,Injury,No time specified,Other/Unknown,N
Usa,North Carolina,"Off Surf City, Pender County",,04-jul-2015,2015,Unprovoked,July,M,32.0,Injury,No time specified,Other/Unknown,N
Australia,New South Wales,Lennox Head,Surfing,03-jul-2015,2015,Unprovoked,July,M,52.0,No injury,09:00,White Shark,N
Australia,New South Wales,East Ballina,Body boarding,02-jul-2015,2015,Unprovoked,July,M,32.0,Injury,09:00,White Shark,N
Usa,North Carolina,"Ocracoke, Lifeguard Beach, National Park Service, Hyde County",Swimming,01-jul-2015,2015,Unprovoked,July,M,68.0,Injury,12:10,Other/Unknown,N
Australia,New South Wales,"Flat Rock, Yamba",Surfing,30-jun-2015,2015,Unprovoked,June,M,,Injury,No time specified,Other/Unknown,N
Usa,South Carolina,"Isle Of Palms County Park, Isle Of Palms, Charleston County",Playing in the water,30-jun-2015,2015,Unprovoked,June,M,12.0,Injury,18:05,Other/Unknown,N
Usa,North Carolina,"Rodanthe, Dare County",Swimming,27-jun-2015,2015,Unprovoked,June,M,18.0,Injury,16:00,Bull Shark,N
South Africa,Western Cape Province,Buffels Bay Near Knysna,Body Boarding,27-jun-2015,2015,Unprovoked,June,M,19.0,Severe injury,14:40,White Shark,N
Usa,Florida,"Jacksonville Beach, Duval County",Swimming,26-jun-2015,2015,Invalid,June,F,,Minor injury,19:30,Other/Unknown,UNKNOWN
South Africa,Western Cape Province,"Lookout Beach, Plettenberg Bay",Surfing,26-jun-2015,2015,Unprovoked,June,M,23.0,Injury,16:00,White Shark,N
Usa,South Carolina,"South Beach, Hunting Island State Park, Beaufort County",Standing,26-jun-2015,2015,Unprovoked,June,M,43.0,Injury,11:00,Other/Unknown,N
Australia,Western Australia,Rottnest Island,Swimming,reported 25-jun-2015,2015,Provoked,June,M,19.0,Minor injury,No time specified,Wobbegong Shark,N
Usa,North Carolina,"Avon, Hatteras Island, Outer Banks, Dare County",Body surfing?,25-jun-2015,2015,Unprovoked,June,M,47.0,Injury,11:41,Other/Unknown,N
Usa,North Carolina,Surf City,Swimming,24-jun-2015,2015,Unprovoked,June,M,6.0,Minor injury,12:25,Tiger Shark,N
Australia,Western Australia,Denmark,Surfing,24-jun-2015,2015,Invalid,June,F,37.0,Minor injury,09:30,White Shark,N
Usa,South Carolina,"St. Helena Island, Beaufort County",Standing,23-jun-2015,2015,Unprovoked,June,M,9.0,Minor injury,No time specified,Other/Unknown,N
Puerto Rico,,Off Cabo Rojo,Spearfishing,19-jun-2015,2015,Unprovoked,June,M,36.0,Injury,No time specified,Other/Unknown,N
Usa,Florida,Daytona Beach Shores,Swimming,17-jun-2015,2015,Unprovoked,June,M,10.0,Minor injury,13:00,Other/Unknown,N
Usa,North Carolina,"Oak Island, Brunswick County",Wading,14-jun-2015,2015,Unprovoked,June,M,16.0,Severe injury,17:51,Bull Shark,N
Usa,North Carolina,"Oak Island, Brunswick County",Wading,14-jun-2015,2015,Unprovoked,June,F,12.0,Severe injury,16:12,Bull Shark,N
Usa,California,Off San Diego,,13-jun-2015,2015,Unprovoked,June,F,,Severe injury,No time specified,Other/Unknown,N
Usa,North Carolina,"Ocean Isle, Brunswick County",Boogie boarding,11-jun-2015,2015,Unprovoked,June,F,13.0,Minor injury,12:45,Other/Unknown,N
Usa,Florida,"Lori Wilson Park, Cocoa Beach, Brevard  County",Playing,07-jun-2015,2015,Unprovoked,June,M,11.0,Injury,10:50,Bull Shark,N
Usa,Florida,Fort Lauderdale,Attempting to rescue a shark,05-jun-2015,2015,Unprovoked,June,F,17.0,Injury,No time specified,Nurse Shark,N
Reunion,Le Port,Folette,Surfing,01-jun-2015,2015,Unprovoked,June,M,47.0,Injury,15:00,Bull Shark,N
Usa,Florida,"Cocoa Beach, Brevard  County",Standing,29-may-2015,2015,Unprovoked,May,F,14.0,Injury,15:00,Other/Unknown,N
Usa,Florida,"New Smyrna Beach, Volusia County",Wading,29-may-2015,2015,Unprovoked,May,F,19.0,Minor injury,13:45,Other/Unknown,N
French Polynesia,Rangiroa,Avatoru Pass,Spearfishing,25-may-2015,2015,Unprovoked,May,M,19.0,Injury,08:00,Other/Unknown,N
Usa,Florida,"Cocoa Beach, Brevard  County",Swimming,24-may-2015,2015,Unprovoked,May,F,13.0,Injury,No time specified,Other/Unknown,N
Usa,Florida,"New Smyrna Beach, Volusia County",Surfing,20-may2015,2015,Unprovoked,May,M,18.0,Injury,10:30,Other/Unknown,N
Usa,South Carolina,Sullivan'S Island,,15-may-2015,2015,Unprovoked,May,M,30.0,Injury,14:15,Other/Unknown,N
New Caledonia,,Kouare,Snorkeling,09-may-2015,2015,Unprovoked,May,M,50.0,Fatal,No time specified,Bull Shark,Y
Usa,Florida,"Cocoa Beach, Brevard  County",Swimming,07-may-2015,2015,Unprovoked,May,M,,Injury,15:00,Other/Unknown,N
Australia,New South Wales,Saltwater Beach,Surfing,03-may-2015,2015,Unprovoked,May,M,,Injury,15:00,White Shark,N
South Africa,Eastern Cape Province,Port St. John'S,Diving,02-may-2015,2015,Unprovoked,May,M,29.0,Injury,13:00,White Shark,N
Usa,Hawaii,Kanahena Cove,Snorkeling,29-apr-2015,2015,Unprovoked,April,F,65.0,Fatal,09:00,Other/Unknown,Y
Usa,Florida,"Resident'S Beach, Marco Island",Wading,26-apr-2015,2015,Unprovoked,April,M,63.0,Injury,16:30,Other/Unknown,N
Australia,South Australia,Fishery Bay,Surfing,25-apr-2015,2015,Unprovoked,April,M,26.0,Severe injury,09:45,White Shark,N
Australia,New South Wales,"Belongil Beach, Byron Bay",Surf skiing,24-jun-2015,2015,Unprovoked,June,M,71.0,No injury,11:00,White Shark,N
Usa,Florida,"Florida Keys, Monroe County",Photographing the shark,13-apr-2015,2015,Unprovoked,April,M,48.0,Injury,No time specified,Other/Unknown,N
Reunion,Saint-Gilles-Les-Bains,Cap Homard,Surfing,12-apr-2015,2015,Unprovoked,April,M,13.0,Fatal,09:00,Bull Shark,Y
Australia,New South Wales,Mckenzies Beach,Paddle boarding,11-apr-2015,2015,Unprovoked,April,M,,Injury,07:30,Other/Unknown,N
Usa,Florida,"3 Miles Off Jupiter, Palm Beach County",Spearfishing,03-apr-2015,2015,Unprovoked,April,M,70.0,Injury,No time specified,Bull Shark,N
Italy,Sardinia,,Diving,29-mar-2015,2015,Invalid,March,M,43.0,Fatal,No time specified,Other/Unknown,UNKNOWN
Brazil,Pernambuco,"Praia Del Chifre, Olinda",Surfing,31-mar-2015,2015,Invalid,March,M,23.0,Injury,11:00,Other/Unknown,UNKNOWN
South Africa,Eastern Cape Province,Yellow Sands Point,Kayak Fishing,26-mar-2015,2015,Watercraft,March,M,36.0,No injury,No time specified,White Shark,N
Egypt,Red Sea Protectorate,Marsa Alam,Swimming,21-mar-2015,2015,Unprovoked,March,M,52.0,Fatal,No time specified,Other/Unknown,Y
Usa,Hawaii,Hapuna Beach,Standing / Snorkeling,18-mar-2015,2015,Unprovoked,March,M,58.0,Injury,11:45,Tiger Shark,N
French Polynesia,Bora Bora,Anau,Hand feeding sharks,16-mar-2015,2015,Unprovoked,March,M,9.0,Injury,10:00,Blacktip Shark,N
Australia,New South Wales,"Julian Rocks, Byron Bay",Fishing,11-mar-2015,2015,Watercraft,March,M,,Other,No time specified,Other/Unknown,N
Mexico,Sinaloa,Mazlatan,Fishing,10-mar-2015,2015,Provoked,March,M,36.0,Injury,10:20,Other/Unknown,N
French Polynesia,Central Tuamotu,"Tupapati, Hikueru Atoll",Sitting in the water,07-mar-2015,2015,Unprovoked,March,M,,Injury,No time specified,Blacktip Shark,N
Atlantic Ocean,,,Transatlantic Rowing,15-feb-2015,2015,Watercraft,February,Unknown,,No injury,No time specified,White Shark,N
Reunion,D’Étang-Salé,Ravine Mula,Swimming,14-feb-2015,2015,Unprovoked,February,F,22.0,Fatal,18:30,Tiger Shark,Y
Australia,New South Wales,Shelly Beach,Surfing,09-feb-2015,2015,Unprovoked,February,M,41.0,Fatal,10:00,Other/Unknown,Y
Australia,New South Wales,"Seven Mile Beach, Byron Bay",Surfing,08-feb-2015,2015,Unprovoked,February,M,35.0,Injury,06:45,Other/Unknown,N
Australia,New South Wales,Mereweather Beach,Bodysurfing,05-feb-2015,2015,Unprovoked,February,M,,Minor injury,No time specified,Other/Unknown,N
Australia,Queensland,"Nerang River, Surfer'S  Paradise",Rowing,30-jan-2015,2015,Watercraft,January,M,57.0,No injury,05:00,Bull Shark,N
Usa,Hawaii,Lahaina,Shark fishing,27-jan-2015,2015,Provoked,January,M,20.0,Injury,03:30,Other/Unknown,N
Australia,New South Wales,Flat Rock,Surfing,24-jan-2015,2015,Unprovoked,January,M,,No injury,No time specified,Other/Unknown,N
South Africa,Eastern Cape Province,Nahoon Beach,Floating,23-jan-2015,2015,Unprovoked,January,M,24.0,Injury,No time specified,Other/Unknown,N
Usa,Florida,Off Panama City,Fishing,19-jan-2015,2015,Watercraft,January,M,,No injury,No time specified,White Shark,N
Australia,New South Wales,"Wategos Beach, Byon Bay",Surfing & filming dolphins,19-jan-2015,2015,Invalid,January,F,,Other,No time specified,Other/Unknown,UNKNOWN
Australia,New South Wales,Off Blacksmith Beach,Fishing,17-jan-2015,2015,Watercraft,January,M,,No injury,13:45,Other/Unknown,N
Australia,New South Wales,"Mollymook Beach, Bannister Head",Filming,16-jan-2015,2015,Unprovoked,January,M,17.0,Injury,No time specified,Other/Unknown,N
Usa,Florida,,Swimming after falling overboard,08-jan-2015,2015,Invalid,January,M,38.0,Injury,No time specified,Other/Unknown,UNKNOWN
Bahamas,Abaco Islands,"Tahiti Beach, Elbow Cay",Snorkeling,06-jan-2015,2015,Unprovoked,January,F,34.0,Severe injury,16:00,White Shark,N
South Africa,Eastern Cape Province,Chintsa East Beach,Surfing,03-jan-2015,2015,Unprovoked,January,M,15.0,Injury,08:00,Raggedtooth Shark,N
Usa,Florida,"Windsor Beach, Indian River County",,01-jan-2015,2015,Unprovoked,January,M,12.0,Injury,No time specified,Other/Unknown,N
Australia,New South Wales,Bherwerre Beach,Surfing,29-dec-2014,2014,Unprovoked,December,Unknown,,Injury,No time specified,Other/Unknown,N
Australia,Western Australia,Three Stripes Near Cheynes Beach,Spearfishing,29-dec-2014,2014,Unprovoked,December,M,17.0,Fatal,No time specified,White Shark,Y
Greece,,33 Nautical Miles Off Othonoi Island,,28-dec-2014,2014,Sea Disaster,December,Unknown,,Injury,No time specified,Other/Unknown,N
South Africa,Kwazulu-Natal,Durban,Swimming,28-dec-2014,2014,Invalid,December,Unknown,,Minor injury,No time specified,Other/Unknown,UNKNOWN
Usa,California,"Montaña De Oro State Park, San Luis Obispo County",Surfing,28-dec-2014,2014,Unprovoked,December,M,50.0,Injury,11:30,White Shark,N
Australia,Victoria,Paradise Beach,Fishing,28-dec-2014,2014,Provoked,December,M,,Injury,No time specified,Other/Unknown,N
Japan,,,Diving / Filming,reported 23-dec-2014,2014,Unprovoked,December,M,,No injury,No time specified,Other/Unknown,N
Australia,Queensland,Rudder Reef,Spearfishing,15-dec-2014,2014,Unprovoked,December,M,17.0,Fatal,11:30,Tiger Shark,Y
Spain,Granada,Off Motril,Fishing for blue sharks,reported 03-dec-2014,2014,Provoked,December,M,,Injury,07:00,Other/Unknown,N
Australia,Western Australia,"Pyramids Beach, Port Bouvard",Surfing,29-nov-2014,2014,Unprovoked,November,M,13.0,Minor injury,No time specified,Other/Unknown,N
Mauritius,Cargados Carajos Shoals (St. Brandon),,Fishing,20-nov-2014,2014,Provoked,November,M,39.0,Fatal,No time specified,Other/Unknown,Y
Australia,Western Australia,Freo,Fishing,19-nov-2014,2014,Watercraft,November,M,,No injury,No time specified,White Shark,N
Usa,California,"Franklin Point, San Mateo County",,reported 17-nov-2014,2014,Watercraft,November,Unknown,,No injury,No time specified,White Shark,N
Usa,Florida,"Indian Harbor Beach, Brevard County",Surfing,16-nov-2014,2014,Unprovoked,November,M,44.0,Injury,13:00,Other/Unknown,N
Usa,Hawaii,"Airplane Beach, Lahina, West Maui",Snorkeling,13-nov-2014,2014,Unprovoked,November,M,53.0,Injury,13:30,Other/Unknown,N
Australia,New South Wales,Moonee Beach,Surfing,10-nov-2014,2014,Unprovoked,November,M,,Minor injury,06:30,Other/Unknown,N
Usa,Florida,"Fort Pierce Inlet State Park, St. Lucie County",Surfing,08-nov-2014,2014,Unprovoked,November,M,18.0,Minor injury,16:30,Other/Unknown,N
Usa,Hawaii,"North Kohala, Hawaii County",Surfing,31-oct-2014,2014,Unprovoked,October,F,34.0,Injury,11:00,Tiger Shark,N
Australia,New South Wales,Wallabi Point,Surfing,29-oct-2014,2014,Provoked,October,M,20.0,Injury,18:00,Other/Unknown,N
Usa,Hawaii,"Kihei, Maui",Stand-Up Paddleboarding,22-oct-2014,2014,Unprovoked,October,F,,No injury,10:00,Tiger Shark,N
Usa,Hawaii,"Kahului, Maui",Stand-Up Paddleboarding,20-oct-2014,2014,Unprovoked,October,M,,No injury,08:00,Other/Unknown,N
Usa,California,"Leadbetter Beach, Santa Barbara County",Canoeing,19-oct-2014,2014,Watercraft,October,F,,No injury,No time specified,Other/Unknown,N
Australia,New South Wales,Avoca Beach,Surfing,17-oct-2014,2014,Unprovoked,October,F,13.0,Injury,06:30,Other/Unknown,N
Usa,South Carolina,"Hilton Head Island, Beaufort County",Standing in inner tube,14-oct-2014,2014,Unprovoked,October,F,7.0,Injury,No time specified,Bull Shark,N
Usa,Florida,"Melbourne Beach, Brevard County",Body surfing or Boogie boarding,12-oct-2014,2014,Unprovoked,October,F,,Injury,15:30,Other/Unknown,N
Australia,Western Australia,"Castle Rock, North Of Dunsborough",Kayaking,11-oct-2014,2014,Watercraft,October,M,,No injury,17:20,Other/Unknown,N
Usa,Florida,"New Smyrna Beach, Volusia County",Surfing,05-oct-2014,2014,Unprovoked,October,M,29.0,Injury,11:30,Blacktip Shark,N
Usa,Florida,"Cherie Down Park, Brevard County",Fishing,07-oct-2014,2014,Unprovoked,October,F,40.0,Injury,No time specified,Other/Unknown,N
Usa,Florida,"New Smyrna Beach, Volusia County",Surfing,05-oct-2014,2014,Unprovoked,October,M,15.0,Injury,11:00,Blacktip Shark,N
Usa,California,Santa Barbara County,Kayaking,03-oct-2014,2014,Watercraft,October,M,,No injury,14:00,White Shark,N
Usa,California,Santa Barbara County,Kayaking,03-oct-2014,2014,Watercraft,October,M,,No injury,11:30,White Shark,N
Usa,California,"Walls Beach, Vandenberg Afb, Santa Barbara County",Surfing,02-oct-2014,2014,Unprovoked,October,M,28.0,Injury,17:30,Other/Unknown,N
Australia,Western Australia,"Kelpids Beach, Wylie Bay, Esperance",Surfing,02-oct-2014,2014,Unprovoked,October,M,23.0,Severe injury,11:00,White Shark,N
Usa,Florida,"New Smyrna Beach, Volusia County",Surfing,21-sep-2014,2014,Unprovoked,September,M,,Minor injury,11:30,Other/Unknown,N
French Polynesia,Moorea,Tiahura Lagoon,Feeding fish,reported 12-sep-2014,2014,Unprovoked,September,F,36.0,Other,No time specified,Blacktip Shark,N
Usa,California,"Manresa State Beach, Santa Cruz County",Surfing,13-sep-2014,2014,Invalid,September,M,,Other,18:45,Other/Unknown,UNKNOWN
Australia,New South Wales,"Clarkes Beach, Byron Bay",Swimming,09-sep-2014,2014,Unprovoked,September,M,50.0,Fatal,10:45,Other/Unknown,Y
Usa,Alabama,"Katrina Cut, Dauphin Island, Mobile County",Fishing,06-sep-2014,2014,Unprovoked,September,M,43.0,Injury,13:00,Bull Shark,N
Usa,Massachusetts,"Manomet Point, Plymouth, Plymouth County",Kayaking,03-sep-2014,2014,Watercraft,September,F,,No injury,18:00,White Shark,N
Usa,Florida,"Fletcher Beach, Hutchinson Island, Martin County",Fishing,02-sep-2014,2014,Provoked,September,M,52.0,Injury,20:00,Other/Unknown,N
Spain,Catalonia,Salou,Playing with an air mattress,sep-2014,2014,Unprovoked,September,M,16.0,Injury,No time specified,Other/Unknown,N
Usa,Florida,"New Smyrna Beach, Volusia County",Body surfing,31-aug-2014,2014,Unprovoked,August,F,13.0,Injury,16:40,Other/Unknown,N
Usa,Florida,"Ponce Inlet, Volusia County",Surfing,29-aug-2014,2014,Unprovoked,August,M,17.0,Injury,No time specified,Blacktip Shark,N
Usa,Florida,"Atlantic Beach, Duval County",,29-aug-2014,2014,Invalid,August,Unknown,,Other,16:18,Other/Unknown,UNKNOWN
Usa,Maryland,Assateague National Seashore,Fishing,28-aug-2014,2014,Provoked,August,M,33.0,Injury,No time specified,Other/Unknown,N
Spain,Alicante,Benidorm,Swimming,27-aug-2014,2014,Unprovoked,August,F,,Minor injury,No time specified,Other/Unknown,N
Usa,North Carolina,"Figure Eight Island,  New Hanover County",Surfing,27-aug-2014,2014,Unprovoked,August,M,29.0,Injury,No time specified,Other/Unknown,N
Usa,South Carolina,"Surfside Beach, Horry  County",Standing,27-aug-2014,2014,Unprovoked,August,F,,Injury,15:00,Other/Unknown,N
Usa,Florida,Apalachicola Bay,Fishing for sharks,reported 25-aug-2014,2014,Provoked,August,M,,Injury,No time specified,Bull Shark,N
Usa,North Carolina,"Off Masonboro Island, New Hanover County",Kite boarding,24-aug-2014,2014,Unprovoked,August,Unknown,,Injury,No time specified,Other/Unknown,N
Australia,Western Australia,Gnaraloo,Spearfishing,16-aug-2014,2014,Unprovoked,August,M,31.0,Injury,No time specified,Other/Unknown,N
Usa,Florida,"3 To 4 Miles West Of Indian Pass, Gulf County",Standing,12-aug-2014,2014,Unprovoked,August,M,,Injury,11:10,Bull Shark,N
Usa,Florida,"Hallandale Beach, Broward County",,10-aug-2014,2014,Unprovoked,August,M,26.0,Injury,No time specified,Other/Unknown,N
Bahamas,,,Spearfishing,09-aug-2014,2014,Unprovoked,August,M,,Injury,No time specified,Bull Shark,N
Usa,Florida,"Lori Wilson Park, Cocoa Beach, Brevard  County",Swimming,09-aug-2014,2014,Unprovoked,August,F,10.0,Injury,13:30,Other/Unknown,N
Usa,Louisiana,"Lake Ponchartain Off Southshore Harbor, New Orleans",Swimming,08-aug-2014,2014,Unprovoked,August,M,7.0,Minor injury,No time specified,Bull Shark,N
Usa,South Carolina,"Folly Beach, Charleston County",Boogie boarding,06-aug-2014,2014,Unprovoked,August,M,10.0,Injury,14:00,Other/Unknown,N
Usa,Florida,"Cocoa Beach, Brevard  County",Swimming,05-aug-2014,2014,Unprovoked,August,F,45.0,Injury,No time specified,Other/Unknown,N
Usa,Florida,"South Of Cocoa Beach, Brevard County",Surfing,02-aug-2014,2014,Unprovoked,August,M,,Injury,No time specified,Other/Unknown,N
Usa,Florida,"Table Beach, Brevard County",Boogie boarding,02-aug-2014,2014,Unprovoked,August,M,8.0,Injury,13:00,Other/Unknown,N
South Africa,Western Cape Province,Muizenberg,Surfing,01-aug-2014,2014,Unprovoked,August,M,20.0,Injury,14:00,White Shark,N
,,,Sea disaster,aug-2014,2014,Invalid,August,M,,Other,No time specified,Other/Unknown,UNKNOWN
Usa,North Carolina,"Sunset Beach, Brunswick County",Swimming,27-jul-2014,2014,Unprovoked,July,M,,Injury,No time specified,Tiger Shark,N
Reunion,Saint-Leu,,Surfing,22-jul-2014,2014,Unprovoked,July,M,51.0,Injury,15:00,Other/Unknown,N
Usa,Florida,"Indialantic, Brevard County",Standing,21-jul-2014,2014,Unprovoked,July,M,8.0,Injury,No time specified,Other/Unknown,N
Spain,Canary Islands,"Teresita, Santa Cruz, Tenerife",Wading,20-jul-2014,2014,Unprovoked,July,Unknown,,Minor injury,No time specified,Other/Unknown,N
Usa,Hawaii,"Paia Bay, Maui",Swimming,16-jul-2014,2014,Unprovoked,July,M,61.0,Injury,17:50,Other/Unknown,N
Usa,Florida,Okaloosa Island,Swimming,14-jul-2014,2014,Unprovoked,July,M,39.0,Injury,14:30,Other/Unknown,N
Bahamas,West End,Tiger Beach,Shark diving,13-jul-2014,2014,Invalid,July,M,63.0,Other,No time specified,Other/Unknown,UNKNOWN
Usa,North Carolina,"Masonboro Island, New Hanover County",Body surfing,12-jul-2014,2014,Unprovoked,July,M,,Injury,No time specified,Other/Unknown,N
Usa,Florida,"New Smyrna Beach, Volusia County",Surfing,9-jul-2014,2014,Unprovoked,July,M,14.0,Injury,14:00,Other/Unknown,N
Usa,California,"Manhattan Beach, Los Angeles County",Swimming,5-jul-2014,2014,Provoked,July,M,,Injury,09:30,White Shark,N
Usa,California,"Oceano Dunes State Beach, San Luis Obispo County",Surfing,5-jul-2014,2014,Unprovoked,July,M,,No injury,07:00,Other/Unknown,N
Usa,South Carolina,"Isle Of Palms, Charleston County",Body surfing,3-jul-2014,2014,Unprovoked,July,M,19.0,Injury,18:15,Other/Unknown,N
St. Martin,,20 Miles From Shore,Transatlantic Rowing,reported 27-jun-2014,2014,Watercraft,June,M,48.0,Other,No time specified,White Shark,N
Bahamas,Abaco Islands,,Spearfishing,25-jun-2014,2014,Unprovoked,June,M,42.0,No injury,13:00,Other/Unknown,N
Australia,South Australia,"Middleton Point, Fleurieu Peninsula",Surfing,18-jun-2014,2014,Unprovoked,June,M,,No injury,17:01,Other/Unknown,N
Australia,South Australia,"Middleton Point, Fleurieu Peninsula",Body boarding,18-jun-2014,2014,Unprovoked,June,M,15.0,Injury,17:00,Other/Unknown,N
Australia,Western Australia,Horizontal Falls,Petting a shark,reported 17-jun-2014,2014,Provoked,June,M,,Injury,No time specified,Lemon Shark,N
Brazil,,500 Km Off The Coast Of Pernambuco,Fishing,09-jun-2014,2014,Unprovoked,June,M,43.0,Severe injury,No time specified,Other/Unknown,N
Usa,Delaware,"Cape Henlopen State Park, Sussex County",Standing,09-jun-2014,2014,Unprovoked,June,M,16.0,Minor injury,17:00,Other/Unknown,N
Australia,South Australia,"Parsons Beach,  Fleurieu Peninsula",Body boarding,09-jun-2014,2014,Unprovoked,June,M,39.0,Minor injury,09:45,Bronze Whaler Shark,N
Japan,Atsumi Peninsula,Aichi,Surfing,08-jun-2014,2014,Unprovoked,June,M,43.0,Injury,No time specified,Other/Unknown,N
Usa,Texas,"West Beach, Galveston",Kneeling in the water,07-jun-2014,2014,Unprovoked,June,F,14.0,Injury,No time specified,Other/Unknown,N
Usa,Florida,Fort Lauderdale,Swimming,01-jun-2014,2014,Unprovoked,June,F,22.0,Injury,13:30,Bull Shark,N
Australia,New South Wales,"Seven Mile Beach, Gerroa",Surfing,01-jun-2014,2014,Unprovoked,June,M,,Injury,No time specified,Other/Unknown,N
Usa,Palmyra Atoll,,Tagging sharks,01-jun-2014,2014,Unprovoked,June,F,37.0,Injury,No time specified,Blacktip Shark,N
Australia,Queensland,Nerang River Near Chevron Island,Fell into the water,24-may-2014,2014,Unprovoked,May,F,29.0,Injury,No time specified,Bull Shark,N
France,Wallis And Futuna,Wallis Island,Scuba diving,23-may-2014,2014,Unprovoked,May,M,,Injury,No time specified,Other/Unknown,N
Australia,New South Wales,The Australian Shark And Ray Centre,Teasing a shark,22-may-2014,2014,Provoked,May,M,10.0,Injury,No time specified,Nurse Shark,N
Usa,Florida,"Juan Ponce De León Landing, Melbourne Beach, Brevard County",Body boarding,15-may-2014,2014,Unprovoked,May,F,38.0,Injury,11:30,Other/Unknown,N
Australia,South Australia,"Elliston, Eyre Peninsula",Surfing,14-may-2014,2014,Unprovoked,May,M,35.0,No injury,09:30,White Shark,N
Usa,Florida,"Jacksonville Beach, Duval County",Wading,13-may2014,2014,Unprovoked,May,F,44.0,Injury,11:00,Other/Unknown,N
Usa,Georgia,"Tybee Island, Chatham County",Surfing,11-may-2014,2014,Unprovoked,May,M,12.0,Injury,No time specified,Other/Unknown,N
Usa,Florida,"Bethel Shoals, Indian River County",Diving,reported 10-may-2014,2014,Invalid,May,M,,No injury,No time specified,Other/Unknown,UNKNOWN
Usa,South Carolina,"Coligny Beach, Hilton Head, Beaufort County",Swimming,06-may-2014,2014,Unprovoked,May,F,40.0,Injury,15:00,Other/Unknown,N
South Africa,Western Cape Province,Simonstown,Diving,04-may-2014,2014,Unprovoked,May,Unknown,,Injury,No time specified,Other/Unknown,N
Usa,Florida,"New Smyrna Beach, Volusia County",Surfing,01-may-2014,2014,Unprovoked,May,M,23.0,Injury,15:00,Other/Unknown,N
Australia,Western Australia,"South Passage, South Of Coral Bay",Spearfishing,24-apr-2014,2014,Unprovoked,April,M,,Minor injury,No time specified,Other/Unknown,N
Usa,Florida,"Cocoa Beach, Brevard  County",Swimming,22-apr-2014,2014,Unprovoked,April,M,42.0,Injury,15:30,Other/Unknown,N
Usa,Florida,"New Smyrna Beach, Volusia County",Wading,15-apr-2014,2014,Unprovoked,April,M,25.0,Minor injury,09:57,Other/Unknown,N
South Africa,,,Shark watching,reported 12-apr-2014,2014,Watercraft,April,Unknown,,No injury,No time specified,White Shark,N
South Africa,Eastern Cape Province,Port Alfred,Fishing,12-apr-2014,2014,Provoked,April,M,,Injury,No time specified,Raggedtooth Shark,N
Usa,Florida,"New Smyrna Beach, Volusia County",Surfing,04-apr-2014,2014,Unprovoked,April,M,13.0,Minor injury,13:50,Other/Unknown,N
Usa,Florida,"New Smyrna Beach, Volusia County",Surfing,04-apr-2014,2014,Unprovoked,April,M,14.0,Injury,13:30,Other/Unknown,N
Australia,New South Wales,Tathra,Swimming,03-apr-2014,2014,Unprovoked,April,F,63.0,Fatal,08:20,White Shark,Y
Australia,Western Australia,Off Dawesville Cut,Diving for lobsters,29-mar-2014,2014,Invalid,March,M,38.0,Injury,13:30,Other/Unknown,UNKNOWN
South Africa,Eastern Cape Province,"Second Beach, Port St Johns",Swimming,22-mar-2014,2014,Unprovoked,March,M,66.0,Fatal,15:00,Other/Unknown,Y
Usa,Florida,Delray Beach,Kite Surfing,22-mar-2014,2014,Unprovoked,March,M,,Injury,No time specified,Other/Unknown,N
Usa,Florida,Macarthur State Park,Surfing,21-mar-2014,2014,Unprovoked,March,M,9.0,Injury,No time specified,Other/Unknown,N
New Caledonia,Baie De Sainte-Marie,,Kite Surfing,18-mar-2014,2014,Unprovoked,March,M,42.0,Injury,17:58,Other/Unknown,N
Australia,Victoria,Winkipop Beach,Surfing,18-mar-2014,2014,Unprovoked,March,M,42.0,No injury,No time specified,Other/Unknown,N
Australia,New South Wales,Lennox Head,,18-mar-2014,2014,Invalid,March,F,10.0,Injury,17:00,Other/Unknown,UNKNOWN
Australia,New South Wales,Lighthouse Beach,Swimming,12-mar-2014,2014,Unprovoked,March,M,,Minor injury,18:00,Wobbegong Shark,N
Cayman Islands,,,Scuba diving / culling lionfish,13-mar-2014,2014,Invalid,March,M,,No injury,No time specified,Other/Unknown,UNKNOWN
Usa,Florida,"Santa Lucea Beach, South Hutchinson Island, St. Lucie County",Surfing,02-mar-2014,2014,Unprovoked,March,M,21.0,Injury,No time specified,Blacktip Shark,N
French Polynesia,Society Islands,Huahine,Kitesurfing,20-feb-2014,2014,Unprovoked,February,M,21.0,Injury,16:00,Blacktip Shark,N
Papua New Guinea,,,Sailing,reported 17-feb-2014,2014,Watercraft,February,M,21.0,No injury,No time specified,Other/Unknown,N
Australia,South Australia,"Goldsmith Beach, Yorke Peninsula",Spearfishing / Free diving,08-feb-2014,2014,Unprovoked,February,M,28.0,Fatal,12:00,Other/Unknown,Y
Trinidad & Tobago,Trinidad,,Fishing,07-feb-2014,2014,Provoked,February,M,,Other,No time specified,Other/Unknown,N
New Zealand,South Island,Porpoise Bay,Surfing,07-feb-2014,2014,Unprovoked,February,M,28.0,Injury,20:30,Other/Unknown,N
Australia,New South Wales,Umina Beach,Fishing,26-jan-2014,2014,Provoked,January,M,,Injury,No time specified,Other/Unknown,N
New Zealand,South Island,Garden Bay Near Cosy Nook,Spearfishing,25-jan-2014,2014,Unprovoked,January,M,24.0,Minor injury,No time specified,Other/Unknown,N
Japan,Okinawa Prefecture,Off Miyako Island,Sea disaster,04-jan-2014,2014,Sea Disaster,January,M,31.0,Injury,No time specified,Other/Unknown,N
Usa,Hawaii,,Free diving / Photographing pilot whales,2014,2014,Unprovoked,,M,,Minor injury,No time specified,White Shark,N
New Zealand,,Stewart Island,Filming a documentary,2014,2014,Watercraft,,Unknown,,No injury,No time specified,White Shark,N
New Caledonia,North Province,"Lindéralique, Hienghène",Snorkeling,25-dec-2013,2013,Unprovoked,December,M,37.0,Injury,11:00,Bull Shark,N
South Africa,Western Cape Province,Die Platt,Surfing,16-dec-2013,2013,Unprovoked,December,M,19.0,Injury,08:45,White Shark,N
Kiribati,740 Miles Se Of Tarawa Atoll,,Attempting to remove fishing net from submerged object,13-dec-2013,2013,Unprovoked,December,M,35.0,Severe injury,No time specified,Other/Unknown,N
Usa,Hawaii,"Ninole Bay, Hawaii County",Boogie boarding,11-dec-2013,2013,Unprovoked,December,M,29.0,Injury,08:00,Tiger Shark,N
Usa,Florida,"Cocoa Beach, Brevard  County",Surfing,10-dec-2013,2013,Unprovoked,December,M,30.0,Injury,14:30,Other/Unknown,N
Australia,New South Wales,"Shelly Beach, Near Port Macquarie",Surfing,05-dec-2013,2013,Unprovoked,December,M,26.0,Injury,18:15,Wobbegong Shark,N
Usa,Hawaii,"Between  Makena & Molokini, Maui",Kayaking / Fishing,02-dec-2013,2013,Unprovoked,December,M,57.0,Fatal,09:00,Other/Unknown,Y
Australia,New South Wales,"Riecks Point,  Campbell’S Beach,",Body boarding,30-nov-2013,2013,Unprovoked,November,M,19.0,Fatal,14:00,Tiger Shark,Y
Usa,Hawaii,"Keawekapu Beach, Kihei, Maui",Snorkeling,29-nov2013,2013,Unprovoked,November,F,58.0,Injury,13:00,Other/Unknown,N
Australia,Western Australia,Gracetown,Surfing,23-nov-2013,2013,Unprovoked,November,M,35.0,Fatal,09:00,White Shark,Y
Usa,Oregon,"Gleneden Beach, Lincoln County",Surfing,22-nov-2013,2013,Unprovoked,November,M,25.0,No injury,10:30,White Shark,N
Australia,Western Australia,"Trigg Beach, Perth",Surfing,12-nov-2013,2013,Unprovoked,November,M,,No injury,15:00,White Shark,N
Bahamas,,Off Cape Eleuthera,Shark fishing,10-nov-2013,2013,Provoked,November,M,77.0,Injury,11:00,Other/Unknown,N
Usa,New Jersey,"Bay Head, Ocean County",Body boarding,07-nov-2013,2013,Unprovoked,November,M,16.0,No injury,No time specified,Other/Unknown,N
Usa,Florida,"Floridana Beach, Brevard County",Surfing,07-nov-2013,2013,Unprovoked,November,M,,Injury,No time specified,Other/Unknown,N
Usa,Hawaii,"Kanaha Beach, Maui",Kiteboarding,31-oct-2013,2013,Unprovoked,October,M,46.0,Severe injury,15:19,Tiger Shark,N
Australia,Western Australia,Turquoise Bay,Snorkeling,28-oct-2013,2013,Unprovoked,October,F,60.0,Injury,No time specified,Blacktip Shark,N
Reunion,D’Étang-Salé,Ravine Mula,Body boarding,26-oct-2013,2013,Unprovoked,October,M,24.0,Severe injury,16:30,Bull Shark,N
Australia,Western Australia,"Little Island, Near Hillarys",Diving for crayfish,26-oct-2013,2013,Unprovoked,October,M,,No injury,10:55,White Shark,N
Australia,New South Wales,South Narrabeen Beach,Surfing,24-oct-2013,2013,Unprovoked,October,M,41.0,Injury,18:15,Wobbegong Shark,N
Usa,Hawaii,"Waiehu, Maui",Diving,23-oct-2013,2013,Unprovoked,October,M,45.0,Injury,15:55,White Shark,N
Usa,Hawaii,"Pila'A Beach, Kaua'I",Surfing,20-oct-2013,2013,Unprovoked,October,M,25.0,No injury,11:00,Tiger Shark,N
Usa,Florida,Miami Beach,Wading,19-oct-2013,2013,Unprovoked,October,M,6.0,Injury,No time specified,Nurse Shark,N
South Africa,Eastern Cape Province,"Albatros Point, Near Jeffrey'S Bay",Swimming / snorkeling,11-oct-2013,2013,Unprovoked,October,M,74.0,Fatal,11:30,White Shark,Y
Australia,Western Australia,"Off Poison Creek, Cape Arid",Diving for Abalone,08-oct-2013,2013,Unprovoked,October,M,55.0,Injury,10:30,White Shark,N
Usa,California,"Bunkers, Humboldt Bay, Eureka, Humboldt County",Surfing,06-oct-2013,2013,Unprovoked,October,M,45.0,Injury,08:45,White Shark,N
Usa,Florida,"Destin, Okaloosa County",Wading,10-oct-2013,2013,Unprovoked,October,M,12.0,Injury,15:30,Bull Shark,N
Usa,Florida,"Melbourne Beach, Brevard County",Surfing,29-sep-2013,2013,Unprovoked,September,M,50.0,Injury,10:00,Other/Unknown,N
Israel,Southern District,Ashdod,Diving,29-sep-2013,2013,Unprovoked,September,M,27.0,Injury,11:30,Other/Unknown,N
Usa,Florida,"Panama City, Bay County",Standing,25-sep-2013,2013,Unprovoked,September,M,7.0,Injury,10:30,Other/Unknown,N
Usa,Florida,"Ormond Beach, Volusia County",Swimming,21-sep-2013,2013,Unprovoked,September,M,45.0,Injury,13:00,Other/Unknown,N
Usa,Florida,"Carlin Park, Jupiter, Palm Beach County",Surfing,21-sep-2013,2013,Unprovoked,September,M,,Injury,No time specified,Other/Unknown,N
Usa,Florida,"Casino Beach, Pensacola, Escambia County",Swimming,14-sep-2013,2013,Unprovoked,September,M,21.0,Injury,15:30,Bull Shark,N
Usa,Florida,"New Smyrna Beach,  Volusia County",Surfing,12-sep-2013,2013,Unprovoked,September,F,13.0,Injury,13:00,Other/Unknown,N
Usa,South Carolina,"St. Helena Island, Beaufort County",,08-sep-2013,2013,Unprovoked,September,F,,Unknown,No time specified,Other/Unknown,UNKNOWN
Usa,Florida,"New Smyrna Beach,  Volusia County",Surfing,07-sep-2013,2013,Provoked,September,M,43.0,Injury,16:00,Other/Unknown,N
Usa,Florida,"New Smyrna Beach,  Volusia County",Standing,07-sep-2013,2013,Unprovoked,September,M,25.0,Minor injury,16:00,Other/Unknown,N
Usa,Florida,"Ormond Beach, Volusia County",Swimming,02-sep-2013,2013,Unprovoked,September,M,17.0,Injury,13:00,Other/Unknown,N
Usa,Florida,Key West Aquarium,,01-sep-2013,2013,Provoked,September,M,3.0,Injury,No time specified,Nurse Shark,N
Bahamas,,,,01-sep-2013,2013,Unprovoked,September,M,,Injury,No time specified,Other/Unknown,N
Usa,Florida,"St Augustine Beach, St Johns County",Casting a net,01-sep-2013,2013,Unprovoked,September,M,9.0,Injury,12:00,Other/Unknown,N
Bahamas,,Freetown Beach,Spearfishing,31-aug-2013,2013,Unprovoked,August,M,,Injury,No time specified,Blacktip Shark,N
Usa,California,"Butterfly Beach, Montecito, Santa Barbara County",Swimming,31-aug-2013,2013,Unprovoked,August,M,,Injury,23:00,Other/Unknown,N
Usa,California,Catalina Channel,Marathon swimming,29-aug-2013,2013,Invalid,August,F,47.0,Injury,No time specified,Other/Unknown,UNKNOWN
France,Bay Of Biscay,,Longline fishing for sharks,26-aug-2013,2013,Provoked,August,M,50.0,Injury,20:30,Other/Unknown,N
Usa,Florida,"Winterhaven Park,           Ponce Inlet, Volusia County",Boogie boarding,25-aug-2013,2013,Unprovoked,August,F,11.0,Minor injury,17:00,Other/Unknown,N
Australia,New South Wales,Smiths,Wrangling a shark,25-aug-2013,2013,Unprovoked,August,M,,Injury,15:00,Other/Unknown,N
Usa,Hawaii,Pohoiki,Surfing,18-aug-2013,2013,Unprovoked,August,M,16.0,Injury,13:00,Other/Unknown,N
Usa,California,"Pillar Point, Half-Moon Bay, San Mateo County",Surfing,17-aug-2013,2013,Unprovoked,August,F,,No injury,12:40,White Shark,N
Usa,Hawaii,"Makenat, Maui",Snorkeling,14-aug-2013,2013,Unprovoked,August,F,20.0,Fatal,16:30,Tiger Shark,Y
Usa,Hawaii,"Ka'A Point, Maui",Kiteboarding,13-aug-2013,2013,Unprovoked,August,F,19.0,No injury,13:55,Other/Unknown,N
Usa,South Carolina,Folly Beach,Surfing,11-aug-2013,2013,Unprovoked,August,M,10.0,No injury,17:30,Bull Shark,N
South Africa,,,Attempting to free the shark,reported 08-aug-2013,2013,Unprovoked,August,M,,Unknown,No time specified,Blacktip Shark,N
Usa,Florida,"Sanibel Island, Lee County",Fishing,05-aug-2013,2013,Unprovoked,August,M,17.0,Minor injury,15:00,Bull Shark,N
Usa,Hawaii,"Ulua Beach, Maui",Snorkeling,31-jul-2013,2013,Unprovoked,July,F,56.0,Injury,08:45,Other/Unknown,N
Usa,South Carolina,"Isle Of Palms, Charleston County",Swimming,30-jul-2013,2013,Unprovoked,July,M,32.0,Injury,No time specified,Other/Unknown,N
Bahamas,Abaco Islands,Scotland Cay,Spearfishing,28-jul-2013,2013,Unprovoked,July,M,40.0,Injury,16:05,Other/Unknown,N
Mexico,Quintana Roo,,Wading,29-jul-2013,2013,Unprovoked,July,F,,Injury,11:00,Other/Unknown,N
Usa,Hawaii,"White Plains Beach, Oahu",Surfing,29-jul-2013,2013,Unprovoked,July,M,18.0,Injury,14:10,Tiger Shark,N
Bahamas,Exuma Islands,Compass Cay,Cleaning fish,28-jul-2013,2013,Unprovoked,July,M,64.0,Injury,16:45,Nurse Shark,N
Bahamas,Abaco Islands,Grand Cay,Diving,28-jul-2013,2013,Unprovoked,July,M,50.0,Injury,11:15,Other/Unknown,N
Brazil,Pernambuco,"Boa Viagem Beach, Recife",Swimming,22-jul-2013,2013,Unprovoked,July,F,18.0,Fatal,13:20,Other/Unknown,Y
Usa,Alabama,"Gulf Shores, Baldwin County",Walking in surf,19-jul-2013,2013,Unprovoked,July,F,50.0,Minor injury,14:30,Other/Unknown,N
Usa,Florida,"Butler Beach, St Augustine,       St. Johns County",Swimming,reported 17-jul-2013,2013,Unprovoked,July,M,,Injury,No time specified,Other/Unknown,N
Reunion,Saint-Paul,Le Cimetière Marin,Swimming & snorkeling,15-jul-2013,2013,Unprovoked,July,F,15.0,Fatal,14:15,Other/Unknown,Y
Diego Garcia,,,Swimming,14-jul-2013,2013,Unprovoked,July,M,33.0,Fatal,No time specified,Other/Unknown,Y
Usa,North Carolina,Holden Beach. Brunswick County,Wading,11-jul-2013,2013,Unprovoked,July,F,63.0,Injury,15:20,Other/Unknown,N
Spain,Catalonia,"Sant Marti D’Empuries Beach, L’Escala",Swimming,07-jul-2013,2013,Invalid,July,M,48.0,Other,No time specified,Other/Unknown,UNKNOWN
Australia,Victoria,"Flinders, Mornington Penisula",Body surfing,02-jul-2013,2013,Unprovoked,July,M,29.0,No injury,No time specified,Other/Unknown,N
Taiwan,Taitung,,Fishing,30-jun-2013,2013,Unprovoked,June,M,,Injury,No time specified,Other/Unknown,N
Jamaica,Kingston Parish,Port Royal,,27-jun-2013,2013,Invalid,June,M,20.0,Injury,No time specified,Other/Unknown,UNKNOWN
Usa,California,"Pacific State , San Mateo County",Kayaking / Fishing,25-jun-2013,2013,Watercraft,June,M,,No injury,15:30,White Shark,N
Usa,Florida,"Jacksonville, Duval County",Swimming,25-jun-2013,2013,Unprovoked,June,M,,Injury,No time specified,Bull Shark,N
Usa,South Carolina,"Kiawah Island, Charleston County",Swimming,25-jun-2013,2013,Unprovoked,June,M,14.0,Minor injury,12:45,Other/Unknown,N
Usa,Hawaii,Kona Coast State Park,Swimming,18-jun-2013,2013,Unprovoked,June,M,28.0,Injury,12:50,Tiger Shark,N
Usa,Texas,"Surfside Beach, Brazoria County",Swimming,17-jun-2013,2013,Unprovoked,June,M,15.0,Injury,14:45,Other/Unknown,N
South Africa,Eastern Cape Province,Queensberry Bay,Surfing,16-jun-2013,2013,Unprovoked,June,M,,Injury,No time specified,Other/Unknown,N
Usa,Florida,"Atlantic Beach, Duval County",Surfing,15-jun-2013,2013,Unprovoked,June,F,,Injury,No time specified,Other/Unknown,N
Usa,South Carolina,"Myrtle Beach, Horry County",Boogie Boarding,reported 14-jun-2013,2013,Unprovoked,June,F,10.0,Injury,No time specified,Other/Unknown,N
Usa,Florida,"Off Snipe Point, Florida Keys, Monroe County",Fishing for sharks,06-jun-2013,2013,Provoked,June,M,58.0,Injury,No time specified,Lemon Shark,N
Australia,New South Wales,Target Beach,Surfing,06-jun-2013,2013,Unprovoked,June,M,,No injury,16:00,Other/Unknown,N
Usa,Hawaii,"Halewia, Oahu",Diving,27-may-2013,2013,Unprovoked,May,M,32.0,Injury,No time specified,Other/Unknown,N
Usa,Florida,"Ormond Beach, Volusia County",Swimming,27-may-2013,2013,Unprovoked,May,M,11.0,Injury,No time specified,Other/Unknown,N
Brazil,Pernambuco,Coral Cove Beach,,23-may-2013,2013,Unprovoked,May,M,41.0,Fatal,No time specified,Other/Unknown,Y
Palestinian Territories,,Gaza,Fishing,23-may-2013,2013,Provoked,May,M,30.0,Severe injury,No time specified,Other/Unknown,N
Ecuador,Santa Cruz Island,"Playa Brava, Turtle Bay",Surfing,14-may-2014,2013,Unprovoked,May,M,29.0,Injury,12:00,Other/Unknown,N
Usa,California,"Tourmaline Surf Park, San Diego County",Surfing,08-may-2013,2013,Invalid,May,M,42.0,Injury,No time specified,Other/Unknown,UNKNOWN
Reunion,Saint-Gilles,Brisant Beach,Body boarding,08-may-2013,2013,Unprovoked,May,M,36.0,Fatal,08:20,Bull Shark,Y
Usa,Florida,"Melbourne Beach, Brevard County",Surfing,04-may-2013,2013,Unprovoked,May,M,16.0,Injury,11:15,Other/Unknown,N
Australia,New South Wales,Emerald Beach,Fishing,28-apr-2013,2013,Provoked,April,M,,Injury,No time specified,Wobbegong Shark,N
Mexico,Quintana Roo,"Seagull Beach, Cancun",Swimming,24-apr-2013,2013,Unprovoked,April,F,34.0,Injury,13:40,Tiger Shark,N
Australia,New South Wales,Crowdy Head,Fishing,21-apr-2013,2013,Unprovoked,April,M,51.0,Injury,14:00,Nurse Shark,N
Usa,Florida,"Near Boynton Beach, Palm Beach County",Playing in the surf,17-apr-2013,2013,Unprovoked,April,M,9.0,Injury,10:30,Other/Unknown,N
South Africa,Western Cape Province,False Bay,Free diving,14-apr-2013,2013,Unprovoked,April,M,,Minor injury,No time specified,Other/Unknown,N
Usa,Florida,"New Smyrna Beach, Volusia County",Surfing,13-apr-2013,2013,Unprovoked,April,M,21.0,Minor injury,13:30,Bull Shark,N
Guam,,,,13-apr-2013,2013,Unprovoked,April,M,40.0,Fatal,No time specified,Other/Unknown,Y
French Polynesia,Tuamotus,"North Pass, Fakarava",Kite boarding,10-apr-2013,2013,Unprovoked,April,M,53.0,Injury,12:00,Blacktip Shark,N
Usa,Florida,"Jensen Beach, Martin County",Swimming,04-apr-2013,2013,Unprovoked,April,M,50.0,Injury,No time specified,Other/Unknown,N
Australia,Western Australia,Perth,,reported 02-apr-2013,2013,Invalid,April,M,24.0,Other,No time specified,Other/Unknown,UNKNOWN
Usa,Hawaii,Ka’Anapali Shores,Surfing,02-apr-2013,2013,Unprovoked,April,M,58.0,Injury,08:30,Other/Unknown,N
Australia,New South Wales,Terrigal Beach,Surfing,31-mar-2013,2013,Invalid,March,M,47.0,Other,No time specified,Other/Unknown,UNKNOWN
Seychelles,,Ile Platte,Free diving,29-mar-2013,2013,Unprovoked,March,M,34.0,Injury,No time specified,Other/Unknown,N
Belize,,,Snorkeling,reported 21-mar-2013,2013,Unprovoked,March,F,,Injury,No time specified,Nurse Shark,N
Bahamas,Eleuthera,Savannah Sound,Fly fishing,21-mar-2013,2013,Unprovoked,March,M,50.0,Injury,No time specified,Other/Unknown,N
South Africa,Western Cape Province,De Mond,Fishing - 'tag & release',16-mar-2013,2013,Provoked,March,M,30.0,Injury,09:00,Raggedtooth Shark,N
South Africa,Western Cape Province,Hawston Beach,Surfing,16-mar-2013,2013,Unprovoked,March,M,,No injury,No time specified,Other/Unknown,N
Jamaica,St. Catherine,Pillikin Red Light Area,Spearfishing,12-mar-2013,2013,Unprovoked,March,M,68.0,Fatal,09:00,Tiger Shark,Y
Australia,Western Australia,African Reef Off Geraldton,Spearfishing,10-mar-2013,2013,Unprovoked,March,M,28.0,Injury,09:00,Bronze Whaler Shark,N
Philippines,Palawan,Off Likas Island,Swimming to shore with floatioon devices after boat engine conked out,10-mar-2013,2013,Unprovoked,March,M,,Minor injury,No time specified,Other/Unknown,N
South Africa,Eastern Cape Province,Port St. John'S,Swimming,03-mar-2013,2013,Unprovoked,March,M,39.0,Injury,No time specified,Other/Unknown,N
New Zealand,North Island,Muriwai,Swimming,27-feb-2013,2013,Unprovoked,February,M,46.0,Fatal,13:24,White Shark,Y
Usa,Hawaii,"Ka'Anapali, Honokowai, Maui",Surfing,21-feb-2013,2013,Unprovoked,February,Unknown,,Injury,18:00,Other/Unknown,N
Usa,Hawaii,"Paia Bay, Maui",Surfing,21-feb-2013,2013,Unprovoked,February,M,,No injury,18:00,Other/Unknown,N
Usa,Florida,"""Stuart Rocks"", Martin County",Surfing,10-feb-2013,2013,Unprovoked,February,M,16.0,Injury,14:00,Blacktip Shark,N
French Polynesia,Society Islands,"Tapu, A Dive Site On The Outer Reefs Of Bora Bora",Scuba diving,09-feb-2013,2013,Unprovoked,February,M,48.0,Injury,09:00,Lemon Shark,N
Jamaica,Kingston Parish,Pedro Cays,,01-feb-2013,2013,Unprovoked,February,M,18.0,Injury,No time specified,Other/Unknown,N
Australia,Victoria,Cape Nelson,Fishing,26-jan-2013,2013,Watercraft,January,M,,No injury,No time specified,White Shark,N
Australia,Queensland,Noosa,Surfing,25-jan-2013,2013,Unprovoked,January,M,,Injury,No time specified,Other/Unknown,N
Australia,Queensland,Bullcock Beach,Dragging stranded shark into deeper water,reported 21-jan-2013,2013,Invalid,January,M,62.0,No injury,No time specified,Other/Unknown,UNKNOWN
Usa,Hawaii,Kiholo Bay,Surfing,16-jan-2013,2013,Unprovoked,January,M,43.0,Injury,16:30,Tiger Shark,N
New Zealand,Mercury Islands,Great Mercury Island,Spearfishing,13-jan-2013,2013,Unprovoked,January,M,,Minor injury,No time specified,Bronze Whaler Shark,N
Australia,Western Australia,Near Legendre Island,Spearfishing / Free diving,05-jan-2013,2013,Unprovoked,January,M,26.0,Injury,10:00,Other/Unknown,N
Usa,Florida,"Jensen Beach, Martin County",Swimming,31-dec-2012,2012,Unprovoked,December,M,,Injury,14:00,Other/Unknown,N
Australia,New South Wales,Between Dee Why And Long Reef,Surfing,30-dec-2012,2012,Unprovoked,December,M,23.0,No injury,12:45,Other/Unknown,N
Australia,New South Wales,"Kylie'S Beach, Diamond Head",Paddle boarding,28-dec-2012,2012,Unprovoked,December,M,29.0,Injury,10:45,Bull Shark,N
South Africa,Eastern Cape Province,Port St. John'S,Swimming,25-dec-2012,2012,Unprovoked,December,M,20.0,Fatal,No time specified,Tiger Shark,Y
Australia,Western Australia,Trigg Beach,Surfing,19-dec-2012,2012,Unprovoked,December,M,32.0,No injury,08:30,Tiger Shark,N
Usa,Hawaii,Kauai,Surfing,05-dec-2012,2012,Unprovoked,December,M,60.0,Injury,13:20,Other/Unknown,N
Australia,New South Wales,Green Island,Spearfishing,02-dec-2012,2012,Unprovoked,December,M,31.0,Minor injury,16:45,Tiger Shark,N
New Zealand,South Island,"Sunday Cove, Fiordland",Scuba diving,december 2012,2012,Unprovoked,December,F,25.0,No injury,No time specified,Other/Unknown,N
Usa,Hawaii,"Kihei, Maui",Snorkeling,30-nov-2012,2012,Unprovoked,November,M,61.0,Injury,09:40,Tiger Shark,N
Australia,Queensland,Mooloolaba,,27-nov-2012,2012,Invalid,November,M,20.0,Injury,14:50,Other/Unknown,UNKNOWN
Mexico,Sinaloa,Nuevo Altata,Swimming,22-nov-2012,2012,Unprovoked,November,M,32.0,Fatal,11:40,Other/Unknown,Y
Usa,Florida,"Melbourne Beach, Brevard County",Surfing,19-nov-2012,2012,Unprovoked,November,M,14.0,Minor injury,17:30,Other/Unknown,N
Usa,Hawaii,"Makena Landing, Maui",Diving,04-nov-2012,2012,Unprovoked,November,M,30.0,Injury,08:30,Tiger Shark,N
Usa,Hawaii,"Davidson'S Surf Break, Kekaha, Kaua'I",Surfing,04-nov-2012,2012,Unprovoked,November,M,43.0,No injury,08:10,Tiger Shark,N
Usa,California,"Humboldt Bay, Eureka, Humboldt County",Surfing,30-oct-2012,2012,Unprovoked,October,M,25.0,Injury,12:00,White Shark,N
Usa,Hawaii,"Makena Landing, Maui",Swimming,27-oct-2012,2012,Unprovoked,October,F,51.0,Injury,15:56,Tiger Shark,N
Usa,California,"Surf Beach, Lompoc, Santa Barbara County",Surfing,23-oct-2012,2012,Unprovoked,October,M,39.0,Fatal,11:00,White Shark,Y
Usa,Florida,"Seaport, Brevard County",,19-oct-2012,2012,Unprovoked,October,F,35.0,Injury,No time specified,Other/Unknown,N
Usa,Florida,"Ponce Inlet, Volusia County",Surfing,18-oct-2012,2012,Unprovoked,October,M,24.0,Minor injury,10:30,Other/Unknown,N
Usa,Hawaii,"Kanaha Beach, Maui",Paddle boarding,18-oct-2012,2012,Unprovoked,October,M,55.0,No injury,07:30,Other/Unknown,N
Usa,Florida,Hobe Sound,,16-oct-2012,2012,Invalid,October,M,,Injury,17:00,Other/Unknown,UNKNOWN
Nigeria,Delta,Oboro,Bathing,reported 11-oct-2012,2012,Unprovoked,October,F,38.0,Injury,No time specified,Other/Unknown,N
Usa,California,"Davenport Landing, Santa Cruz County",Windsurfing,10-oct-2012,2012,Unprovoked,October,M,42.0,Other,18:30,Other/Unknown,N
Australia,Western Australia,"Mullaloo Beach, Perth",Bodyboarding,02-oct-2012,2012,Unprovoked,October,M,11.0,No injury,12:00,Other/Unknown,N
Usa,Florida,"Melbourne Beach, Brevard County",Surfing,25-sep-2012,2012,Unprovoked,September,M,21.0,Injury,16:30,Other/Unknown,N
Usa,Florida,"Spanish House Beach, Brevard County",Surfing,24-sep-2012,2012,Unprovoked,September,M,22.0,Injury,No time specified,Other/Unknown,N
Usa,Florida,"Cocoa Beach, Brevard  County",Surfing,16-sep-2012,2012,Unprovoked,September,M,52.0,Injury,15:00,Other/Unknown,N
Tonga,Vava'U,Eueiki Island,Swimming,10-sep-2012,2012,Unprovoked,September,F,29.0,Injury,No time specified,Bull Shark,N
Usa,Florida,"New Smyrna Beach, Volusia County",Surfing,09-sep-2012,2012,Unprovoked,September,Unknown,19.0,Minor injury,14:20,Other/Unknown,N
Usa,Florida,"Lori Wilson Park, Cocoa Beach, Brevard  County",Surfing,08-sep-2012,2012,Unprovoked,September,M,25.0,Injury,12:00,Other/Unknown,N
Usa,Florida,"South Beach, Miami-Dade County",Swimming,08-sep-2012,2012,Unprovoked,September,M,,Injury,No time specified,Other/Unknown,N
Usa,Florida,"Neptune Beach, Duval County",Surfing,06-sep-2012,2012,Unprovoked,September,M,,Injury,No time specified,Other/Unknown,N
Usa,Florida,"St. Augustine Beach, St. John'S County",Surfing,06-sep-2012,2012,Unprovoked,September,M,37.0,Injury,11:30,Other/Unknown,N
Usa,Florida,"Melbourne Beach, Brevard County",Surfing,04-sep-2012,2012,Unprovoked,September,M,32.0,Injury,07:56,Other/Unknown,N
Usa,Florida,"New Smyrna Beach, Volusia County",Boogie boarding,02-sep-2012,2012,Unprovoked,September,F,8.0,Injury,18:30,Other/Unknown,N
Usa,Hawaii,"Spreckelsville, Maui",Spearfishing,02-sep-2012,2012,Provoked,September,Unknown,,Minor injury,12:00,Tiger Shark,N
Usa,Florida,"New Smyrna Beach, Volusia County",Swimming or boogie boarding,02-sep-2012,2012,Unprovoked,September,F,56.0,Injury,16:30,Other/Unknown,N
Scotland,Inner Hebrides,Off The Isle Of Islay,Shark fishing,31-aug-2012,2012,Provoked,August,M,53.0,No injury,No time specified,Other/Unknown,N
Australia,Western Australia,Red Bluff Near Quobba Station,Surfing,28-aug-2012,2012,Unprovoked,August,M,34.0,Injury,15:30,Other/Unknown,N
Brazil,Pernambuco,"Coral Cove, Cabo De Santo Agostinho",Swimming,26-aug-2012,2012,Unprovoked,August,M,18.0,Fatal,No time specified,Other/Unknown,Y
Usa,Alabama,"Gulf Shores, Baldwin County",Wading or swimming,15-aug-2012,2012,Unprovoked,August,M,31.0,Injury,No time specified,Other/Unknown,N
Australia,Western Australia,Ocean Reef,Fishing,11-aug-2012,2012,Watercraft,August,Unknown,,No injury,12:00,Other/Unknown,N
Usa,Florida,Key Largo,Free diving,08-aug-2012,2012,Unprovoked,August,M,56.0,Injury,16:00,Lemon Shark,N
Reunion,Saint Leu,,Surfing,06-aug-2012,2012,Unprovoked,August,M,39.0,Severe injury,17:17,Bull Shark,N
French Polynesia,Tuamotus,Kaukura Atoll,Spearfishing,04-aug-2012,2012,Unprovoked,August,M,,Injury,No time specified,Lemon Shark,N
Usa,California,"Topanga Beach, Los Angeles County",Surfing,31-jul-2012,2012,Unprovoked,July,M,17.0,No injury,06:45,Other/Unknown,N
Australia,South Australia,Streaky Bay,Surfing,31-jul-2012,2012,Unprovoked,July,M,48.0,Injury,14:40,White Shark,N
Usa,Hawaii,"Maha‘Ulepu Beach, Kauai",Surfing,30-jul-2012,2012,Unprovoked,July,M,44.0,Injury,16:35,Other/Unknown,N
Usa,Massachusetts,"Ballston Beach, Truro, Cape Cod",Body surfing,30-jul-2012,2012,Unprovoked,July,M,50.0,Injury,15:30,White Shark,N
Usa,North Carolina,"Ocean Isle, Brunswick County",,24-jul-2012,2012,Invalid,July,M,12.0,Other,11:45,Other/Unknown,UNKNOWN
Reunion,Trois-Bassins,,Surfing,23-jul-2012,2012,Unprovoked,July,M,22.0,Fatal,16:30,Other/Unknown,Y
Trinidad & Tobago,Trinidad,"Off Radix Village, Mayoro County",Swimming,21-jul-2012,2012,Invalid,July,M,24.0,Injury,No time specified,Other/Unknown,UNKNOWN
Canada,British Colombia,"Tofino, Vancouver",Surfing,19-jul-2012,2012,Invalid,July,F,23.0,Injury,No time specified,Other/Unknown,UNKNOWN
Australia,Western Australia,Off Wedge Island,Surfing,14-jul-2012,2012,Unprovoked,July,M,24.0,Fatal,09:05,White Shark,Y
Usa,North Carolina,"North Topsail Beach, Onslow County",Swimming,08-jul-2012,2012,Unprovoked,July,F,43.0,Injury,17:30,Other/Unknown,N
Bahamas,Eleuthera,,Spearfishing,07-july-2012,2012,Unprovoked,July,M,,Injury,No time specified,Other/Unknown,N
Australia,Victoria,Ship'S Graveyard Off Point Lonsdale,Scuba diving,07-jul-2012,2012,Invalid,July,F,42.0,Other,15:00,Other/Unknown,UNKNOWN
Usa,California,"Pleasure Point, Santa Cruz County",Kayaking,07-jul-2012,2012,Watercraft,July,M,52.0,No injury,08:30,Other/Unknown,N
South Africa,Western Cape Province,"Sandstrand, Jongensfontein",Surfing,06-jul-2012,2012,Unprovoked,July,M,29.0,Injury,16:30,Other/Unknown,N
Croatia,,Buccari Bay,Swimming,reported 28-jun-2012,2012,Invalid,June,Unknown,60.0,Other,No time specified,Other/Unknown,UNKNOWN
Usa,Florida,"Juno Beach, Palm Beach County",Swimming,26-jun-2012,2012,Unprovoked,June,M,6.0,Injury,19:00,Bull Shark,N
Usa,Florida,"New Smyrna Beach, Volusia County",Surfing,26-jun-2012,2012,Unprovoked,June,M,26.0,Other,15:00,Other/Unknown,N
Usa,Hawaii,"Kahana Beach, Maui",Sitting in the water,26-jun-2012,2012,Unprovoked,June,F,16.0,Injury,09:45,Other/Unknown,N
Australia,Tasmania,South Cape Bay,Surfing,22-jun-2012,2012,Unprovoked,June,M,,Other,No time specified,Other/Unknown,N
Usa,Florida,"Bathtub Reef  Beach, Stuart, Martin County",Swimming,22-jun-2012,2012,Unprovoked,June,M,12.0,Minor injury,16:30,Other/Unknown,N
Australia,Western Australia,"Mullaloo Beach, Perth",Surf skiing,20-jun-2012,2012,Unprovoked,June,M,62.0,No injury,07:15,Other/Unknown,N
Usa,South Carolina,"Myrtle Beach, Horry County",Standing,19-jun-2012,2012,Invalid,June,M,16.0,Injury,No time specified,Other/Unknown,UNKNOWN
Usa,North Carolina,"Ocean Isle, Brunswick County",Wading,18-jun-2012,2012,Unprovoked,June,F,6.0,Injury,11:00,Other/Unknown,N
Usa,Florida,"Summerland Key, Monroe County",Fishing,15-jun-2012,2012,Provoked,June,M,23.0,Injury,14:20,Nurse Shark,N
Usa,South Carolina,"Myrtle Beach, Horry County",Swimming,14-jun-2012,2012,Unprovoked,June,F,18.0,Injury,No time specified,Blacktip Shark,N
Usa,South Carolina,"Myrtle Beach, Horry County",Swimming,14-jun-2012,2012,Unprovoked,June,M,,Minor injury,No time specified,Other/Unknown,N
Usa,South Carolina,"Myrtle Beach, Horry County",Swimming,14-jun-2012,2012,Unprovoked,June,M,,Injury,No time specified,Blacktip Shark,N
Usa,South Carolina,"Myrtle Beach, Horry County",Swimming,14-jun-2012,2012,Unprovoked,June,M,16.0,Injury,13:20,Blacktip Shark,N
Australia,Victoria,Port Campbell,Surfing,12-jun-2012,2012,Unprovoked,June,M,42.0,Injury,No time specified,Other/Unknown,N
Italy,Sardinia,Muravera,Attempting to rescue an injured & beached shark,10-jun-2012,2012,Provoked,June,M,57.0,Injury,No time specified,Other/Unknown,UNKNOWN
Australia,New South Wales,"Redhead Beach, Newcastle",Surf skiing,03-jun-2012,2012,Unprovoked,June,M,30.0,No injury,14:30,White Shark,N
Usa,Florida,"Bethune Beach, Volusia County",Surfing,02-jun-2012,2012,Unprovoked,June,F,12.0,Injury,No time specified,Other/Unknown,N
Usa,South Carolina,"Myrtle Beach, Horry County",Boogie Boarding,02-jun-2012,2012,Unprovoked,June,M,25.0,Severe injury,19:45,Other/Unknown,N
Usa,North Carolina,"Avon, Hatteras Island, Outer Banks, Dare County",Wading,31-may-2012,2012,Unprovoked,May,F,33.0,Injury,13:30,Other/Unknown,N
Mexico,Guerrero,"Boca De La Leña, La Unión",Free diving / spearfishing,29-may-2012,2012,Unprovoked,May,M,46.0,Severe injury,09:00,Bull Shark,N
Usa,Florida,"Jacksonville, Duval County",Surfing,23-may-2012,2012,Unprovoked,May,M,22.0,Injury,15:00,Other/Unknown,N
Usa,Hawaii,"Iroquiois Point, Oahu",Kayak Fishing,20-may-2012,2012,Watercraft,May,M,,No injury,No time specified,Tiger Shark,N
Fiji,,Matacucu Reef,Spearfishing,16-may-2012,2012,Unprovoked,May,M,20.0,Injury,No time specified,Other/Unknown,N
Usa,California,"Leffingwell Landing, Cambria,  San Luis Obispo County",Kayaking / Fishing,12-may-2012,2012,Watercraft,May,M,30.0,No injury,14:30,White Shark,N
Usa,Florida,"Vero Beach, Indian River County",Swimming,09-may-2012,2012,Unprovoked,May,F,47.0,Injury,11:30,Other/Unknown,N
Usa,California,Off Catalina Island,Paddle boarding,06-may-2012,2012,Unprovoked,May,F,15.0,No injury,07:20,White Shark,N
Usa,Florida,"Indialantic, Brevard County",Surfing,19-apr-2012,2012,Unprovoked,April,M,28.0,Injury,19:28,Other/Unknown,N
South Africa,Western Cape Province,Caves Near Kogel Bay,Body boarding,19-apr-2012,2012,Unprovoked,April,M,20.0,Fatal,12:30,White Shark,Y
Australia,South Australia,"Dolphin Bay, Innes National Park",Kayaking,11-apr-2012,2012,Watercraft,April,M,27.0,Minor injury,No time specified,White Shark,N
Usa,Hawaii,"Leftovers Near Chun'S Reef, Oahu",Surfing,03-apr-2012,2012,Unprovoked,April,M,28.0,Injury,12:38,Tiger Shark,N
Usa,Florida,"Sanibel Island, Lee County",,apr-2013,2012,Unprovoked,April,M,,Injury,No time specified,Other/Unknown,N
Australia,Western Australia,Stratham Beach,Scuba diving,31-mar-2012,2012,Unprovoked,March,M,33.0,Fatal,09:30,White Shark,Y
Usa,Florida,"New Smyrna Beach, Volusia County",Surfing,24-mar-2012,2012,Unprovoked,March,M,21.0,Minor injury,14:00,Other/Unknown,N
Australia,Western Australia,Kalbarri,Crayfishing,22-mar-2012,2012,Watercraft,March,Unknown,,No injury,05:50,White Shark,N
Australia,Queensland,Nobby'S Beach,Surfing,20-mar-2012,2012,Unprovoked,March,M,20.0,Injury,17:00,Bull Shark,N
Usa,Florida,"Jensen Beach, Martin County",Surfing,15-mar-2012,2012,Unprovoked,March,M,61.0,Injury,15:50,Bull Shark,N
Usa,Florida,"New Smyrna Beach, Volusia County",Surfing,14-mar-2012,2012,Unprovoked,March,F,15.0,Injury,16:00,Other/Unknown,N
Usa,Florida,"New Smyrna Beach, Volusia County",Surfing,14-mar-2012,2012,Unprovoked,March,M,17.0,Injury,16:05,Other/Unknown,N
New Zealand,North Island,"Opunake, Taranake",Surfing,06-mar-2012,2012,Unprovoked,March,M,,Injury,19:00,Other/Unknown,N
Australia,Victoria,"Shipwreck Cove, Melbourne Aquarium","Diving, feeding sharks",06-mar-2012,2012,Provoked,March,F,34.0,Injury,11:30,Nurse Shark,N
Reunion,Saint-Benoit,Port De La Marine,Body boarding,05-mar-2012,2012,Unprovoked,March,M,31.0,No injury,14:30,Other/Unknown,N
Usa,Florida,"Playalinda Beach, Brevard County",Kite Surfing,04-mar-2012,2012,Unprovoked,March,M,19.0,Injury,13:00,Other/Unknown,N
Saudi Arabia,Tabuk Province,Off Duba,Attempting to Kite surf from Egypt to Saudi Arabia,03-mar-2012,2012,Invalid,March,M,42.0,Injury,No time specified,Other/Unknown,UNKNOWN
Chile,Antofagasta Province,Antofagasta,Fishing (illegally),01-mar-2012,2012,Provoked,March,M,,Injury,No time specified,Other/Unknown,N
Usa,Florida,"Palm Beach Inlet, Palm Beach County",Kite Surfing,26-feb-2012,2012,Provoked,February,M,,Injury,14:00,Other/Unknown,N
Australia,New South Wales,Broughton Island,Fishing,25-feb-2012,2012,Unprovoked,February,M,,Injury,16:00,Nurse Shark,N
South Africa,Western Cape Province,Strandfontein,Fishing,20-feb-2012,2012,Watercraft,February,Unknown,,No injury,No time specified,White Shark,N
Australia,Queensland,Wurtulla,Surfing,06-feb-2012,2012,Unprovoked,February,M,29.0,No injury,12:00,Other/Unknown,N
Usa,Hawaii,Lanai,Snorkeling,27-jan-2012,2012,Unprovoked,January,Unknown,,No injury,11:05,Other/Unknown,N
Australia,Western Australia,Coral Bay,Snorkeling,19-jan-2012,2012,Unprovoked,January,M,26.0,Injury,No time specified,Tiger Shark,N
Bahamas,,Cat Island,"Diving, photographing sharks",reported 22-jan-2012,2012,Unprovoked,January,M,,No injury,No time specified,Tiger Shark,N
Taiwan,Taitung,Taimali,Fishing,18-jan-2012,2012,Provoked,January,M,24.0,Injury,No time specified,Other/Unknown,N
Australia,New South Wales,Redhead Beach,Surfing,18-jan-2012,2012,Unprovoked,January,M,44.0,Injury,16:45,White Shark,N
South Africa,Eastern Cape Province,"Second Beach, Port St. Johns",Swimming,15-jan-2012,2012,Unprovoked,January,M,25.0,Fatal,15:40,Bull Shark,Y
Usa,Oregon,"Lincoln City, Lincoln County",Surfing,13-jan-2012,2012,Unprovoked,January,M,53.0,No injury,No time specified,White Shark,N
Australia,New South Wales,North Avoca Beach,Surfing,03-jan-2012,2012,Unprovoked,January,M,28.0,Injury,20:00,Other/Unknown,N
Australia,Queensland,Duranbah,Spearfishing,02-jan-2012,2012,Unprovoked,January,M,34.0,No injury,09:00,Tiger Shark,N
Usa,Florida,"Jupiter, Palm Beach County",,31-dec-2011,2011,Unprovoked,December,M,,Injury,18:00,Other/Unknown,N
Antigua,St John'S,Fort James Beach,Swimming,reported 26-dec-2011,2011,Invalid,December,M,,Injury,No time specified,Other/Unknown,UNKNOWN
Ecuador,Santa Elena,Barandúa Beach,Surfing,25-dec-2011,2011,Unprovoked,December,M,23.0,Injury,18:00,Other/Unknown,N
Usa,Florida,New Smyrna Beach,Surfing,23-dec-2011,2011,Unprovoked,December,M,27.0,Injury,12:30,Other/Unknown,N
Usa,Hawaii,"Makahuena Point, Kauai",Canoeing,21-dec-2011,2011,Provoked,December,M,,No injury,No time specified,Other/Unknown,N
South Africa,Eastern Cape Province,"Noordhoek, Port Elizabeth",Kayak Fishing,21-dec-2011,2011,Watercraft,December,M,35.0,No injury,No time specified,Other/Unknown,N
Australia,New South Wales,Angourie,Surfing,11-dec-2011,2011,Unprovoked,December,M,51.0,Injury,05:45,White Shark,N
South Africa,Kwazulu-Natal,Between Sodwana & Cape Vidal,Surf skiing,07-dec-2011,2011,Invalid,December,M,,No injury,No time specified,Other/Unknown,UNKNOWN
Australia,New South Wales,Maroubra,Surfing,07-dec-2011,2011,Unprovoked,December,M,14.0,Minor injury,No time specified,Wobbegong Shark,N
Usa,Oregon,Seaside Cove,Surfing,06-dec-2011,2011,Unprovoked,December,F,,Minor injury,09:00,Other/Unknown,N
Australia,Queensland,Bushy Ilet,Spearfishing,05-dec-2011,2011,Invalid,December,Unknown,,Other,No time specified,Other/Unknown,UNKNOWN
Australia,New South Wales,Broken Head,Surfing,02-dec-2011,2011,Unprovoked,December,M,63.0,Other,06:00,Other/Unknown,N
Indonesia,Bali,Tabanan,Surfing,29-nov-2011,2011,Unprovoked,November,M,18.0,Injury,13:30,Other/Unknown,N
Australia,Queensland,Peregian,Swimming,28-nov-2011,2011,Unprovoked,November,M,10.0,Injury,No time specified,Wobbegong Shark,N
Usa,California,Pigeon Point,Kayaking,22-nov-2011,2011,Watercraft,November,M,,No injury,No time specified,White Shark,N
Papua New Guinea,East New Britain,Pigeon Island,Scuba diving,reported 20-nov-2011,2011,Unprovoked,November,M,,No injury,No time specified,Other/Unknown,N
Brazil,Pernambuco,"Punta Del Chifre Beach, Olinda",Surfing,12-nov-2011,2011,Unprovoked,November,M,35.0,Injury,No time specified,Other/Unknown,N
Reunion,Bois-Blanc,Sainte-Rose,Free diving / spearfishing,11-nov-2011,2011,Unprovoked,November,M,42.0,Injury,No time specified,Other/Unknown,N
Usa,California,"Marina State Beach, Monterey County",Surfing,29-oct-2011,2011,Unprovoked,October,M,27.0,Injury,No time specified,White Shark,N
Scotland,Moray,Spey Bay,Surfing,reported 28-oct-2011,2011,Unprovoked,October,M,26.0,No injury,No time specified,Other/Unknown,N
South Africa,Kwazulu-Natal,"Ushaka Aquarium, Durban",Diving,29-oct-2011,2011,Provoked,October,Unknown,,Injury,No time specified,Raggedtooth Shark,N
Australia,Western Australia,Rottnest Island,Diving,22-oct-2011,2011,Unprovoked,October,M,32.0,Fatal,13:25,White Shark,Y
Usa,Oregon,"Newport, Lincoln County",Surfing,20-oct-2011,2011,Unprovoked,October,M,41.0,No injury,No time specified,White Shark,N
Australia,Victoria,Elwood Beach,Diving,19-oct-2011,2011,Unprovoked,October,M,50.0,Other,16:00,Other/Unknown,N
Usa,Florida,Cape Canaveral,Surfing,11-oct-2011,2011,Unprovoked,October,M,,Injury,No time specified,Other/Unknown,N
Usa,Oregon,Seaside,Surfing,10-oct-2011,2011,Unprovoked,October,M,,No injury,No time specified,Other/Unknown,N
Australia,Western Australia,Cottesloe Beach,Swimming,09-oct-2011,2011,Unprovoked,October,M,64.0,Fatal,08:10,Other/Unknown,Y
Reunion,,Cap La Houssaye,Canoeing,05-oct-2011,2011,Watercraft,October,M,51.0,No injury,10:30,Other/Unknown,N
Usa,Florida,"Santa Maria Island, Manatee County",Wade fishing,02-oct-2011,2011,Unprovoked,October,M,,Minor injury,No time specified,Other/Unknown,N
Usa,Alabama,"Gulf Shores, Baldwin County",,01-oct-2011,2011,Unprovoked,October,M,29.0,Injury,No time specified,Other/Unknown,N
Usa,Puerto Rico,Hatillo Beach,Surfing,30-sep-2011,2011,Invalid,September,M,27.0,Injury,09:50,Other/Unknown,UNKNOWN
Dominican Republic,Samaná Province,Playa Jackson,Fishing,28-sep-2011,2011,Provoked,September,M,48.0,Severe injury,No time specified,Other/Unknown,N
South Africa,Western Cape Province,Clovely Beach,Swimming,28-sep-2011,2011,Unprovoked,September,M,43.0,Severe injury,12:25,White Shark,N
Usa,Florida,"Santa Maria Island, Manatee County",Spearfishing,24-sep-2011,2011,Unprovoked,September,M,21.0,Injury,15:00,Bull Shark,N
Usa,South Carolina,"North Myrtle Beach, Horry County",Jumping in the waves,24-sep-2011,2011,Unprovoked,September,M,5.0,Injury,10:00,Other/Unknown,N
Usa,Hawaii,Kauai,Canoeing,20-sep-2011,2011,Watercraft,September,M,,No injury,15:00,Other/Unknown,N
Reunion,Saint-Gilles,Boucan-Canot,Body boarding,19-sep-2011,2011,Unprovoked,September,M,38.0,Fatal,15:30,Other/Unknown,Y
Kenya,Coast Province,"Mama Ngina Beach, Mombasa",Swimming,17-sep-2011,2011,Unprovoked,September,M,17.0,Fatal,No time specified,Other/Unknown,Y
Usa,Florida,New Smyrna Beach,Surfing,16-sep-2011,2011,Unprovoked,September,M,25.0,Injury,11:00,Other/Unknown,N
Usa,California,"Samoa Beach, Humboldt County",Surfing,11-sep-2011,2011,Unprovoked,September,M,37.0,No injury,12:20,Other/Unknown,N
Papua New Guinea,Central Province,"Hula, Near Port Moresby",Kite Surfing,11-sep-2011,2011,Unprovoked,September,M,30.0,Injury,No time specified,Tiger Shark,N
Usa,Hawaii,"Nimitz State Beach, Oahu",Surfing,04-sep-2011,2011,Unprovoked,September,Unknown,,No injury,13:00,Other/Unknown,N
Australia,Western Australia,Bunker Bay,Body boarding,04-sep-2011,2011,Unprovoked,September,M,21.0,Fatal,13:26,White Shark,Y
Usa,Florida,"New Smyrna Beach, Volusia County",Surfing,02-sep-2011,2011,Unprovoked,September,M,19.0,Injury,11:00,Other/Unknown,N
Usa,Florida,Crescent Beach St. Johns County,Surfing,31-aug-2011,2011,Unprovoked,August,M,19.0,Injury,11:00,Other/Unknown,N
Australia,Queensland,Fantome Island,Swimming,28-aug-2011,2011,Invalid,August,M,48.0,Fatal,19:30,Other/Unknown,UNKNOWN
Usa,Texas,"Grass Island, Aransas County",Wade Fishing,28-aug-2011,2011,Unprovoked,August,F,39.0,Minor injury,19:00,Other/Unknown,N
Russia,Primorsky Krai,Slavyanka,"Standing, collecting sea stars",26-aug-2011,2011,Unprovoked,August,M,,Injury,No time specified,Other/Unknown,N
Usa,North Carolina,"Buxton Beach, Dare County",Surfing,24-aug-2011,2011,Unprovoked,August,M,21.0,Injury,No time specified,Other/Unknown,N
Usa,North Carolina,Holden Beach. Brunswick County,,24-aug-2011,2011,Unprovoked,August,M,10.0,Injury,15:30,Other/Unknown,N
South Africa,Western Cape Province,"Lookout Beach, Near The Keurbooms River Mouth In Plettenberg Bay",Surfing,23-aug-2011,2011,Unprovoked,August,M,49.0,Fatal,09:11,White Shark,Y
Russia,"Peter The Great Bay, Khasan, Primorsky Krai (Far East)",Zheltukhin Island,Swimming,18-aug-2011,2011,Unprovoked,August,M,16.0,Injury,No time specified,Other/Unknown,N
Usa,North Carolina,"Kure Beach, New Hanover County",Wading,17-aug-2011,2011,Unprovoked,August,F,,Injury,17:00,Tiger Shark,N
Usa,North Carolina,"Wrightsville Beach, New Hanover County",,17-aug-2011,2011,Invalid,August,M,12.0,Minor injury,16:00,Other/Unknown,UNKNOWN
Russia,"Telyakovsky Bay, Khasan,  Primorsky Krai (Far East)",Vityaz,Swimming,17-aug-2011,2011,Unprovoked,August,M,25.0,Severe injury,No time specified,Other/Unknown,N
French Polynesia,Society Islands,"Teahupoo, Tahiti",Surfing,16-aug-2011,2011,Unprovoked,August,M,32.0,No injury,15:30,Other/Unknown,N
Usa,Puerto Rico,Vieques,Floating,16-aug--2011,2011,Unprovoked,August,M,27.0,Injury,No time specified,Other/Unknown,N
Seychelles,Praslin,Anse Lazio,Swimming or Snorkeling,16-aug-2011,2011,Unprovoked,August,M,30.0,Fatal,16:30,Bull Shark,Y
Usa,South Carolina,"Myrtle Beach, Horry County",Playing in the surf,15-aug-2011,2011,Invalid,August,M,7.0,Injury,No time specified,Other/Unknown,N
Usa,North Carolina,Beaufort Inlet,Swimming,11-aug--2011,2011,Unprovoked,August,M,54.0,Injury,14:00,Other/Unknown,N
Seychelles,Praslin,Anse Lazio,Diving,01-aug-2011,2011,Unprovoked,August,M,36.0,Fatal,15:30,Other/Unknown,Y
Brazil,Pernambuco,Praia Do Pina,Swimming,31-jul-2011,2011,Invalid,July,M,14.0,Other,No time specified,Other/Unknown,UNKNOWN
Philippines,,,Sea disaster,30-jul-2011,2011,Sea Disaster,July,M,43.0,Injury,No time specified,Other/Unknown,N
Usa,New Jersey,"Egg Harbor, Atlantic County",Wade Fishing,25-jul-2011,2011,Unprovoked,July,M,,No injury,No time specified,Other/Unknown,N
South Africa,Eastern Cape Province,"Cintza Beach, East London",Surfing,22-jul-2011,2011,Unprovoked,July,M,29.0,Injury,10:00,White Shark,N
Usa,North Carolina,"Ocracoke Island, Hyde County",Boogie Boarding,19-jul-2011,2011,Unprovoked,July,F,6.0,Injury,17:30,Other/Unknown,N
Reunion,Saint-Gilles,Brisants.,Kayaking or Wave skiing,15-jul-2011,2011,Watercraft,July,M,,No injury,17:00,Other/Unknown,N
Usa,Texas,"South Padre Island, Cameron County",Surf fishing,13-jul-2011,2011,Unprovoked,July,M,,Injury,20:30,Other/Unknown,N
Bahamas,Grand Bahama Island,Off Lucaya,Scuba diving,13-jul-2011,2011,Unprovoked,July,M,54.0,Injury,12:30,Other/Unknown,N
Usa,Texas,"Sunday Beach, Matagorda Island, Calhoun  County",Swimming,07-jul-2011,2011,Unprovoked,July,M,12.0,Injury,17:00,Other/Unknown,N
Usa,Texas,"Mustang Island, Nueces County",Wade Fishing,07-jul-2011,2011,Unprovoked,July,M,14.0,Injury,No time specified,Other/Unknown,N
Reunion,Saint-Gilles,Roches Noires,Surfing,06-jul-2011,2011,Unprovoked,July,M,16.0,Minor injury,14:50,Other/Unknown,N
Columbia,Sucre,"Libertad, San Onofre",Kayaking,05-jul-2011,2011,Unprovoked,July,M,17.0,Injury,10:30,Other/Unknown,N
Turks & Caicos,Middle Caicos,Mudjin Harbor,Snorkeling,30-jun-2011,2011,Unprovoked,June,M,28.0,Injury,13:30,Other/Unknown,N
Brazil,Pernambuco,Praia Do Pina,Surfing,29-jun-2011,2011,Unprovoked,June,M,21.0,Injury,10:00,Other/Unknown,N
South Africa,Kwazulu-Natal,Aliwal Shoal,Scuba diving,28-jun-2011,2011,Unprovoked,June,M,22.0,Severe injury,12:00,Bull Shark,N
Usa,North Carolina,"North Topsail Beach, Onslow County",Playing in the surf,26-jun-2008,2011,Unprovoked,June,F,10.0,Injury,No time specified,Bull Shark,N
Usa,California,"San Onofre State Beach, San Diego County",Surfing,24-jun-2011,2011,Unprovoked,June,M,,No injury,13:30,White Shark,N
Usa,Florida,"Perdido Key, Escambia County",Jet skiing,21-jun-2011,2011,Unprovoked,June,M,20.0,Injury,No time specified,Other/Unknown,N
Turks & Caicos,Caicos Bank,French Cay,Spearfishing,19-jun-2011,2011,Unprovoked,June,M,35.0,Injury,No time specified,Other/Unknown,N
Costa Rica,Guanacaste,Playa Grande,Surfing,19-jun-2011,2011,Unprovoked,June,M,15.0,Fatal,12:15,Other/Unknown,Y
Reunion,Saint-Gilles-Les-Bains,Boucan-Canot,Boogie Boarding,15-jun-2011,2011,Unprovoked,June,M,31.0,Fatal,17:30,Other/Unknown,Y
United Kingdom,Cornwall,St. Ives,Fishing,reported 14-jun-2011,2011,Watercraft,June,Unknown,,No injury,No time specified,White Shark,N
Usa,Florida,"Off Jupiter Inlet, Palm Beach County",Scuba diving,12-jun-2011,2011,Unprovoked,June,M,28.0,Injury,14:30,Blacktip Shark,N
Columbia,San Andrés Archipelago,Albuquerque Cay,Spearfishing,reported 06-jun-2011,2011,Unprovoked,June,M,24.0,Injury,No time specified,Other/Unknown,N
Usa,California,"La Jolla, San Diego County",Spearfishing,06-jun-2011,2011,Unprovoked,June,M,28.0,No injury,No time specified,Other/Unknown,N
Usa,Florida,"New Smyrna Beach, Volusia County",Wading,06-jun-2011,2011,Unprovoked,June,M,19.0,Injury,12:00,Other/Unknown,N
Malaysia,Kedah,Palau Payar,Snorkeling,01-jun-2011,2011,Unprovoked,June,F,,Injury,No time specified,Blacktip Shark,N
Usa,Texas,"Follett'S Island, Brazoria County",Standing or boogie boardin,30-may-2011,2011,Unprovoked,May,F,22.0,Injury,15:00,Other/Unknown,N
South Africa,Western Cape Province,Robberg Beach,Surfing,29-may-2011,2011,Unprovoked,May,M,33.0,No injury,No time specified,White Shark,N
Usa,Hawaii,"Lyman Beach, Kailua-Kona",Surfing,25-may-2011,2011,Unprovoked,May,F,,No injury,13:15,Tiger Shark,N
Usa,Hawaii,"Lyman Beach, Kailua-Kona",Paddle boarding,22-may-2011,2011,Unprovoked,May,F,,No injury,12:00,Tiger Shark,N
South Africa,Kwazulu-Natal,Levan Point,Spearfishing,21-may-2011,2011,Unprovoked,May,M,28.0,Fatal,No time specified,Other/Unknown,Y
Usa,Florida,"Ponte Vedra Beach, St Johns County",Body surfing,13-may-2011,2011,Unprovoked,May,M,86.0,Injury,15:30,Other/Unknown,N
New Caledonia,North Province,Kendec,Kite Boarding,21-may-2011,2011,Unprovoked,May,M,15.0,Fatal,11:00,Tiger Shark,Y
Usa,Florida,"Ormond Beach, Volusia County",Surfing,13-may-2011,2011,Unprovoked,May,M,37.0,Minor injury,06:30,Other/Unknown,N
Usa,Florida,Miami,Fishing,10-may-2011,2011,Provoked,May,M,,Injury,No time specified,Other/Unknown,N
United Arab Emirates (Uae),Umm Al Qaywayan Province,Khor Fakkan,Fishing,reported 07-may-2011,2011,Invalid,May,M,43.0,Severe injury,No time specified,Other/Unknown,UNKNOWN
South Africa,Kwazulu-Natal,Palm Beach,Spearfishing,04-may-2011,2011,Unprovoked,May,M,37.0,Injury,No time specified,Other/Unknown,N
Usa,Florida,"Riviera Beach, Palm Beach County",Spearfishing,26-apr-2011,2011,Unprovoked,April,M,32.0,Injury,No time specified,Bull Shark,N
Australia,Western Australia,Red Bluffs,Washing sand off a speared fish,23-apr-2011,2011,Unprovoked,April,M,17.0,Injury,15:00,Other/Unknown,N
Usa,Florida,"New Smyrna Beach, Volusia County",Surfing,22-apr-2011,2011,Unprovoked,April,M,49.0,Minor injury,15:30,Other/Unknown,N
New Zealand,South Island,Snapper Point,Surfing,16-apr-2011,2011,Unprovoked,April,M,41.0,Injury,No time specified,Bronze Whaler Shark,N
Indonesia,Bali,Balian,Surfing,13-apr-2011,2011,Unprovoked,April,M,,Injury,No time specified,Bull Shark,N
Fiji,Vitu Levu,"Malake Island, Ra Province",Diving,08-apr-2011,2011,Unprovoked,April,M,27.0,Minor injury,No time specified,Other/Unknown,N
Usa,Texas,Matagorda Beach,"Standing, holding shark pup",reported 29-mar-2011,2011,Provoked,March,M,,Minor injury,No time specified,Blacktip Shark,N
Mexico,Quintana Roo,"Gaviotas Beach, Cancun",Swimming,24-mar-2011,2011,Unprovoked,March,F,,Injury,No time specified,Bull Shark,N
Australia,New South Wales,Crowdy Head,Surfing,23-mar-2011,2011,Unprovoked,March,M,48.0,Severe injury,17:45,Bull Shark,N
Mexico,Quintana Roo,,Swimming,21-mar-2011,2011,Unprovoked,March,M,46.0,Injury,No time specified,Other/Unknown,N
Fiji,,Nukudamu,Diving / fishing,21-mar-2011,2011,Unprovoked,March,M,30.0,Severe injury,16:00,Other/Unknown,N
Australia,New South Wales,"Jimmys Beach, Port Stephens",Wakeboarding,16-mar-2011,2011,Unprovoked,March,F,24.0,Severe injury,13:00,Other/Unknown,N
Egypt,South Sinai Peninsula,Sharm-El-Sheikh,,reported 10-mar-2010,2011,Invalid,March,F,,Other,No time specified,Other/Unknown,UNKNOWN
Australia,New South Wales,"Tallow Beach, Byron Bay",Surfing,10-mar-2011,2011,Unprovoked,March,M,,No injury,No time specified,Other/Unknown,N
Australia,Queensland,Between,Fishing,reported 28-feb-2011,2011,Provoked,February,M,36.0,Injury,10:45,Bull Shark,N
New Caledonia,Loyalty Islands,"Bay Of Bweedro, Ouvéa",Spearfishing,23-feb-2011,2011,Unprovoked,February,M,21.0,Injury,No time specified,Other/Unknown,N
Reunion,Saint Gilles,Trois-Roches,Surfing,18-feb-2011,2011,Unprovoked,February,M,32.0,Severe injury,18:30,Other/Unknown,N
Australia,South Australia,Off Perforated Island Near Coffin Bay,Diving for abalone,17-feb-2011,2011,Unprovoked,February,M,49.0,Fatal,18:20,White Shark,Y
Australia,Queensland,Sunshine Beach,Fishing,13-feb-2011,2011,Provoked,February,M,,Injury,10:40,Other/Unknown,N
Australia,Western Australia,Exmouth,Snorkeling,12-feb-2011,2011,Unprovoked,February,M,58.0,Injury,No time specified,Other/Unknown,N
Mexico,Colima,"Manzanillo, Revillagigedo Islands",Shark fishing on the Ricardo Astorga,reported 04-feb-2011,2011,Provoked,February,M,,Injury,No time specified,Other/Unknown,N
South Africa,Eastern Cape Province,"Sundays River Mouth, Port Elizabeth",Surf fishing,02-feb-2011,2011,Unprovoked,February,M,37.0,Injury,No time specified,Other/Unknown,N
Mexico,Quintana Roo,Cancun,Swimming,31-jan-2011,2011,Unprovoked,January,F,38.0,Severe injury,12:00,Other/Unknown,N
Mexico,Colima,Revillagigedo Islands,Shark fishing on the Don Agustín-VI.,28-jan-2011,2011,Provoked,January,M,25.0,Injury,No time specified,Other/Unknown,N
Bahamas,West End,Tiger Beach,Scuba diving,26-jan-2011,2011,Unprovoked,January,M,55.0,Injury,15:00,Other/Unknown,N
Australia,New South Wales,Cudgen Creek,Swimming,20-jan-2011,2011,Invalid,January,F,7.0,Injury,17:00,Other/Unknown,UNKNOWN
South Africa,Eastern Cape Province,"Second Beach, Port St. John'S",Surfing,15-jan-2011,2011,Unprovoked,January,M,16.0,Fatal,12:30,Other/Unknown,Y
Mexico,Quintana Roo,Xcalak,Attempting to fix motor,reported 12-jan 2011,2011,Unprovoked,January,M,37.0,Injury,No time specified,Other/Unknown,N
Australia,Western Australia,Busselton,Fishing,03-jan-2011,2011,Watercraft,January,Unknown,,No injury,12:00,White Shark,N
Usa,Hawaii,"Kahului, Maui",Body boarding,26-dec-2010,2010,Unprovoked,December,M,16.0,Injury,15:35,Other/Unknown,N
Fiji,Vitu Levu,Sigatoka,Surfing,17-dec-2010,2010,Unprovoked,December,M,,Injury,No time specified,Other/Unknown,N
Usa,Hawaii,"Tavares Bay, Maui",Surfing,11-dec-2010,2010,Unprovoked,December,M,46.0,Injury,13:51,Other/Unknown,N
Egypt,South Sinai Peninsula,"Middle Garden, Sharm El-Shiekh",Snorkeling,05-dec-2010,2010,Unprovoked,December,F,70.0,Fatal,12:00,White Shark,Y
Indonesia,Bali,Balian,Surfing,reported 03-dec-2010,2010,Unprovoked,December,M,,Injury,No time specified,Other/Unknown,N
Egypt,South Sinai Peninsula,"Ras Nasrani, Sharm El-Sheikh",Snorkeling,01-dec-2010,2010,Unprovoked,December,M,54.0,Severe injury,11:00,Other/Unknown,N
Egypt,South Sinai Peninsula,"Ras Nasrani, Sharm El-Sheikh",Snorkeling,01-dec-2010,2010,Unprovoked,December,M,46.0,Injury,10:55,Other/Unknown,N
Egypt,South Sinai Peninsula,"Coral Bay, Sharm El-Sheikh",Snorkeling,30-nov-2010,2010,Unprovoked,November,F,70.0,Severe injury,14:55,White Shark,N
Egypt,South Sinai Peninsula,"Coral Bay, Sharm El-Sheikh",Snorkeling,30-nov-2010,2010,Unprovoked,November,F,48.0,Injury,14:40,White Shark,N
Samoa,,,Fishing,reported 27-nov-2010,2010,Unprovoked,November,M,47.0,Injury,No time specified,Other/Unknown,N
Australia,Western Australia,Native Dog Beach,Swimming,27-nov-2010,2010,Invalid,November,M,,Other,No time specified,Other/Unknown,UNKNOWN
Usa,Palmyra Atoll,,Snorkeling,19-nov-2010,2010,Provoked,November,M,33.0,Injury,13:30,Other/Unknown,N
Dominican Republic,,Boca Chica,Diving,15-nov-2010,2010,Unprovoked,November,M,21.0,Fatal,No time specified,Other/Unknown,Y
Indonesia,Bali,Balian,Surfing,14-nov-2010,2010,Unprovoked,November,M,,Injury,No time specified,Other/Unknown,N
Australia,Western Australia,Between Carnac And Garden Islands,Fishing,reported 12-nov-2010,2010,Watercraft,November,M,,No injury,No time specified,White Shark,N
Australia,Western Australia,Off Garden Island,Snorkeling,30-oct-2010,2010,Unprovoked,October,F,20.0,Injury,12:30,White Shark,N
Australia,Western Australia,Cheynes Beach,Spearfishing,reported 28-oct-2010,2010,Unprovoked,October,M,,No injury,No time specified,Other/Unknown,N
Usa,Oregon,Florence,Surfing,28-oct-2010,2010,Unprovoked,October,M,,No injury,15:20,Other/Unknown,N
Azores,,350 Miles From Faial Island,Fishing,25-oct-2010,2010,Provoked,October,M,,Other,No time specified,Other/Unknown,N
Usa,Maine,"Burnt Cove Near Eastport, Washington County",Scuba diving,23-oct-2010,2010,Unprovoked,October,M,30.0,No injury,No time specified,Other/Unknown,N
Australia,Western Australia,Wedge Island,Kite Surfing,23-oct-2010,2010,Unprovoked,October,M,14.0,Injury,No time specified,Other/Unknown,N
Usa,California,"Surf Beach, Vandenberg Afb, Santa Barbara County",Body boarding,22-oct-2010,2010,Unprovoked,October,M,19.0,Fatal,08:50,White Shark,Y
Egypt,South Sinai Peninsula,Sharm El-Sheikh,Snorkeling,20-oct-2010,2010,Unprovoked,October,F,,Injury,No time specified,Other/Unknown,N
Australia,New South Wales,Mullaway Headland,Surfing,09-oct-2010,2010,Unprovoked,October,M,22.0,Injury,13:30,Bull Shark,N
Bahamas,Exuma Islands,,Snorkeling,02-oct-2010,2010,Unprovoked,October,M,,Injury,No time specified,Lemon Shark,N
Bahamas,Abaco Islands,Elbow Cay,Surfing,02-oct-2010,2010,Unprovoked,October,F,,Injury,15:00,Lemon Shark,N
South Africa,Western Cape Province,"Melkbaai, Strand",Surfing,01-oct-2010,2010,Unprovoked,October,M,,Injury,14:30,Other/Unknown,N
Usa,Oregon,Winchester Bay,Surfing,27-sep-2010,2010,Unprovoked,September,M,29.0,No injury,16:00,White Shark,N
Usa,Virginia,Sandridge Beach,Surfing,24-sep-2010,2010,Unprovoked,September,M,18.0,Injury,16:30,Other/Unknown,N
South Africa,Western Cape Province,Between Dyer Island And Pearly Beach,Swimming,21-sep-2010,2010,Unprovoked,September,M,29.0,Fatal,No time specified,White Shark,Y
Australia,New South Wales,Fraser'S Reef,Surfing,13-sep-2010,2010,Unprovoked,September,M,15.0,Injury,17:00,Other/Unknown,N
Usa,Florida,"St. Augustine, St. John'S County",Swimming,07-sep-2010,2010,Unprovoked,September,M,27.0,Injury,No time specified,Other/Unknown,N
Tonga,Ha'Api,,Swimming /  Whale Watching,reported 06-sep-2010,2010,Unprovoked,September,M,24.0,Injury,12:00,Other/Unknown,N
Usa,Florida,"New Smyrna Beach, Volusia County",Surfing,04-sep-2010,2010,Unprovoked,September,M,,No injury,No time specified,Other/Unknown,N
Usa,Florida,"New Smyrna Beach, Volusia County",Surfing,03-sep-2010,2010,Unprovoked,September,M,24.0,Injury,12:00,Other/Unknown,N
Usa,Florida,"New Smyrna Beach, Volusia County",Surfing,03-sep-2010,2010,Unprovoked,September,M,24.0,Injury,09:00,Other/Unknown,N
Solomon Islands,Western Province,,,02-sep-2010,2010,Unprovoked,September,M,34.0,Injury,No time specified,Other/Unknown,N
Bahamas,Exuma Islands,"Off Jaws Beach, New Providence Island",Swimming after boat became disabled,29-aug-2010,2010,Invalid,August,M,43.0,Other,No time specified,Other/Unknown,UNKNOWN
Usa,Florida,Crescent Beach St. Johns County,Boogie Boarding,18-aug-2010,2010,Unprovoked,August,M,10.0,Minor injury,09:00,Other/Unknown,N
Australia,Western Australia,Cowaramup Bay,Surfing,17-aug-2010,2010,Unprovoked,August,M,31.0,Fatal,08:05,White Shark,Y
Usa,California,"Pigeon Point, San Mateo County",Kayak Fishing,14-aug-2010,2010,Watercraft,August,M,45.0,No injury,No time specified,White Shark,N
Australia,Queensland,"Three Mile Creek, Townsville",Fishing,10-aug-2010,2010,Provoked,August,F,,Injury,19:00,Other/Unknown,N
South Korea,Jeju Province,Jeju Island,Swimming,10-aug-2010,2010,Unprovoked,August,F,16.0,Injury,No time specified,Other/Unknown,N
Australia,New South Wales,Crescent Head,Surfing,08-aug-2010,2010,Unprovoked,August,M,47.0,Injury,08:00,Other/Unknown,N
Usa,North Carolina,"Figure Eight Island, Wilmington, New Hanover County",Surfing,07-aug-2010,2010,Unprovoked,August,M,25.0,Injury,15:00,Other/Unknown,N
Malta,,"Off Fort St. Elmo, Valetta",Windsurfing,07-aug-2010,2010,Unprovoked,August,M,35.0,No injury,No time specified,Other/Unknown,N
Usa,Florida,"Bethune Beach, Volusia County",Swimming,05-aug-2010,2010,Invalid,August,F,,Minor injury,19:15,Other/Unknown,UNKNOWN
Usa,California,"Near Oil Rig Hondo, 5 Nm From Gaviota, Santa Barbara County",Kayaking,02-aug-2010,2010,Watercraft,August,M,,No injury,12:40,White Shark,N
Usa,Florida,"Micklers Landing, St. Johns County",Standing,02-aug-2010,2010,Unprovoked,August,F,37.0,Injury,11:00,Other/Unknown,N
Usa,South Carolina,"Isle Of Palms, Charleston County",Standing,25-jul-2010,2010,Unprovoked,July,M,16.0,Injury,No time specified,Other/Unknown,N
Usa,Florida,"Jacksonville Beach, Duval County",Surfing,23-jul-2010,2010,Unprovoked,July,M,20.0,Injury,16:30,Other/Unknown,N
Usa,South Carolina,Myrtle Beach,Swimming,19-jul-2010,2010,Unprovoked,July,M,10.0,Minor injury,10:35,Blacktip Shark,N
Usa,North Carolina,"Wrightsville Beach, New Hanover County",Swimming,17-jul-2010,2010,Unprovoked,July,F,13.0,Injury,13:30,Tiger Shark,N
Usa,Florida,New Smyrna Beach,Surfing,17-jul-2010,2010,Unprovoked,July,M,55.0,Minor injury,No time specified,Other/Unknown,N
Spain,Grand Canary Island,"Sardina Del Norte, Gáldar",Swimming,16-jul-2010,2010,Provoked,July,M,9.0,Injury,19:15,Other/Unknown,N
Usa,Texas,Galveston,Fishing,16-jul-2010,2010,Unprovoked,July,M,,Injury,No time specified,Other/Unknown,N
Usa,Florida,"Lauderdale-By-The-Sea, Broward County",Fishing,11-jul-2010,2010,Provoked,July,M,,Injury,No time specified,Nurse Shark,N
South Africa,Kwazulu-Natal,"Two Mile Reef, Sodwana Bay",Snorkeling,04-jul-2010,2010,Unprovoked,July,F,21.0,Injury,No time specified,Other/Unknown,N
Usa,New York,Off Long Island,Fishing,03-jul-2010,2010,Provoked,July,M,20.0,Injury,12:30,Other/Unknown,N
Usa,California,"Pismo Beach, San Luis  Obispo County",Surfing,02-jul-2010,2010,Unprovoked,July,M,19.0,Injury,No time specified,Other/Unknown,N
Usa,California,"Dog Patch, San Onofre",Stand-Up Paddleboarding,02-jul-2010,2010,Unprovoked,July,M,48.0,No injury,15:15,Other/Unknown,N
Usa,Texas,"Eight Mile Beach, Galveston",Surfing,27-jun-2010,2010,Unprovoked,June,M,20.0,Injury,No time specified,Bull Shark,N
Usa,South Carolina,Fripp Island,Boogie Boarding,25-jun-2010,2010,Unprovoked,June,F,6.0,Injury,No time specified,Other/Unknown,N
Usa,North Carolina,"Topsail Island, Pender County",Swimming,25-jun-2010,2010,Unprovoked,June,F,13.0,Injury,13:00,Other/Unknown,N
Vietnam,Binh Dinh Province,Quy Nhon,Swimming,15-jun-2010,2010,Unprovoked,June,M,17.0,Injury,17:00,Other/Unknown,N
Usa,Florida,Jacksonville,Boogie Boarding,10-jun-2010,2010,Unprovoked,June,F,18.0,Injury,12:30,Other/Unknown,N
Australia,Western Australia,"Conspicuous Beach, Near Walpole",Surfing,06-jun-2010,2010,Unprovoked,June,M,40.0,Severe injury,12:00,Other/Unknown,N
Usa,Florida,"Ponte Vedra Beach, St Johns County",Surfing,jun-2010,2010,Unprovoked,June,M,20.0,Injury,No time specified,Other/Unknown,N
Usa,Florida,Off Tarpon Springs,Fishing,30-may-2010,2010,Provoked,May,M,49.0,Injury,08:45,Lemon Shark,N
Vietnam,Binh Dinh Province,Quy Nhon,Rescuing,18-may-2010,2010,Unprovoked,May,F,58.0,Minor injury,18:00,Other/Unknown,N
Vietnam,Binh Dinh Province,Quy Nhon,Swimming,18-may-2010,2010,Unprovoked,May,F,60.0,Severe injury,18:00,Other/Unknown,N
Australia,New South Wales,Point Plomer,Surfing,18-may-2010,2010,Unprovoked,May,M,,Injury,16:30,Other/Unknown,N
Madagascar,Antsiranana Province,"Ambatolaoka, Nosy Be Island",Scuba diving,03-may-2010,2010,Unprovoked,May,M,59.0,Injury,09:30,Other/Unknown,N
Usa,Florida,New Smyrna Beach,Wading,01-may-2010,2010,Unprovoked,May,F,10.0,Minor injury,10:30,Other/Unknown,N
Usa,Florida,Hanalei Bay,Measuring sharks,28-apr-2010,2010,Provoked,April,M,29.0,Injury,No time specified,Lemon Shark,N
Usa,Hawaii,"Hanalei Bay, Kauai",Surfing,19-apr-2010,2010,Unprovoked,April,M,68.0,No injury,16:00,Other/Unknown,N
South Africa,Eastern Cape Province,"East Beach, Port Alfred",Surfing,13-apr-2010,2010,Unprovoked,April,M,35.0,Injury,10:00,Other/Unknown,N
Egypt,Sinai Peninsula,Sharm El-Sheikh,Swimming / treading water,04-apr-2010,2010,Unprovoked,April,M,24.0,Injury,14:00,White Shark,N
Reunion,Saint-Benoit,Bittern,Surfing,27-mar-2010,2010,Unprovoked,March,M,34.0,No injury,11:00,Other/Unknown,N
New Zealand,South Island,Tahunanui Beach,Swimming,190feb-2010,2010,Unprovoked,February,M,,Other,No time specified,Other/Unknown,N
South Africa,Eastern Cape Province,Yellow Sands Point,Surfing,16-feb-2010,2010,Unprovoked,February,M,,Injury,11:00,Other/Unknown,N
Fiji,Off Vanua Levu,Nara Reef,Scuba diving,15-feb-2010,2010,Unprovoked,February,M,19.0,Fatal,09:30,Other/Unknown,Y
Australia,Queensland,"Dent Island, Whitsundays",Snorkeling,13-feb-2010,2010,Unprovoked,February,F,60.0,Injury,13:30,Other/Unknown,N
Australia,New South Wales,"Mona Vale Beach, Sydney",Surfing,11-feb-2010,2010,Unprovoked,February,M,46.0,Minor injury,08:00,Wobbegong Shark,N
New Zealand,South Island,Cosy Nook,Spearfishing,reported 06-feb-2010,2010,Provoked,February,M,,No injury,No time specified,Other/Unknown,N
Australia,New South Wales,Turners' Beach,Body boarding,06-feb-2010,2010,Unprovoked,February,M,18.0,No injury,15:30,White Shark,N
Usa,Florida,Riviera Beach,Surf fishing / wading,06-feb-2010,2010,Provoked,February,M,,Injury,15:00,Other/Unknown,N
Guam,Merizo,Achang Reef,Spearfishing (free diving),04-feb-2010,2010,Invalid,February,M,31.0,Injury,11:00,Other/Unknown,UNKNOWN
Usa,Florida,"Stuart, Martin County",Kite Boarding,03-feb-2010,2010,Unprovoked,February,M,38.0,Fatal,15:44,Other/Unknown,Y
New Zealand,South Island,Oreti Beach,Boogie Boarding,01-feb-2010,2010,Provoked,February,F,14.0,Other,18:30,Other/Unknown,N
Brazil,Rio Grande Do Sul,"Atlantis Beach, Near Tramandai",Surfing,31-jan-2010,2010,Unprovoked,January,M,29.0,Injury,No time specified,Other/Unknown,N
Australia,Queensland,Archie'S Beach,Surfing,27-jan-2010,2010,Unprovoked,January,M,,No injury,16:30,Other/Unknown,N
United Arab Emirates (Uae),Dubai,"Umm Suqeim Beach, Dubai",Surfing,22-jan-2010,2010,Unprovoked,January,M,54.0,Injury,No time specified,Other/Unknown,N
Australia,Victoria,Geelong,Surfing,22-jan-2010,2010,Unprovoked,January,M,,Injury,07:30,Other/Unknown,N
South Africa,Western Province,Fish Hoek,Standing,12-jan-2010,2010,Unprovoked,January,M,37.0,Fatal,15:15,White Shark,Y
Australia,Torres Strait,Thursday Island,Snorkeling,09-jan-2010,2010,Unprovoked,January,F,9.0,Minor injury,No time specified,White Shark,N
Vietnam,Binh Dinh Province,Quy Nhon,,09-jan-2010,2010,Unprovoked,January,F,,Minor injury,No time specified,Other/Unknown,N
Vietnam,Binh Dinh Province,Quy Nhon,,09-jan-2010,2010,Unprovoked,January,M,,Injury,17:00,Other/Unknown,N
Vietnam,Binh Dinh Province,Quy Nhon,Bathing,09-jan-2010,2010,Unprovoked,January,M,,Injury,06:45,Other/Unknown,N
Usa,Florida,Elliot Key,Spearfishing,06-jan-2010,2010,Unprovoked,January,M,32.0,Injury,10:15,Other/Unknown,N
South Africa,Eastern Province,"Nahoon, East London",Surfing,05-jan-2010,2010,Unprovoked,January,M,,No injury,No time specified,Other/Unknown,N
South Africa,Eastern Cape  Province,Port Alfred,Wading,29-dec-2009,2009,Unprovoked,December,M,20.0,Injury,08:30,Other/Unknown,N
Australia,New South Wales,Avoca Beach,Swimming,26-dec-2009,2009,Provoked,December,M,55.0,Injury,11:00,Other/Unknown,N
Mozambique,Maputo Province,Ponta Do Ouro,Swimming,22-dec-2009,2009,Unprovoked,December,M,27.0,Injury,16:30,Other/Unknown,N
Australia,Queensland,Mudjimba Island,Kayaking,20-dec-2009,2009,Watercraft,December,M,,No injury,11:00,Other/Unknown,N
Australia,Queensland,Lamont Reef,Spearfishing,20-dec-2009,2009,Unprovoked,December,M,18.0,Injury,07:30,Bull Shark,N
South Africa,Eastern Cape Province,"Second Beach, Port St. Johns",Paddling on kneeboard,18-dec-2009,2009,Unprovoked,December,M,22.0,Fatal,14:30,Other/Unknown,Y
South Africa,Kwazulu-Natal,"North Beach, Durban",Surfing,18-dec-2009,2009,Invalid,December,M,,Minor injury,No time specified,Other/Unknown,UNKNOWN
New Zealand,South Island,Clark Island,Swimming to shore from capsized kayak,16-dec-2009,2009,Unprovoked,December,M,24.0,Fatal,No time specified,White Shark,Y
Australia,New South Wales,Coffee Head,Surfing,13-dec-2009,2009,Unprovoked,December,M,39.0,Injury,07:00,Other/Unknown,N
Australia,New South Wales,Hawks Nest Beach,Rowing,12-dec-2009,2009,Watercraft,December,Unknown,,No injury,07:30,White Shark,N
Usa,New Jersey,"Adventure Aquarium, Camden",Diving,05-dec-2009,2009,Provoked,December,M,58.0,Injury,13:00,Tiger Shark,N
Usa,California,"Huntington Beach, Orange County",Surfing,25-nov-2009,2009,Invalid,November,M,49.0,Injury,15:30,Other/Unknown,UNKNOWN
Usa,Florida,"Lori Wilson Park, Cocoa Beach, Brevard County",Wading,24-nov-2009,2009,Unprovoked,November,M,10.0,Injury,No time specified,Other/Unknown,N
Usa,California,"Loch Lomond, Marin County",Fishing,16-nov-2009,2009,Unprovoked,November,M,31.0,Minor injury,16:45,Other/Unknown,N
Usa,Florida,"Jupiter, Palm Beach County",Surfing,16-nov-2009,2009,Unprovoked,November,M,22.0,Injury,09:30,Other/Unknown,N
Usa,Florida,"Jupiter, Palm Beach County",Surfing,13-nov-2009,2009,Unprovoked,November,F,27.0,Injury,16:30,Other/Unknown,N
Usa,Florida,"New Smyrna Beach, Volusia County",Surfing,11-nov-2009,2009,Unprovoked,November,M,18.0,Injury,No time specified,Other/Unknown,N
Australia,South Australia,Second Valley,Kayaking,08-nov-2009,2009,Unprovoked,November,M,25.0,Injury,10:30,Other/Unknown,N
Usa,California,"Davenport, Santa Cruz County",Surfing,05-nov-2009,2009,Unprovoked,November,M,21.0,No injury,No time specified,Other/Unknown,N
Australia,Victoria,Portland,Kayaking,30-oct-2009,2009,Watercraft,October,M,27.0,No injury,No time specified,White Shark,N
Mozambique,Inhambane Province,Off Vilanculo,Spearfishing,reported 29-oct-2009,2009,Unprovoked,October,M,,Injury,No time specified,Other/Unknown,N
Australia,New South Wales,Lennox Heads,Paddle-boarding,28-oct-2009,2009,Unprovoked,October,F,17.0,No injury,07:00,Other/Unknown,N
Usa,California,"San Onofre, San Diego County",Surfing,24-oct-2009,2009,Unprovoked,October,M,,Injury,17:30,Other/Unknown,N
Usa,Hawaii,"Kalama Park, Maui",Surfing,19-oct-2009,2009,Unprovoked,October,M,54.0,Injury,06:00,Other/Unknown,N
Panama,Bocas,Playa La Cabaña,Wading,18-oct-2009,2009,Unprovoked,October,F,10.0,Injury,18:30,Other/Unknown,N
Scotland,Fife,Deep Sea World Aquarium,Diving,17-oct-2009,2009,Provoked,October,M,23.0,Injury,14:45,Other/Unknown,N
Australia,Western Australia,,Diving,reported 14-oct-2009,2009,Unprovoked,October,M,23.0,Severe injury,No time specified,Bull Shark,N
Usa,California,"San Onofre State Beach, San Diego County",Surfing,09-oct-2009,2009,Unprovoked,October,M,,Injury,11:00,Other/Unknown,N
United Kingdom,Devon,Mewstone Rock,Fishing,02-oct-2009,2009,Provoked,October,M,39.0,Injury,12:50,Other/Unknown,N
Usa,Florida,"Key Colony Beach, Monroe County",Swimming,26-sep-2009,2009,Unprovoked,September,M,,Injury,17:30,Bull Shark,N
Vietnam,,,,18-sep-2009,2009,Unprovoked,September,M,,Injury,No time specified,Other/Unknown,N
Somalia,,300 Miles Off The Coast,Fishing,15-sep-2009,2009,Provoked,September,M,,Injury,No time specified,Other/Unknown,N
Brazil,Pernambuco,"Piedade, Recife",,13-sep-2009,2009,Provoked,September,M,34.0,Other,No time specified,Other/Unknown,Y
Usa,North Carolina,"Corolla, Currituck County",Swimming,12-sep-2009,2009,Invalid,September,M,60.0,Fatal,21:00,Other/Unknown,Y
Brazil,Pernambuco,"Piedade, Recife","Swimming, attempting to rescue a girl  believed to be drowning",07-sep-2009,2009,Unprovoked,September,M,15.0,Fatal,No time specified,Other/Unknown,Y
Nevis,,Castle Beach,Swimming,02-sep-2009,2009,Invalid,September,M,,Other,No time specified,Other/Unknown,UNKNOWN
Solomon Islands,Makira-Ulawa Province,"Kirakira, Makira Island (Formerly San Cristobal)",Fishing,01-sep-2009,2009,Provoked,September,M,,Injury,No time specified,Other/Unknown,N
Usa,California,"Huntington Beach, Orange County",Surfing,30-aug-2009,2009,Unprovoked,August,M,,No injury,18:30,Other/Unknown,N
South Africa,Western Cape Province,Glentana,Surfing,29-aug-2009,2009,Unprovoked,August,M,25.0,Fatal,15:30,White Shark,Y
Usa,California,"Terramar Beach, Carlsbad, San Diego County",Swimming,25-aug-2009,2009,Unprovoked,August,F,22.0,Injury,16:30,White Shark,N
South Africa,Kwazulu-Natal,Alkantstrand,Body boarding,11-aug-2009,2009,Unprovoked,August,M,,No injury,No time specified,White Shark,N
Usa,Florida,"Ponce, Volusia County",Swimming,10-aug-2009,2009,Unprovoked,August,M,26.0,Injury,19:00,Other/Unknown,N
Usa,Hawaii,Kawa'A,Surfing,06-aug-2009,2009,Unprovoked,August,M,,No injury,08:45,Tiger Shark,N
Usa,Louisiana,"Curlew Island, Breton Sound",Wade Fishing,01-aug-2009,2009,Unprovoked,August,M,56.0,Injury,10:00,Bull Shark,N
Bahamas,Abaco Islands,Spanish Cay,Spearfishing,31-july-2009,2009,Unprovoked,July,M,14.0,Injury,No time specified,Bull Shark,N
Australia,New South Wales,Broken Head,Surfing,30-jul-2009,2009,Unprovoked,July,M,14.0,Injury,06:15,Other/Unknown,N
Vietnam,Binh Dinh Province,Quy Nhon,Swimming,29-jul-2009,2009,Unprovoked,July,F,41.0,Injury,17:30,Other/Unknown,N
Kenya,Mombasa,Likoni Channel,Washing his feet,reported 24-jul-2009,2009,Unprovoked,July,M,,Fatal,No time specified,Other/Unknown,Y
Usa,Texas,South Padre Island,Wading,24-jul-2009,2009,Unprovoked,July,F,14.0,Injury,No time specified,Other/Unknown,N
Spain,Catalunya,Sant Salvador,Swimming,24-jul-2009,2009,Invalid,July,F,11.0,Injury,10:15,Other/Unknown,UNKNOWN
Usa,North Carolina,Holden Beach. Brunswick County,Swimming,22-jul-2009,2009,Unprovoked,July,F,26.0,Injury,15:00,Other/Unknown,N
Usa,Florida,"Intracoastal Waterway,      St. Petersburg",Swimming,22-jul-2009,2009,Unprovoked,July,F,19.0,Injury,15:00,Other/Unknown,N
Vietnam,Binh Dinh Province,Quy Nhon,Swimming,18-jul-2009,2009,Unprovoked,July,M,57.0,Severe injury,No time specified,Other/Unknown,N
Bahamas,,,Spearfishing,11-jul-2009,2009,Provoked,July,M,,Injury,No time specified,Other/Unknown,N
Usa,California,"San Onofre, San Diego County",Paddle-surfing,11-jul-2009,2009,Unprovoked,July,M,,No injury,08:30,Other/Unknown,N
South Africa,Western Cape Province,"Jogensfontein, Stilbaai",Surfing,07-jul-2009,2009,Unprovoked,July,M,37.0,Injury,11:15,Other/Unknown,N
Usa,Florida,"Daytona Beach, Volusia County",Boogie Boarding,05-jul-2009,2009,Unprovoked,July,F,12.0,Injury,16:00,Other/Unknown,N
Usa,Florida,"Biscayne National Park, Miami",Swimming,04-jul-2009,2009,Provoked,July,F,43.0,Injury,15:45,Nurse Shark,N
Australia,New South Wales,"Seven Mile Beach, Gerroa",Surfing,27-jun-2009,2009,Unprovoked,June,M,52.0,Injury,08:45,Other/Unknown,N
Usa,California,"Shell Beach, San Luis Obispo County",Surfing,21-jun-2009,2009,Invalid,June,M,26.0,Injury,No time specified,Other/Unknown,UNKNOWN
Usa,Florida,"Melbourne Beach, Brevard County",Crawling,16-jun-2009,2009,Invalid,June,M,14.0,Injury,17:30,Other/Unknown,UNKNOWN
Vietnam,,,Fishing for sharks,reported 14-jun-2009,2009,Provoked,June,M,,Injury,No time specified,White Shark,N
Egypt,St. Johns Reef,Habili Gafar,Scuba diving,02-jun-2009,2009,Unprovoked,June,M,,Injury,No time specified,White Shark,N
Egypt,St. Johns Reef,Habili Gafar,Scuba diving,02-jun-2009,2009,Unprovoked,June,M,,Injury,No time specified,White Shark,N
Egypt,St. Johns Reef,Habili Gafar,Snorkeling,01-jun-2009,2009,Unprovoked,June,F,50.0,Fatal,No time specified,White Shark,Y
Taiwan,Off Green Island,Onboard The Fishing Vessel Chin Sheng Fa 13,Fishing,31-may-2009,2009,Provoked,May,M,46.0,Injury,20:30,Other/Unknown,N
Usa,Florida,"Clearwater Beach, Pinellas County",Swimming,25-may-2009,2009,Provoked,May,M,,Injury,20:30,Other/Unknown,N
Usa,Florida,"New Smyrna Beach, Volusia County",Surfing,17-may-2009,2009,Unprovoked,May,M,31.0,Injury,09:35,Blacktip Shark,N
Usa,Florida,"New Smyrna Beach, Volusia County",Surfing,16-may-2009,2009,Unprovoked,May,M,49.0,Injury,10:27,Blacktip Shark,N
Usa,Florida,"New Smyrna Beach, Volusia County",Surfing,16-may-2009,2009,Unprovoked,May,M,55.0,Injury,10:16,Blacktip Shark,N
Guam,North Region,Ritidian Point,Spearfishing,12-may-2009,2009,Provoked,May,M,27.0,Other,No time specified,Blacktip Shark,N
Bahamas,Exuma Islands,,Spearfishing,06-mar-2009,2009,Provoked,March,M,48.0,Injury,No time specified,Other/Unknown,N
Usa,Florida,"St. Augustine, St. John'S County",,28-apr-2009,2009,Unprovoked,April,F,,Injury,16:45,Other/Unknown,N
Usa,California,"San Onofre State Beach, San Diego County",Surfing,reported 25-apr-2009,2009,Unprovoked,April,M,,No injury,10:00,Other/Unknown,N
Usa,Florida,"New Smyrna Beach, Volusia County",Surfing,21-apr-2009,2009,Unprovoked,April,M,20.0,Injury,No time specified,Other/Unknown,N
Philippines,Batangas Province,Mabini,Swimming,20-apr-2009,2009,Unprovoked,April,M,23.0,Injury,05:00,Other/Unknown,N
Usa,Florida,"Carlin Park, Jupiter Inlet",Surfing,19-apr-2009,2009,Unprovoked,April,M,52.0,Injury,16:00,Other/Unknown,N
Usa,Florida,"Walton Rocks, St Lucie County",Surfing,17-apr-2009,2009,Unprovoked,April,M,31.0,Injury,13:15,Other/Unknown,N
Usa,Hawaii,Kona,Spearfishing,11-apr-2009,2009,Invalid,April,M,49.0,Other,No time specified,Other/Unknown,UNKNOWN
Australia,New South Wales,Fingal Bay,Surf skiing,12-apr-2009,2009,Unprovoked,April,M,40.0,No injury,08:00,Other/Unknown,N
South Africa,Kwazulu-Natal,Umtentweni,Swimming,06-apr-2009,2009,Invalid,April,M,24.0,Other,No time specified,Other/Unknown,UNKNOWN
Usa,California,San Diego County,Spearfishing,06-apr-2009,2009,Unprovoked,April,M,,Injury,07:45,White Shark,N
Usa,Florida,"Sanibel Island, Lee County",Wading,03-apr-2009,2009,Unprovoked,April,M,15.0,Injury,16:00,Other/Unknown,N
South Africa,Eastern Cape Province,2-3 Km North Of Sunday'S River Mouth,Fishing,27-mar-2009,2009,Provoked,March,M,59.0,Injury,No time specified,Raggedtooth Shark,N
South Africa,Eastern Cape Province,"Second Beach, Port St. John'S",Surfing,21-mar-2009,2009,Unprovoked,March,M,16.0,Fatal,No time specified,Other/Unknown,Y
Australia,New South Wales,Blue Bay,Surfing,20-mar-2009,2009,Unprovoked,March,M,17.0,Injury,18:45,Bronze Whaler Shark,N
Australia,New South Wales,South Broulee,Surfing,19-mar-2009,2009,Unprovoked,March,M,,No injury,No time specified,Other/Unknown,N
Australia,New South Wales,Bateman'S Bay,Surfing,19-mar-2009,2009,Unprovoked,March,F,,No injury,07:45,Other/Unknown,N
Usa,Florida,"Ponce Inlet, Volusia County",Surfing,18-mar-2009,2009,Unprovoked,March,F,17.0,Minor injury,17:30,Other/Unknown,N
Malaysia,Strait Of Malacca,Pulau Payar Island,Feeding fish,reported 17-mar-2009,2009,Unprovoked,March,F,,Minor injury,No time specified,Blacktip Shark,N
Usa,Hawaii,Alenuihaha Channel,Swimming,17-mar-2009,2009,Unprovoked,March,M,61.0,Minor injury,20:00,Other/Unknown,N
Australia,Western Australia,"The Natural Jetty, Rottnest Island",Wading,reported 16-mar-2009,2009,Provoked,March,M,21.0,Injury,No time specified,Wobbegong Shark,N
New Caledonia,South Province,Bourail,Surfing,06-mar-2009,2009,Unprovoked,March,M,19.0,Fatal,11:30,Other/Unknown,Y
South Africa,Western Cape Province,Off Cape Point,Fishing,02-mar-2009,2009,Provoked,March,M,40.0,Injury,13:30,Other/Unknown,N
New Zealand,North Island,Taranaki,Fishing,01-mar-2009,2009,Watercraft,March,M,,No injury,No time specified,Other/Unknown,N
Australia,New South Wales,Avalon,Surfing,01-mar-2009,2009,Unprovoked,March,M,15.0,Injury,06:45,Other/Unknown,N
Australia,Queensland,Batt Reef,Fishing,22-feb-2009,2009,Unprovoked,February,M,,Severe injury,10:15,Other/Unknown,N
Australia,New South Wales,"Shelly Beach, Near Port Macquarie",Surfing,18-feb-2009,2009,Unprovoked,February,M,,No injury,17:00,Other/Unknown,N
Australia,New South Wales,"Bondi Beach, Sydney",Surfing,12-feb-2009,2009,Unprovoked,February,M,33.0,Severe injury,19:30,White Shark,N
Australia,New South Wales,"Garden Point, Woolloomooloo Sydney Harbour","Diving, but on the surface when bitten by the shark",11-feb-2009,2009,Unprovoked,February,M,31.0,Severe injury,07:00,Bull Shark,N
Usa,Puerto Rico,Quebradillas,Air Disaster,08-feb-2009,2009,Sea Disaster,February,M,,Other,No time specified,Other/Unknown,Y
Australia,New South Wales,Cellito Beach,Surfing,07-feb-2009,2009,Unprovoked,February,M,41.0,No injury,11:00,White Shark,N
Australia,New South Wales,Sandon,Surfing,07-feb-2009,2009,Unprovoked,February,M,,No injury,07:30,Other/Unknown,N
Azores,,Onboard The Fishing Vessel Nuevo Cedes,Fishing,reported 27-jan-2009,2009,Provoked,January,M,49.0,Injury,No time specified,Other/Unknown,N
Brazil,,Praia Do Olho D'Aqua,,reported 26-jan-2009,2009,Invalid,January,M,17.0,Injury,No time specified,Other/Unknown,UNKNOWN
Cuba,Guantanamo Province,Guantanamo Bay,Spearfishing,25-jan-2009,2009,Unprovoked,January,M,15.0,Severe injury,10:30,Bull Shark,N
New Zealand,North Island,Alderman Islands,Fishing,24-jan-2009,2009,Watercraft,January,Unknown,,No injury,19:00,Other/Unknown,N
Australia,New South Wales,"Surf Beach, Batemans Bay",Swimming,24-jan-2009,2009,Unprovoked,January,M,19.0,Injury,16:30,Other/Unknown,N
South Africa,Eastern Cape Province,"Second Beach, Port St. John'S",Swimming,24-jan-2009,2009,Unprovoked,January,M,25.0,Fatal,14:00,Tiger Shark,Y
Brazil,Maranhão,Olho D'Água,Swimming,23-jan-2009,2009,Invalid,January,M,17.0,Other,No time specified,Other/Unknown,UNKNOWN
Australia,Victoria,Off Tower Hill,Fishing,18-jan-2009,2009,Watercraft,January,M,,No injury,09:20,White Shark,N
New Zealand,South Island,Karitane Beach,Surfing,16-jan-2009,2009,Unprovoked,January,M,,No injury,No time specified,Other/Unknown,N
South Africa,Western Cape Province,"Shark Alley, Off Gansbaai",,reported 13-jan-2009,2009,Unprovoked,January,Unknown,,Fatal,No time specified,White Shark,Y
Australia,New South Wales,"Windang,       Lake Illawara",Snorkeling,12-jan-2009,2009,Unprovoked,January,M,24.0,Injury,10:45,Other/Unknown,N
Australia,Tasmania,Binalong Bay,Surfing,11-jan-2009,2009,Unprovoked,January,F,13.0,Severe injury,15:45,White Shark,N
Australia,New South Wales,Fingal Beach,Surfing,11-jan-2009,2009,Unprovoked,January,M,31.0,Severe injury,09:00,White Shark,N
New Zealand,North Island,Hawkes Bay,Fishing,10-jan-2009,2009,Watercraft,January,Unknown,,No injury,No time specified,Other/Unknown,N
Ecuador,Galapagos Islands,Isla Isabella,Surfing,10-jan-2009,2009,Unprovoked,January,M,22.0,Injury,No time specified,Other/Unknown,N
New Zealand,North Island,Haumoana,Swimming,06-jan-2009,2009,Unprovoked,January,M,49.0,Injury,17:30,Other/Unknown,N
Cuba,Guantanamo Province,Guantanamo,Spearfishing,jan-2009,2009,Unprovoked,January,Unknown,,Injury,No time specified,Bull Shark,N
Australia,Western Australia,Port Kennedy Beach,Crabbing,30-dec-2008,2008,Invalid,December,Unknown,,Other,09:30,Other/Unknown,UNKNOWN
Australia,Tasmania,Near Schouten Island,Yacht race,27-dec-2008,2008,Watercraft,December,Unknown,,No injury,No time specified,Other/Unknown,N
Australia,New South Wales,Seal Rocks,Boogie Boarding,27-dec-2008,2008,Unprovoked,December,M,10.0,No injury,No time specified,Other/Unknown,N
Australia,New South Wales,"Long Reef, North Of Sydney",Kayaking,27-dec-2008,2008,Watercraft,December,M,29.0,No injury,11:00,White Shark,N
Australia,Western Australia,Port Kennedy Beach,Snorkeling,27-dec-2008,2008,Unprovoked,December,M,51.0,Fatal,07:00,White Shark,Y
Usa,California,"Dillon Beach, Marin County",Kayaking,20-dec-2008,2008,Watercraft,December,M,,No injury,15:00,White Shark,N
New Zealand,North Island,Maraetai,Fishing,14-dec-2008,2008,Unprovoked,December,M,,Injury,No time specified,Bronze Whaler Shark,N
South Africa,Western Cape Province,Plettenberg Bay,Fishing,10-dec-2008,2008,Provoked,December,M,15.0,Injury,20:00,Raggedtooth Shark,N
Australia,New South Wales,Mowarry Point,Fishing,06-dec-2006,2008,Watercraft,December,Unknown,,Other,No time specified,White Shark,N
Mozambique,Inhambane Province,Chidenguele,Spearfishing,dec-2008,2008,Unprovoked,December,M,,Fatal,No time specified,Other/Unknown,Y
Egypt,Red Sea,Elphinstone Reef,Scuba diving,28-nov-2008,2008,Unprovoked,November,F,,Injury,No time specified,White Shark,N
Philippines,Batanes Provine,Luzon Strait,Sinking of the cargo ship Mark Jason,25-nov-2008,2008,Sea Disaster,November,M,,Injury,No time specified,Other/Unknown,N
Ecuador,Galapagos Islands,Santa Cruz,,24-nov-2008,2008,Unprovoked,November,F,,Injury,No time specified,Other/Unknown,N
Australia,South Australia,North Haven,Fishing,09-nov-2008,2008,Watercraft,November,M,,No injury,No time specified,Bronze Whaler Shark,N
Taiwan,,50 Miles Off Kaohsiung,Fishing boat swamped in storm,09-nov-2008,2008,Sea Disaster,November,M,45.0,Fatal,No time specified,Other/Unknown,Y
Philippines,Luzon,"Off Paoay, Ilocos Norte Province",Fishing,06-nov-2008,2008,Unprovoked,November,M,39.0,Fatal,10:00,Other/Unknown,Y
Australia,New South Wales,"Oceanworld, Manley",Scuba diving,22-oct-2008,2008,Provoked,October,M,34.0,Injury,17:20,Nurse Shark,N
New Caledonia,,,Spearfishing,21-oct-2008,2008,Unprovoked,October,M,24.0,Injury,11:00,Lemon Shark,N
Australia,Northern Territory,Darwin,Fishing,12-oct-2008,2008,Provoked,October,M,50.0,Injury,No time specified,Other/Unknown,N
Australia,New South Wales,Lake Macquarie,Surfing,11-oct-2008,2008,Unprovoked,October,M,15.0,No injury,15:30,Other/Unknown,N
Usa,Florida,"Santa Rosa Beach, Walton County",Fishing,08-oct-2008,2008,Unprovoked,October,M,11.0,Injury,12:00,Other/Unknown,N
Croatia,"Split-Dalmatia Count,","Smokvina Bay, Vis Island",Spearfishing,06-oct-2008,2008,Unprovoked,October,M,43.0,Injury,12:00,White Shark,N
Usa,Florida,"New Smyrna Beach, Volusia County",Surfing,28-sep-2008,2008,Unprovoked,September,M,44.0,Injury,11:45,Other/Unknown,N
Usa,Florida,Bethune Beach,Surfing,28-sep-2008,2008,Unprovoked,September,M,40.0,Injury,11:00,Other/Unknown,N
Australia,Northern Territory,Near Croker Island,Swimming,15-sep-2008,2008,Provoked,September,M,43.0,Injury,14:30,Bronze Whaler Shark,N
Usa,Florida,"Ormond-By-The-Sea, Volusia County",Swimming,14-sep-2008,2008,Unprovoked,September,M,32.0,Injury,12:00,Other/Unknown,N
Usa,Hawaii,"Ka'A'Awa, Oahu",Surfing,09-sep-2008,2008,Unprovoked,September,M,40.0,Injury,16:30,Tiger Shark,N
Usa,California,"Surf Beach, Lompoc, Santa Barbara County",Surfing,08-sep-2008,2008,Unprovoked,September,M,,No injury,10:30,White Shark,N
Australia,New South Wales,"Clarks Beach, Byron Bay",Surfing,07-sep-2008,2008,Unprovoked,September,M,51.0,Injury,12:00,Other/Unknown,N
Usa,Florida,"Ponce Inlet, New Smyrna Beach, Volusia County",Surfing,06-sep-2008,2008,Unprovoked,September,M,43.0,Minor injury,12:00,Other/Unknown,N
Usa,Florida,"Ponce Inlet, New Smyrna Beach, Volusia County",Surfing,06-sep-2008,2008,Unprovoked,September,M,15.0,Minor injury,12:00,Other/Unknown,N
Usa,Florida,"New Smyrna Beach, Volusia County",Surfing,01-sep-2008,2008,Unprovoked,September,M,52.0,Other,10:00,Other/Unknown,N
Usa,Florida,Hutchinson Island,Surfing,sep-2008,2008,Unprovoked,September,M,,Injury,No time specified,Other/Unknown,N
Australia,New South Wales,"Tallow Beach, Byron Bay",Surfing,30-aug-2008,2008,Unprovoked,August,M,29.0,No injury,No time specified,Other/Unknown,N
Usa,Hawaii,"Mckenzie Beach Park In Pahoa, Hawai'I",Swimming,30-aug-2008,2008,Invalid,August,M,27.0,Other,19:20,Other/Unknown,UNKNOWN
England,North Devon,Lundy Island,Fishing,30-aug-2008,2008,Provoked,August,M,52.0,Injury,No time specified,Other/Unknown,N
Usa,Florida,"New Smyrna Beach, Volusia County",Surfing,28-aug-2008,2008,Unprovoked,August,M,19.0,Injury,12:00,Other/Unknown,N
Usa,Florida,"New Smyrna Beach, Volusia County",Surfing,27-aug-2008,2008,Unprovoked,August,M,26.0,Injury,11:00,Other/Unknown,N
Usa,Florida,"New Smyrna Beach, Volusia County","Swimming, towing surfboard",24-aug-2008,2008,Unprovoked,August,M,20.0,Minor injury,15:00,Other/Unknown,N
Usa,North Carolina,"Surf City, Topsail Island, Pender County",Surfing,24-aug-2008,2008,Invalid,August,F,20.0,Injury,18:00,Other/Unknown,UNKNOWN
Usa,Florida,"Sanibel Island, Lee County",Swimming,20-aug-2008,2008,Unprovoked,August,M,47.0,Injury,14:45,Other/Unknown,N
Usa,South Carolina,"North Myrtle Beach, Horry County",,18-aug-2008,2008,Invalid,August,M,7.0,Minor injury,No time specified,Other/Unknown,UNKNOWN
Usa,Us Virgin Islands,Buck Island,Treading water,16-aug-2008,2008,Unprovoked,August,F,38.0,Severe injury,No time specified,Bull Shark,N
Usa,Florida,"New Smyrna Beach, Volusia County",Wading,12-aug-2008,2008,Unprovoked,August,F,13.0,Injury,12:05,Other/Unknown,N
Usa,Hawaii,"Ala Moana Beach Park, Oah'U",Diving,11-aug-2008,2008,Unprovoked,August,M,,No injury,14:00,Tiger Shark,N
Australia,Victoria,Levys Beach,Surfing,30-jul-2008,2008,Unprovoked,July,M,31.0,No injury,10:30,White Shark,N
South Africa,,,,reported 30-jul-2008,2008,Unprovoked,July,M,,Injury,No time specified,White Shark,N
Panama,San Carlos,Playa Teta,Swimming or surfing,27-jul-2008,2008,Unprovoked,July,M,,Injury,18:00,Other/Unknown,N
Mexico,Cabo San Lucas,,Swimming,26-jul-2008,2008,Unprovoked,July,M,33.0,Injury,No time specified,Other/Unknown,N
Usa,Hawaii,"Honokowai, Maui",Swimming,26-jul-2008,2008,Unprovoked,July,M,,Minor injury,15:30,Other/Unknown,N
Usa,Florida,"New Smyrna Beach, Volusia County",Surfing,25-jul-2008,2008,Unprovoked,July,M,17.0,Injury,09:00,Other/Unknown,N
Usa,Hawaii,"Lahilahi Point, Oahu",Snorkeling,25-jul-2008,2008,Unprovoked,July,F,44.0,Injury,08:45,Other/Unknown,N
Usa,North Carolina,"Surf City, Topsail Island, Pender County",Wading,24-jul-2008,2008,Unprovoked,July,M,9.0,Minor injury,No time specified,Other/Unknown,N
Usa,North Carolina,"Topsail Island, Pender County",Wading,24-jul-2008,2008,Unprovoked,July,F,8.0,Injury,13:00,Other/Unknown,N
Usa,Florida,"New Smyrna Beach, Volusia County",Surfing,23-jul-2008,2008,Provoked,July,M,15.0,Injury,14:30,Other/Unknown,N
Usa,Florida,"New Smyrna Beach, Volusia County",Wading,19-jul-2008,2008,Unprovoked,July,M,16.0,Injury,13:55,Other/Unknown,N
Egypt,,Daedalus Reef,Diving,18-jul-2008,2008,Unprovoked,July,M,,Severe injury,No time specified,White Shark,N
Usa,North Carolina,"Carolina Beach, New Hanover County",Body surfing,13-jul-2008,2008,Invalid,July,M,52.0,Minor injury,No time specified,Other/Unknown,UNKNOWN
Usa,South Carolina,"Isle Of Palms, Charleston County",Surfing,11-jul-2008,2008,Unprovoked,July,M,24.0,Injury,14:00,Other/Unknown,N
Usa,North Carolina,"Emerald Isle, Carteret County",Swimming,09-jul-2008,2008,Unprovoked,July,F,14.0,Injury,19:30,Other/Unknown,N
Usa,South Carolina,"Litchfield Beach, Georgetown County",,05-jul-2008,2008,Unprovoked,July,F,17.0,Injury,14:21,Other/Unknown,N
United Kingdom,Sussex,"Rock-A-Nore, Hastings",Rowing an inflatable dinghy,late jul-2008,2008,Watercraft,July,M,16.0,No injury,No time specified,Other/Unknown,N
Usa,Hawaii,"Kamilo Point, Hawai'I",Wading,28-jun-2008,2008,Invalid,June,M,53.0,Injury,No time specified,Other/Unknown,UNKNOWN
Bahamas,Abaco Islands,,Spearfishing,28-jun-2008,2008,Unprovoked,June,M,42.0,Injury,11:00,Bull Shark,N
South Africa,Western Cape Province,Mossel Bay,Surf skiing,28-jun-2008,2008,Unprovoked,June,M,46.0,No injury,14:00,White Shark,N
South Africa,Western Cape Province,Struis Bay,Spearfishing (free diving),reported 26-jun-2008,2008,Unprovoked,June,M,,No injury,No time specified,White Shark,N
Usa,Florida,"New Smyrna Beach, Volusia County",Surfing,26-jun-2008,2008,Unprovoked,June,M,29.0,Minor injury,No time specified,Other/Unknown,N
Usa,South Carolina,"Isle Of Palms, Charleston County",Swimming,26-jun-2008,2008,Unprovoked,June,M,37.0,Injury,11:15,Other/Unknown,N
Brazil,Bahia,Guarajuba,Surfing,24-jun-2008,2008,Unprovoked,June,M,,No injury,No time specified,Other/Unknown,N
Usa,California,"West Cove, Catalina Island",Kayaking,21-jun-2008,2008,Watercraft,June,F,40.0,No injury,09:00,White Shark,N
Usa,Florida,"Fernandina Beach, Nassau County",Wading,20-jun-2008,2008,Unprovoked,June,F,35.0,Injury,11:10,Other/Unknown,N
Brazil,Pernambuco,"Punta Del Chifre, Olinda",Surfing,11-jun-2008,2008,Unprovoked,June,M,14.0,Injury,No time specified,Other/Unknown,N
Usa,Florida,"Cocoa Beach, Brevard  County",Body surfing,07-jun-2008,2008,Unprovoked,June,M,40.0,Minor injury,No time specified,Other/Unknown,N
Scotland,Easter Ross,Balintore Bay,Fishing,reported 02-jun-2008,2008,Watercraft,June,Unknown,,No injury,No time specified,Other/Unknown,N
Usa,South Carolina,Cherry Grove,Body surfing,01-jun-2008,2008,Unprovoked,June,F,15.0,Injury,18:30,Other/Unknown,N
Brazil,Pernambuco,"Piedade, Recife",Swimming,01-jun-2008,2008,Unprovoked,June,M,14.0,Severe injury,15:00,Bull Shark,N
Usa,North Carolina,"Hammocks Beach State Park, Bear Island, Onslow County",Surfing,26-may-2008,2008,Unprovoked,May,M,9.0,Injury,15:50,Other/Unknown,N
Bahamas,Grand Bahama Island,Off West End,Sea Disaster,24-may-2008,2008,Sea Disaster,May,M,,Other,No time specified,Tiger Shark,N
Mexico,Guerro,Playa Linda,Surfing,24-may-2008,2008,Unprovoked,May,M,49.0,Injury,No time specified,Other/Unknown,N
Mexico,Guerro,Pantla Beach,Surfing,23-may-2008,2008,Unprovoked,May,M,21.0,Fatal,No time specified,Other/Unknown,Y
Fiji,Yasawa Islands,Turtle Island,Night diving,14-may-2008,2008,Unprovoked,May,M,28.0,Fatal,No time specified,Other/Unknown,Y
Australia,Western Australia,Albany,Swimming,10-may-2008,2008,Unprovoked,May,M,37.0,Severe injury,07:30,White Shark,N
New Caledonia,North Province,Hienghène,Fishing,07-may-2008,2008,Unprovoked,May,M,40.0,Injury,14:00,Bull Shark,N
Usa,Florida,"New Smyrna Beach, Volusia County",Wading,07-may-2008,2008,Unprovoked,May,M,6.0,Injury,No time specified,Other/Unknown,N
South Africa,,,Fishing,01-may-2008,2008,Provoked,May,M,24.0,Injury,No time specified,Other/Unknown,N
Mexico,Guerro,Troncones Beach,Surfing,28-apr-2008,2008,Unprovoked,April,M,24.0,Fatal,No time specified,Tiger Shark,Y
Usa,Florida,"New Smyrna Beach, Volusia County",Surfing,28-apr-2008,2008,Unprovoked,April,M,18.0,Injury,11:45,Other/Unknown,N
Usa,Florida,"New Smyrna Beach, Volusia County",Surfing,27-apr-2008,2008,Unprovoked,April,M,24.0,Injury,10:30,Other/Unknown,N
New Caledonia,North Province,Poindimié,Swimming,26-apr-2008,2008,Unprovoked,April,M,32.0,Injury,No time specified,Bull Shark,N
Usa,Florida,"New Smyrna Beach, Volusia County",Surfing,26-apr-2008,2008,Provoked,April,M,21.0,Injury,09:50,Other/Unknown,N
Usa,California,"Solana Beach, San Diego County",Swimming,25-apr-2008,2008,Unprovoked,April,M,66.0,Fatal,07:00,White Shark,Y
Usa,Florida,"New Smyrna Beach, Volusia County",Surfing,20-apr-2008,2008,Unprovoked,April,M,14.0,Injury,08:45,Other/Unknown,N
Australia,New South Wales,Crescent Head,,20-apr-2008,2008,Unprovoked,April,M,,Unknown,No time specified,Tiger Shark,UNKNOWN
South Africa,Kwazulu-Natal,Aliwal Shoal,Free-diving,reported 19-apr-2008,2008,Invalid,April,M,,Injury,No time specified,Tiger Shark,UNKNOWN
Mexico,Quintana Roo,"Delfines Beach, Cancun",Swimming,18-apr-2008,2008,Invalid,April,M,32.0,Injury,No time specified,Other/Unknown,UNKNOWN
Australia,Queensland,"Duranbah, Greenmount Beach",Surfing,17-apr-2008,2008,Invalid,April,M,19.0,Injury,11:00,Other/Unknown,UNKNOWN
Usa,Florida,"Playalinda Beach, Canaveral National Seashore, Brevard County",Surfing,15-apr-2008,2008,Unprovoked,April,M,30.0,Injury,15:00,Other/Unknown,N
Fiji,,,Spearfishing,reported 09-apr-2008,2008,Unprovoked,April,M,,Injury,No time specified,Other/Unknown,N
Usa,Florida,"Palm Beach Shores, Palm Beach County",Wading,25-mar-2008,2008,Unprovoked,March,M,15.0,Injury,No time specified,Other/Unknown,N
Usa,Florida,"1.4 Miles South Of Ponce De Leon Jetty, New Smyrna Beach, Volusia County",Surfing,reported 08-apr-2008,2008,Unprovoked,April,Unknown,,Injury,No time specified,Other/Unknown,N
Australia,New South Wales,"Lighthouse Beach, Ballina",Body boarding,08-apr-2008,2008,Unprovoked,April,M,16.0,Fatal,08:05,Bull Shark,Y
Usa,Florida,"South Of Ponce De Leon Jetty, New Smyrna Beach, Volusia County",Walking out of the water after surfing,03-apr-2008,2008,Unprovoked,April,M,18.0,Injury,12:00,Other/Unknown,N
South Africa,Kwazulu-Natal,Scottburgh,Fishing from surfski,28-mar-2008,2008,Unprovoked,March,M,39.0,Injury,No time specified,Other/Unknown,N
Usa,Florida,"New Smyrna Beach / Ponce Inlet, Volusia County",Surfing,28-mar-2008,2008,Unprovoked,March,M,52.0,Injury,18:50,Other/Unknown,N
Usa,Florida,"Near Cocoa Beach, Brevard  County",Boogie Boarding,28-mar-2008,2008,Unprovoked,March,M,,Injury,No time specified,Other/Unknown,N
Usa,Florida,"South Of Ponce De Leon Jetty, New Smyrna Beach, Volusia County",Walking out of the water after surfing,23-mar-2008,2008,Unprovoked,March,M,13.0,Injury,11:30,Other/Unknown,N
Usa,Florida,"Beachway Avenue Approach, New Smyrna Beach, Volusia County",Wading,21-mar-2008,2008,Unprovoked,March,M,14.0,Injury,15:53,Other/Unknown,N
Usa,Florida,"Lovers Key State Park, Bonita Springs, Lee County",Jet skiing,15-mar-2008,2008,Unprovoked,March,M,8.0,Minor injury,No time specified,Other/Unknown,N
Usa,California,"Huntington Beach, Orange County",Surfing,07-mar-2008,2008,Unprovoked,March,M,27.0,No injury,08:00,White Shark,N
Bahamas,Northern Bahamas,"Dive Site Known As ""The End Of The Map""",Diving,24-feb-2008,2008,Unprovoked,February,M,49.0,Fatal,10:00,Bull Shark,Y
French Polynesia,Society Islands,Tahiti,Spearfishing,reported 21-feb-2008,2008,Unprovoked,February,M,26.0,Injury,No time specified,Other/Unknown,N
Usa,Florida,"Ponce Inlet, Volusia County",Surfing,15-feb-2008,2008,Unprovoked,February,M,25.0,Injury,17:00,Other/Unknown,N
Australia,New South Wales,Horseshoe Bay,Surfing,07-feb-2008,2008,Unprovoked,February,F,14.0,Minor injury,No time specified,Other/Unknown,N
Usa,Florida,"Opposite Patrick Air Force Base, Brevard County",Surf-skiing,06-feb-2008,2008,Unprovoked,February,M,,Injury,No time specified,Other/Unknown,N
Japan,Tokyo Bay,,Diving,2008.01.30,2008,Provoked,January,M,,No injury,No time specified,Other/Unknown,UNKNOWN
South Africa,Kwazulu-Natal,"Suncoast Pirates Beach, Durban",Surf-skiing,29-jan-2008,2008,Unprovoked,January,M,42.0,No injury,No time specified,Blacktip Shark,N
Australia,Queensland,200 Km East Of Coolangatta,Accidentally stood on hooked shark's tail before attempting to gut it,27-jan-2008,2008,Provoked,January,M,20.0,Injury,07:30,Other/Unknown,N
New Zealand,South Island,Marfells Beach,Wading,reported 19-jan-2008,2008,Invalid,January,M,,Other,No time specified,Other/Unknown,UNKNOWN
New Zealand,North Island,Omaha Beach,Attempting to chase shark out to sea,14-jan-2008,2008,Watercraft,January,Unknown,,No injury,14:00,Bronze Whaler Shark,N
Usa,Florida,"Playalinda Beach, Canaveral National Seashore, Brevard County",Surfing,10-jan-2008,2008,Unprovoked,January,M,20.0,Injury,No time specified,Other/Unknown,N
Usa,Florida,"Off Fort Pierce, St. Lucie County",Fishing for snapper,fall 2008,2008,Provoked,,M,,Minor injury,No time specified,Nurse Shark,N
Mexico,Baja California,Playas De Tijuana,Surfing,summer-2008,2008,Unprovoked,,M,26.0,Injury,No time specified,Other/Unknown,N
Ecuador,Galapagos Islands,San Cristobal Island,Surfing,21-dec-2007,2007,Unprovoked,December,M,24.0,Injury,No time specified,Other/Unknown,N
British Virgin Islands,Green Bay,,Scuba diving,19-dec-2007,2007,Invalid,December,M,53.0,Injury,No time specified,Other/Unknown,UNKNOWN
Australia,New South Wales,Jimmy'S Beach,Surfing,18-dec-2007,2007,Unprovoked,December,M,31.0,Severe injury,11:00,Other/Unknown,N
Australia,Queensland,South Stradbroke Island,Swimming,15-dec-2007,2007,Unprovoked,December,M,,Injury,No time specified,Other/Unknown,N
Australia,New South Wales,Bondi,Swimming,14-dec-2007,2007,Invalid,December,M,34.0,Injury,20:30,Other/Unknown,UNKNOWN
Usa,Hawaii,"Waialua Bay, O'Ahu",Surfing,10-dec-2007,2007,Unprovoked,December,M,52.0,No injury,11:00,Tiger Shark,N
New Zealand,South Island,Kaikoura,Surfing,09-dec-2007,2007,Unprovoked,December,F,,No injury,No time specified,Other/Unknown,N
Brazil,Pernambuco,Itamaracá,Removing fish from a trap,07-dec-2007,2007,Unprovoked,December,M,28.0,Injury,No time specified,Other/Unknown,N
Australia,Western Australia,In A Tidal Creek    5 Km From Wickham,Fishing,18-nov-2007,2007,Provoked,November,M,32.0,Minor injury,No time specified,Other/Unknown,N
Australia,New South Wales,"Wategos Beach, Byon Bay",Surfing,08-nov-2007,2007,Unprovoked,November,M,,No injury,14:20,Other/Unknown,N
South Africa,Western Cape Province,The Strand,Surfing,07-nov-2007,2007,Unprovoked,November,M,14.0,Injury,17:30,Other/Unknown,N
Usa,Florida,"New Smyrna Beach, Volusia County",Surfing,06-nov-2007,2007,Unprovoked,November,M,21.0,Injury,No time specified,Other/Unknown,N
Usa,Florida,"Round Island Park, Indian River County",Surfing,04-nov-2007,2007,Unprovoked,November,M,42.0,Injury,09:00,Other/Unknown,N
South Africa,Eastern Cape Province,Bonza Bay,Surfing,03-nov-2007,2007,Unprovoked,November,M,37.0,Injury,08:45,White Shark,N
Mexico,Baja California,Guadalupe Island,Shark diving,november 2011,2007,Invalid,November,M,,No injury,No time specified,Other/Unknown,UNKNOWN
Usa,Hawaii,"Wailea, Maui",Floating,29-oct-2007,2007,Unprovoked,October,M,32.0,Injury,15:30,Tiger Shark,N
Australia,New South Wales,Byron Bay,Surf-skiing,15-oct-2007,2007,Unprovoked,October,F,52.0,Injury,11:30,White Shark,N
Australia,Queensland,Holmes Reef,Spearfishing,13-oct-2007,2007,Unprovoked,October,M,31.0,Injury,12:00,Bronze Whaler Shark,N
Usa,California,"Venice Pier, Venice, Los Angeles County",Surfing,07-oct-2007,2007,Unprovoked,October,M,22.0,Minor injury,20:30,Other/Unknown,N
Usa,Florida,"Playalinda Beach, Canaveral National Seashore, Brevard County",Surfing,06-oct-2007,2007,Unprovoked,October,M,16.0,Severe injury,08:10,Blacktip Shark,N
Usa,California,"Santa Monica, Los Angeles County",Surfing,30-sep-2007,2007,Unprovoked,September,M,,Injury,11:30,Other/Unknown,N
Philippines,Palawan,Off Cagayancillo,"The 426-ton cargo ship Mia, laden with cement, capsized in heavy seas",30-sep-2007,2007,Sea Disaster,September,M,,Fatal,14:40,Other/Unknown,Y
New Caledonia,Loyalty Islands,"Bay Of Luengoni, Lifou Island",Swimming,30-sep-2007,2007,Unprovoked,September,F,23.0,Fatal,No time specified,White Shark,Y
Bahamas,Grand Bahama Island,Sweetings Cay,Spearfishing,28-sep-2007,2007,Unprovoked,September,F,48.0,Injury,12:00,Other/Unknown,N
Usa,California,"Moonstone Beach, Humboldt County",Surfing,27-sep-2007,2007,Unprovoked,September,F,,No injury,08:15,White Shark,N
Egypt,Red Sea,Daedalus Reef,Swimming,27-sep-2007,2007,Unprovoked,September,F,,Severe injury,07:00,White Shark,N
Usa,Florida,Jupiter Inlet,Scuba diving,22-sep-2007,2007,Invalid,September,F,,Other,No time specified,Other/Unknown,UNKNOWN
Usa,Florida,Huguenot Park,Surfing,22-sep-2007,2007,Unprovoked,September,F,,Injury,No time specified,Other/Unknown,N
Usa,Florida,"New Smyrna Beach, Volusia County",Surfing,20-sep-2007,2007,Unprovoked,September,M,23.0,Injury,18:20,Other/Unknown,N
Solomon Islands,Marovo Lagoon,Kicha Island,Spearfishing,17-sep-2007,2007,Unprovoked,September,M,,Injury,No time specified,Other/Unknown,N
Usa,Florida,"New Smyrna Beach, Volusia County",Wading?,16-sep-2007,2007,Unprovoked,September,M,56.0,Injury,11:15,Other/Unknown,N
Usa,Florida,"Flagler Beach, Flagler County",Surfing,16-sep-2007,2007,Unprovoked,September,F,,No injury,No time specified,Other/Unknown,N
Usa,Florida,"Lauderdale-By-The-Sea, Broward County",Snorkeling,13-sep-2007,2007,Unprovoked,September,M,14.0,Minor injury,16:00,Nurse Shark,N
Usa,Florida,"Pepper Park Beach, St. Lucie County",Wading,08-sep-2007,2007,Unprovoked,September,F,58.0,Injury,11:45,Other/Unknown,N
Usa,Florida,"Daytona Beach, Volusia County",Wading,05-sep-2007,2007,Unprovoked,September,F,36.0,Injury,13:42,Other/Unknown,N
Usa,South Carolina,Sullivan'S Island,Standing,04-sep-2007,2007,Unprovoked,September,M,15.0,Injury,18:30,Other/Unknown,N
Usa,Florida,"Daytona Beach, Volusia County",Jumping,03-sep-2007,2007,Unprovoked,September,F,12.0,Injury,No time specified,Other/Unknown,N
Usa,Florida,"Fort Lauderdale, Broward County",Swimming,03-sep-2007,2007,Unprovoked,September,M,58.0,Injury,09:45,Other/Unknown,N
Usa,Hawaii,"Ka'A'Awa, Oahu",Body boarding,28-aug-2007,2007,Unprovoked,August,M,15.0,Injury,16:30,Tiger Shark,N
Usa,California,"Marina State Beach, Monterey County",Surfing,28-aug-2007,2007,Unprovoked,August,M,24.0,Injury,10:45,White Shark,N
Usa,Florida,"New Smyrna Beach, Volusia County",Surfing,26-aug-2007,2007,Unprovoked,August,M,54.0,Injury,14:00,Other/Unknown,N
Usa,Florida,"New Smyrna Beach, Volusia County",Surfing,25-aug-2007,2007,Unprovoked,August,M,27.0,Injury,No time specified,Other/Unknown,N
Usa,North Carolina,North Carolina Aquarium At Fort Fisher,Diving,22-aug-2007,2007,Provoked,August,M,,Minor injury,No time specified,Other/Unknown,N
Usa,Delaware,"Indian River Inlet, Rehoboth Beach",Fishing,20-aug-2007,2007,Provoked,August,M,,Injury,19:45,Tiger Shark,N
Usa,Florida,"Islamorada Founder'S Park, Plantation Key, Monroe County",Swimming,19-aug-2007,2007,Unprovoked,August,M,52.0,Injury,20:15,Other/Unknown,N
Usa,Florida,"New Smyrna Beach, Volusia County",Surfing,19-aug-2007,2007,Unprovoked,August,M,16.0,Injury,12:39,Other/Unknown,N
Usa,South Carolina,"Lakewood Campground, Grand Strand, Horry County",Playing,19-aug-2007,2007,Unprovoked,August,M,7.0,Injury,10:00,Other/Unknown,N
Usa,Florida,Sarasota Bay,Floating near boat & observing bioluminesce,15-aug-2007,2007,Unprovoked,August,M,20.0,Injury,No time specified,Bull Shark,N
Usa,Florida,"New Smyrna Beach, Volusia County",Swimming,12-aug-2007,2007,Unprovoked,August,F,15.0,Minor injury,17:35,Other/Unknown,N
Usa,Florida,"Ponce Inlet,  New Smyrna Beach, Volusia County",Walking out of the water after surfing,11-aug-2007,2007,Unprovoked,August,M,19.0,Minor injury,18:00,Other/Unknown,N
Usa,South Carolina,"Isle Of Palms, Charleston County",Swimming,09-aug-2007,2007,Unprovoked,August,M,30.0,Injury,16:40,Other/Unknown,N
Usa,South Carolina,"Isle Of Palms, Charleston County",Boogie Boarding,09-aug-2007,2007,Unprovoked,August,M,9.0,Injury,14:00,Other/Unknown,N
Usa,Florida,"Islamorada, Monroe County",Jumped into the water,07-aug-2007,2007,Unprovoked,August,F,19.0,Injury,No time specified,Bull Shark,N
Usa,Florida,"Ponce Inlet, Volusia County",Surfing,29-jul-2007,2007,Unprovoked,July,M,51.0,Minor injury,No time specified,Other/Unknown,N
Usa,California,"Imperial Beach, San Diego County",Surfing,28-jul-2007,2007,Unprovoked,July,M,20.0,No injury,23:00,Other/Unknown,N
Usa,California,"Malibu, Los Angeles County",Surf paddling,22-jul-2007,2007,Unprovoked,July,M,,No injury,No time specified,White Shark,N
Usa,California,"Bean Hollow State Beach, San Mateo County",Kayak Fishing,21-jul-2007,2007,Watercraft,July,M,,No injury,10:15,White Shark,N
Usa,Hawaii,"Bellows Beach Near Wailea Point, O’Ahu",Snorkeling,19-jul-2007.b,2007,Unprovoked,July,M,36.0,Severe injury,15:15,Other/Unknown,N
Australia,Territory Of Cocos (Keeling) Islands,Direction Island,Wading,19-jul-2007.a,2007,Unprovoked,July,M,15.0,Injury,11:00,Bronze Whaler Shark,N
Usa,North Carolina,"North Topsail Beach, Onslow  County",Swimming,18-jul-2007,2007,Unprovoked,July,M,14.0,Injury,12:30,Other/Unknown,N
Norway,Oslo Fjord,Sjøstrand,Scuba diving,18-jul-2007,2007,Provoked,July,M,48.0,No injury,No time specified,Other/Unknown,N
Usa,California,"Faria Beach, Ventura County",Swimming,17-jul-2007,2007,Invalid,July,F,43.0,Injury,11:00,Other/Unknown,UNKNOWN
Usa,North Carolina,"Atlantic Beach, Carteret County",Wading,17-jul-2007,2007,Unprovoked,July,F,30.0,Injury,13:00,Other/Unknown,N
Bahamas,Abaco Islands,Allan-Pensacola Cay,Spearfishing,10-jul-2007,2007,Unprovoked,July,F,48.0,Injury,11:00,Bull Shark,N
Usa,Florida,"Ponce Inlet, Volusia County",Surfing,05-jul-2007,2007,Unprovoked,July,M,18.0,Injury,16:00,Other/Unknown,N
Reunion,,Boucan Canot,Body boarding,04-jul-2007,2007,Unprovoked,July,M,17.0,Minor injury,14:30,Other/Unknown,N
Senegal,,,Murder,jul-2007,2007,Invalid,July,Unknown,,Unknown,No time specified,Other/Unknown,UNKNOWN
Usa,Florida,Marques Island,Removing hook from shark,30-jun-2007,2007,Provoked,June,M,,Injury,No time specified,Lemon Shark,N
Usa,California,"Will Rogers State Beach, Los Angeles County",Swimming,30-jun-2007,2007,Unprovoked,June,F,,Injury,10:00,Other/Unknown,N
Usa,Florida,"New Smyrna Beach, Volusia County",Surfing,25-jun-2007,2007,Unprovoked,June,M,20.0,Injury,17:30,Other/Unknown,N
Usa,Hawaii,"Silva'S Channel, Mokuleia, O'Ahu",Surfing,24-jun-2007,2007,Unprovoked,June,M,,No injury,07:05,Tiger Shark,N
Usa,Florida,"Vilano Beach, St.  Johns County",Surfing,17-jun-2007,2007,Invalid,June,F,9.0,Injury,16:30,Other/Unknown,UNKNOWN
Usa,Florida,"Turtle Beach, Siesta Key, Sarasota County",Swimming,12-jun-2007,2007,Unprovoked,June,F,,Injury,11:00,Other/Unknown,N
Australia,New South Wales,"Shelly Beach, Crescent Head",Surfing,05-jun-2007,2007,Unprovoked,June,M,,Injury,No time specified,Other/Unknown,N
Usa,South Carolina,Garden City,Wading,26-may-2007,2007,Unprovoked,May,F,,Injury,17:00,Other/Unknown,N
Usa,Virginia,"Virginia Aquarium & Marine Science Center, Virginia Beach",Reviving a sedated shark,24-may-2007,2007,Provoked,May,F,40.0,Injury,No time specified,Blacktip Shark,N
England,Kent,Folkestone,Fishing,reported 17-may-2007,2007,Provoked,May,M,38.0,Injury,No time specified,Other/Unknown,N
Australia,Western Australia,"Warra Beach, Coral Bay",Wading,16-may-2007,2007,Unprovoked,May,F,38.0,Injury,14:30,Other/Unknown,N
Australia,Victoria,Warrnambool,Surfing,12-may-2007,2007,Unprovoked,May,M,19.0,No injury,17:45,Other/Unknown,N
Usa,Florida,"New Smyrna Beach, Volusia County",Surfing,10-may-2007,2007,Unprovoked,May,F,21.0,Injury,16:00,Other/Unknown,N
Seychelles,Bird Island,,Snorkeling,reported 09-may-2007,2007,Unprovoked,May,M,,No injury,No time specified,White Shark,N
Australia,New South Wales,Kingscliff Beach,Swimming,08-may-2007,2007,Invalid,May,M,45.0,Other,12:15,Other/Unknown,UNKNOWN
Usa,Hawaii,"Keawakapu Beach, Maui",Snorkeling,07-may-2007,2007,Unprovoked,May,F,63.0,Injury,08:30,Tiger Shark,N
Usa,Florida,Naples,Swimming,07-may-2007,2007,Unprovoked,May,M,68.0,Injury,08:30,Other/Unknown,N
Turks & Caicos,Providenciales,,Sea Disaster,04-may-2007,2007,Sea Disaster,May,Unknown,,Injury,No time specified,Other/Unknown,Y
Bahamas,Bimini Islands,,Shark tagging,may-2007,2007,Provoked,May,F,20.0,Injury,No time specified,Lemon Shark,N
Australia,Queensland,"Mornington Island, Gulf Of Carpentaria",Swimming / jumping off a jetty,26-apr-2007,2007,Unprovoked,April,F,13.0,Injury,18:00,Other/Unknown,N
Usa,Florida,"Hutchinson Island, St. Lucie County",Body boarding,22-apr-2007,2007,Unprovoked,April,M,12.0,Injury,12:30,Blacktip Shark,N
Usa,Florida,"New Smyrna Beach, Volusia County",Surfing,20-apr-2007,2007,Unprovoked,April,M,24.0,Injury,17:00,Other/Unknown,N
Usa,Florida,"Florida Keys, Monroe County",Fishing,reported      13-apr-2007,2007,Watercraft,April,Unknown,,No injury,No time specified,Bull Shark,N
New Caledonia,South Province,Dumbéa,Surfing,09-apr-2007,2007,Unprovoked,April,M,26.0,Injury,16:00,Tiger Shark,N
Usa,Florida,"New Smyrna Beach, Volusia County",Playing on a sandbar,01-apr-2007,2007,Unprovoked,April,M,7.0,Injury,13:05,Other/Unknown,N
Usa,Florida,"Normandy Beach, Hutchinson Island,  St. Lucie County",Surfing,31-mar-2007,2007,Unprovoked,March,M,27.0,Injury,14:20,Other/Unknown,N
Usa,Florida,"Waveland Beach, Hutchinson Island, St. Lucie County",,31-mar-2007,2007,Unprovoked,March,M,9.0,Minor injury,13:20,Other/Unknown,N
Yemen,Muhafazat Hadramawt,Ras-Alkalb,Murder,22-mar-2007,2007,Unprovoked,March,Unknown,,Fatal,No time specified,Other/Unknown,Y
Usa,Florida,Jupiter Inlet,Surfing,21-mar-2007,2007,Unprovoked,March,M,11.0,Injury,No time specified,Other/Unknown,N
Australia,New South Wales,South Golden Beach,Surfing,20-mar-2007,2007,Unprovoked,March,F,42.0,Injury,10:00,Other/Unknown,N
Usa,Florida,Delray Beach,Shark fishing,reported 14-mar-2007,2007,Provoked,March,M,,Injury,No time specified,Other/Unknown,N
Australia,Queensland,"Moore Park, North Of Bundaberg",Swimming,12-mar-2007,2007,Unprovoked,March,F,59.0,Minor injury,15:30,Other/Unknown,N
Usa,Florida,"Tiger Shores Beach, Martin County",Surfing,11-mar-2007,2007,Unprovoked,March,M,29.0,Injury,13:00,Other/Unknown,N
New Zealand,Cook Islans,Penhryn Island,Spearfishing,reported 05-mar-2007,2007,Provoked,March,M,16.0,Injury,No time specified,Tiger Shark,N
Costa Rica,,,Swimming,04-feb-2007,2007,Invalid,February,M,36.0,Injury,No time specified,Other/Unknown,UNKNOWN
Australia,New South Wales,Shelly Beach,Boogie Boarding,03-feb-2007,2007,Unprovoked,February,M,26.0,Injury,08:00,Other/Unknown,N
New Caledonia,Loyalty Islands,Ouvéa,Spearfishing,feb-2007,2007,Unprovoked,February,M,,Other,No time specified,Other/Unknown,N
New Caledonia,North Province,Kaala-Gomen,Spearfishing (free diving),25-jan-2007,2007,Unprovoked,January,M,30.0,Injury,14:00,Tiger Shark,N
Usa,Florida,100 Miles Off Ft. Myers Beach,Shrimping,25-jan-2007,2007,Watercraft,January,Unknown,,No injury,03:30,Other/Unknown,N
Australia,New South Wales,Cape Howe,Diving,23-jan-2007,2007,Unprovoked,January,M,41.0,Injury,10:30,White Shark,N
Australia,New South Wales,Brunswick Heads,Swimming,19-jan-2007,2007,Invalid,January,M,20.0,Other,No time specified,Other/Unknown,UNKNOWN
South Africa,Eastern Cape Province,"Second Beach, Port St. John'S",Swimming / Body Surfing,14-jan-2007,2007,Unprovoked,January,M,24.0,Fatal,No time specified,Tiger Shark,Y
Australia,New South Wales,Sandbar Beach,Surfing,09-jan-2007,2007,Unprovoked,January,M,,No injury,06:30,Other/Unknown,N
Usa,New York,"Smith Point, Long Island",Surfing,07-jan-2007,2007,Invalid,January,M,54.0,No injury,14:00,Other/Unknown,UNKNOWN
Usa,Hawaii,"Majors Bay, Kaua'I",Surfing,01-jan-2007,2007,Unprovoked,January,M,24.0,No injury,10:15,Tiger Shark,N
French Polynesia,Tahiti,Rangiroa,Scuba Diving,2007.,2007,Provoked,,M,,Minor injury,No time specified,Other/Unknown,UNKNOWN
Australia,Victoria,"Winki Pop, Bells Beach",Surfing,18-dec-2006,2006,Unprovoked,December,M,25.0,Injury,20:00,Other/Unknown,N
New Zealand,North Island,"Raglan, Manu Bay",Surfing,11-dec-2006,2006,Unprovoked,December,M,10.0,Injury,11:00,Other/Unknown,N
Usa,California,"Dillon Beach, Marin County",Surfing,10-dec-2006,2006,Unprovoked,December,M,43.0,Minor injury,11:50,White Shark,N
South Africa,Kwazulu-Natal,Cape Vidal,Fishing,06-dec-2006,2006,Provoked,December,M,25.0,Injury,No time specified,Raggedtooth Shark,N
Australia,Western Australia,Wharton Beach,Body boarding,02-dec-2006,2006,Unprovoked,December,M,15.0,Severe injury,07:30,White Shark,N
Philippines,Surigao Del Norte,"Off Bilisan Point, Hinatuarn Island",Sea Disaster,25-nov-2006,2006,Sea Disaster,November,Unknown,,Other,14:20,Other/Unknown,Y
Usa,Hawaii,"Kihei, Maui",Swimming,11-nov-2006,2006,Unprovoked,November,M,29.0,Injury,12:30,Other/Unknown,N
South Africa,Eastern Cape Province,"Nahoon, East London",Canoeing,09-nov-2006,2006,Provoked,November,M,,Injury,No time specified,Bull Shark,N
Usa,Oregon,"Siletz River Mouth, Lincoln County",Surfing,31-oct-2006,2006,Unprovoked,October,M,22.0,No injury,No time specified,White Shark,N
Usa,Florida,Sebastian Inlet,Fishing,16-oct-2006,2006,Unprovoked,October,M,15.0,Injury,No time specified,Other/Unknown,N
Usa,Florida,"Daytona Beach, Volusia County",Surfing,10-oct-2006,2006,Unprovoked,October,M,20.0,Injury,11:30,Other/Unknown,N
Usa,Texas,"Isla Blanca Park, South Padre Island",Surfing,07-oct-2006,2006,Unprovoked,October,M,,Injury,No time specified,Other/Unknown,N
Usa,Florida,"New Smyrna Beach, Volusia County",Playing soccer in the water,05-oct-2006,2006,Unprovoked,October,M,18.0,Injury,12:00,Other/Unknown,N
Bahamas,New Providence Island,Nassau,Free diving / modeling,oct-2006,2006,Unprovoked,October,F,26.0,Injury,No time specified,Other/Unknown,N
Gulf Of Aden,Between Somalia & Yemen,,Murder,oct-2006,2006,Unprovoked,October,Unknown,,Fatal,No time specified,Other/Unknown,Y
South Africa,Western Cape Province,Miller'S Point,Spearfishing,30-sep-2006,2006,Invalid,September,M,36.0,No injury,No time specified,Other/Unknown,UNKNOWN
Usa,Florida,"New Smyrna Beach, Volusia County",Surfing,29-sep-2006,2006,Unprovoked,September,M,19.0,Injury,No time specified,Other/Unknown,N
Usa,Florida,"Off Key Largo, Monroe County",Diving / Kissing the shark,reported 18-sep-2006,2006,Provoked,September,M,,Injury,No time specified,Nurse Shark,N
Usa,North Carolina,Onslow Beach,Surfing,16-sep-2006,2006,Unprovoked,September,M,16.0,Injury,No time specified,Other/Unknown,N
Usa,Florida,"Singer Island, Riviera Beach",Swimming,14-sep-2006,2006,Unprovoked,September,M,55.0,Minor injury,14:00,Other/Unknown,N
Usa,Florida,"New Smyrna Beach, Volusia County",Surfing,11-sep-2006,2006,Unprovoked,September,M,52.0,Other,No time specified,Other/Unknown,N
Australia,Queensland,Great Barrier Reef,Diving,04-sep-2006,2006,Invalid,September,M,44.0,Other,11:00,Other/Unknown,UNKNOWN
Brazil,,,,03-sep-2006,2006,Unprovoked,September,M,20.0,Fatal,13:00,Other/Unknown,Y
Usa,Florida,"New Smyrna Beach, Volusia County",Standing,03-sep-2006,2006,Unprovoked,September,M,33.0,Injury,17:30,Other/Unknown,N
Usa,Florida,"New Smyrna Beach, Volusia County",Swimming,02-sep-2006,2006,Unprovoked,September,M,,Injury,17:55,Other/Unknown,N
South Africa,Western Cape Province,Noordhoek,Surfing,02-sep-2006,2006,Unprovoked,September,M,37.0,No injury,No time specified,White Shark,N
Usa,Oregon,"Florence, Lane County",Surfing,29-aug-2006,2006,Unprovoked,August,M,23.0,Injury,No time specified,Other/Unknown,N
Australia,South Australia,"Pennington Bay, Kangaroo Island",Surfing,29-aug-2006,2006,Unprovoked,August,M,,No injury,16:00,Bronze Whaler Shark,N
Reunion,Saint-Gilles-Les-Bains,"Les Aigrettes, Near Boucan-Canot",Body boarding,27-aug-2006,2006,Unprovoked,August,M,27.0,Injury,18:00,Other/Unknown,N
Brazil,Pernambuco,Pina,,22-aug-2006,2006,Invalid,August,M,17.0,Injury,No time specified,Other/Unknown,UNKNOWN
Belize,Ambergris Caye,Near Ramon'S Village,Spearfishing,22-aug-2006,2006,Invalid,August,M,34.0,Other,No time specified,Other/Unknown,UNKNOWN
Italy,,Lampedusa Island,Sea Disaster,20-aug-2006,2006,Sea Disaster,August,M,,Fatal,No time specified,Other/Unknown,Y
Reunion,Saint-Pierre,Pointe Du Diable,Surfing,20-aug-2006,2006,Unprovoked,August,M,34.0,Fatal,11:00,Other/Unknown,Y
South Africa,Western Cape Province,Danger Reef,Surfing,15-aug-2006,2006,Unprovoked,August,M,,No injury,No time specified,Other/Unknown,N
South Africa,Western Cape Province,"Sunrise Beach, Muizenberg",Lifesaving drill,13-aug-2006,2006,Unprovoked,August,M,24.0,Severe injury,11:00,White Shark,N
Usa,North Carolina,"Masonboro Island, New Hanover County",Wading,aug-2006,2006,Unprovoked,August,F,59.0,Injury,12:00,Other/Unknown,N
Reunion,,Le Port,Spearfishing,early aug-2006,2006,Unprovoked,August,M,,Injury,No time specified,Bull Shark,N
Usa,Kentucky,"Newport Aquarium, Newport",Touching sharks,31-jul-2006,2006,Provoked,July,Unknown,,Minor injury,No time specified,Other/Unknown,N
Usa,Oregon,Oswald State Park,Surfing,31-jul-2006,2006,Unprovoked,July,M,41.0,Minor injury,16:00,White Shark,N
Usa,California,"Broad Beach, Malibu, Los Angeles County",Boogie Boarding,29-jul-2006,2006,Invalid,July,M,,Injury,No time specified,Other/Unknown,N
Usa,Florida,"Playalinda Beach, Canaveral National Seashore, Brevard County",Surfing,29-jul-2006,2006,Unprovoked,July,M,15.0,Injury,No time specified,Other/Unknown,N
South Africa,Western Cape Province,Fish Hoek,Surf-skiing,28-jul-2006,2006,Unprovoked,July,M,19.0,No injury,16:30,White Shark,N
Usa,Florida,"New Smyrna Beach, Volusia County",Surfing,25-jul-2006,2006,Unprovoked,July,M,14.0,Minor injury,13:45,Other/Unknown,N
Usa,Texas,"Sargent Beach, Matagorda County",Surf fishing,23-jul-2006,2006,Unprovoked,July,M,,Injury,No time specified,Bull Shark,N
Australia,Torres Strait,Western Province,,reported 17-jul-2006,2006,Invalid,July,Unknown,,Injury,No time specified,Other/Unknown,UNKNOWN
Usa,South Carolina,"Singleton Beach, Hilton Head Island, Beaufort County",Standing,17-jul-2006,2006,Unprovoked,July,M,49.0,Injury,10:00,Other/Unknown,N
Spain,Alicante,San Juan Beach,Swimming,13-jul-2006,2006,Invalid,July,F,7.0,Severe injury,No time specified,Other/Unknown,UNKNOWN
Usa,South Carolina,"Kiawah Island, Charleston County",Swimming,12-jul-2006,2006,Unprovoked,July,F,21.0,Injury,13:30,Other/Unknown,N
Brazil,Pernambuco,Body Recovered At Goiana,,10-jul-2006,2006,Unprovoked,July,M,,Fatal,No time specified,Tiger Shark,Y
Usa,Florida,"New Smyrna Beach, Volusia County",Wading,09-jul-2006,2006,Unprovoked,July,M,40.0,Injury,17:00,Other/Unknown,N
Usa,Florida,"Ponte Vedra Beach, St Johns County",Walking,09-jul-2006.,2006,Unprovoked,July,M,11.0,Injury,13:00,Other/Unknown,N
Usa,South Carolina,"Debordieu Beach, Georgetown County",Body boarding,08-jul-2006,2006,Unprovoked,July,F,14.0,Injury,11:00,Bull Shark,N
Usa,Florida,"Playalinda Beach, Canaveral National Seashore, Brevard County",Swimming,08-jul-2006,2006,Unprovoked,July,M,13.0,Injury,13:00,Other/Unknown,N
Usa,Florida,"Florida Keys, Monroe County",Spearfishing,july 2006,2006,Unprovoked,July,F,28.0,Injury,No time specified,Blacktip Shark,N
Usa,Florida,"Florida Keys, Monroe County",Spearfishing,july 2006,2006,Unprovoked,July,M,35.0,Minor injury,No time specified,Blacktip Shark,N
Usa,Florida,"Hutchinson Island, St. Lucie County",Body boarding,27-jun-2006,2006,Unprovoked,June,F,9.0,Injury,11:10,Other/Unknown,N
Usa,Florida,Fort Myers,Fishing,26-jun-2006,2006,Provoked,June,M,,Other,No time specified,Other/Unknown,N
Bahamas,Andros Islands,Mangrove Cay,Spearfishing,24-jun-2006,2006,Unprovoked,June,M,25.0,Severe injury,13:00,Other/Unknown,N
Usa,Florida,"New Smyrna Beach, Volusia County",Surfing,20-jun-2006,2006,Unprovoked,June,F,22.0,Injury,13:00,Blacktip Shark,N
Brazil,Pernambuco,"Punta Del Chifre Beach, Olinda",Body boarding,18-jun-2006,2006,Unprovoked,June,M,27.0,Fatal,09:00,Other/Unknown,Y
Usa,California,"Monterey, Monterey County",Scuba diving,17-jun-2006,2006,Unprovoked,June,M,43.0,No injury,11:10,Other/Unknown,N
Usa,Florida,"New Smyrna Beach, Volusia County",Surfing,15-jun-2006,2006,Unprovoked,June,M,24.0,Injury,15:30,Other/Unknown,N
Usa,South Carolina,"Coligny Beach, Hilton Head, Beaufort County",Playing,07-jun-2006,2006,Unprovoked,June,F,7.0,Injury,13:45,Other/Unknown,N
Australia,South Australia,Waitpinga,Surfing,05-jun-2006,2006,Unprovoked,June,M,40.0,No injury,11:30,White Shark,N
Usa,Hawaii,O'Ahu,Spearfishing,31-may-2006,2006,Unprovoked,May,M,26.0,Injury,13:30,Tiger Shark,N
Usa,Hawaii,French Frigate Shoals,Tagging sharks,28-may-2006,2006,Provoked,May,Unknown,,No injury,No time specified,Tiger Shark,N
Usa,Hawaii,"North Shore, O'Ahu",Surfing,27-may-2006,2006,Unprovoked,May,M,31.0,No injury,16:00,Other/Unknown,N
Usa,Hawaii,Lanai,Spearfishing,24-may-2006,2006,Provoked,May,M,15.0,Injury,16:30,Other/Unknown,N
Brazil,Pernambuco,"Boa Viagem Beach, Recife",Surfing,21-may-2006,2006,Unprovoked,May,M,33.0,Injury,11:30,Other/Unknown,N
Usa,Guam,Gun Beach,Scuba diving,19-may-2006,2006,Unprovoked,May,F,,Injury,15:30,Tiger Shark,N
Usa,Florida,"Cocoa Beach, Brevard  County",,05-may-2006,2006,Unprovoked,May,M,,Injury,12:15,Other/Unknown,N
Usa,Florida,"Hutchinson Island, St. Lucie County",Swimming,04-may-2006,2006,Unprovoked,May,F,,Injury,16:30,Other/Unknown,N
Australia,Queensland,"Moffat Beach, Caloundra",Snorkeling,02-may-2006,2006,Provoked,May,M,46.0,Minor injury,16:30,Wobbegong Shark,N
Usa,Florida,"Alligator Reef Off Islamorada, Monroe County",,reported      23-apr-2006,2006,Invalid,April,M,,Injury,No time specified,Other/Unknown,UNKNOWN
Usa,Florida,"Sebastian Inlet, Brevard County",Surfing,21-apr-2006,2006,Unprovoked,April,M,54.0,Injury,No time specified,Other/Unknown,N
Usa,Florida,"Daytona Beach, Volusia County",Standing,19-apr-2006,2006,Unprovoked,April,F,13.0,Injury,15:00,Other/Unknown,N
Usa,Florida,"Port Of The Islands, Collier County",Fishing,13-apr-2006,2006,Provoked,April,M,35.0,Injury,No time specified,Bull Shark,N
Australia,New South Wales,Newcastle Beach,Surfing,11-apr-2006,2006,Unprovoked,April,M,15.0,Minor injury,13:30,Bronze Whaler Shark,N
South Africa,Eastern Cape Province,St. Francis Bay,Body boarding,09-apr-2006,2006,Unprovoked,April,M,15.0,Injury,17:30,Raggedtooth Shark,N
Brazil,Pernambuco,Piedade,Swimming,09-apr-2006,2006,Unprovoked,April,M,35.0,Injury,No time specified,Tiger Shark,N
Usa,Florida,"Marco Island, Collier County",Wading,03-apr-2006,2006,Unprovoked,April,M,11.0,Minor injury,12:30,Other/Unknown,N
Sierra Leone,Western Area,"Lumely Beach, Freetown",Fishing,reported  28-mar-2006,2006,Unprovoked,March,M,,Fatal,No time specified,Other/Unknown,Y
Usa,Hawaii,"Leftovers, Near Waimea Bay, O'Ahu",Surfing,23-mar-2006,2006,Unprovoked,March,F,28.0,Injury,11:30,Tiger Shark,N
South Africa,Eastern Cape Province,Port Alfred,Swimming,22-mar-2006,2006,Invalid,March,M,17.0,Fatal,No time specified,Other/Unknown,UNKNOWN
Fiji,Vitu Levu,Sigatoka,Surfing,18-mar-2006,2006,Unprovoked,March,M,21.0,Injury,18:00,Tiger Shark,N
Australia,New South Wales,"Bondi, Sydney",Surfing,15-mar-2006,2006,Unprovoked,March,M,15.0,No injury,17:00,Bronze Whaler Shark,N
Usa,Hawaii,"Makena, Maui",Standing,27-feb-2006,2006,Unprovoked,February,F,15.0,Injury,16:30,Other/Unknown,N
Usa,Hawaii,"Makena, Maui",Free diving,23-feb-2006,2006,Invalid,February,M,45.0,Injury,No time specified,Other/Unknown,UNKNOWN
Australia,Queensland,"Golden Beach, Caloundra",Wading,13-feb-2006,2006,Unprovoked,February,M,18.0,Injury,11:00,Other/Unknown,N
Australia,Queensland,"Point Vernon, Hervey Bay",Swimming,12-feb-2006,2006,Unprovoked,February,M,,Injury,No time specified,Other/Unknown,N
Australia,South Australia,"Brighton Beach, Adelaide",Fishing,12-feb-2006,2006,Watercraft,February,M,,No injury,12:00,White Shark,N
South Africa,Eastern Cape Province,"Nahoon, East London",Surfing,08-feb-2006,2006,Unprovoked,February,M,15.0,Injury,No time specified,Raggedtooth Shark,N
Tonga,Vava'U,Tu’Anuku,Swimming,01-feb-2006,2006,Unprovoked,February,F,24.0,Fatal,18:00,Tiger Shark,Y
Usa,Hawaii,"Off Pu'U Ola'L, Makena, Maui",Kayaking,01-feb-2006,2006,Watercraft,February,M,57.0,No injury,No time specified,Other/Unknown,N
Atlantic Ocean,300 Miles From Antigua,,Competing in the Woodvale Atlantic Rowing Race,reported 28-jan-2006,2006,Watercraft,January,M,,No injury,No time specified,Other/Unknown,N
South Africa,Eastern Cape Province,Coffee Bay,Spearfishing,25-jan-2006,2006,Unprovoked,January,M,34.0,Injury,14:00,Other/Unknown,N
Atlantic Ocean,800 Miles From Land,,Competing in the Woodvale Atlantic Rowing Race,23-jan-2006,2006,Watercraft,January,F,,No injury,No time specified,Other/Unknown,N
Usa,California,"Santa Cruz, Santa Cruz County",Night Surfing,18-jan-2006,2006,Unprovoked,January,M,,No injury,22:30,Other/Unknown,N
Australia,Western Australia,"Off City Beach, Perth",Scuba diving,15-jan-2006,2006,Unprovoked,January,M,52.0,Injury,11:00,White Shark,N
Bahamas,Grand Bahama Island,Sandy Cay,Diving for lobsters,11-jan-2006,2006,Invalid,January,M,,No injury,No time specified,Other/Unknown,UNKNOWN
Australia,Queensland,"Amity Point, North Stradbroke Island",Swimming,07-jan-2006,2006,Unprovoked,January,F,21.0,Fatal,17:15,Bull Shark,Y
Usa,Florida,"Round Island Park, Indian River County",Surfing,04-jan-2006,2006,Unprovoked,January,M,21.0,Injury,16:45,Other/Unknown,N
South Africa,Western Cape Province,Soetwater,Diving for crayfish,01-jan-2006,2006,Unprovoked,January,M,49.0,Injury,No time specified,Other/Unknown,N
Usa,Oregon,"Tillamook Head, Clatsop County",Surfing,24-dec-2005,2005,Unprovoked,December,M,30.0,Injury,12:00,White Shark,N
Usa,Hawaii,"Keawakapu Beach, Maui",Swimming,21-dec-2005,2005,Unprovoked,December,M,29.0,Injury,11:45,Tiger Shark,N
Atlantic Ocean,600 Nm West Of The Canary Islands,,Competing in the Woodvale Atlantic Rowing Race,20-dec-2005,2005,Watercraft,December,Unknown,,No injury,13:30,Other/Unknown,N
Australia,Queensland,St. Crispin Reef,Spearfishing,11-dec-2005,2005,Unprovoked,December,M,44.0,Injury,11:00,White Shark,N
Australia,South Australia,"Middle Beach, 40 Km North Of Adelaide",Fishing,reported 06-dec-2005,2005,Watercraft,December,Unknown,,No injury,15:30,White Shark,N
Usa,Florida,"Cape San Blas, Gulf County",Surfing,reported 29-nov-2005,2005,Unprovoked,November,M,,Injury,No time specified,Other/Unknown,N
Usa,Florida,"Ponce Inlet, New Smyrna Beach, Volusia County",Surfing,27-nov-2005,2005,Unprovoked,November,M,23.0,Injury,13:00,Other/Unknown,N
Australia,Victoria,"6 Km Off Collendina, South Of Melbourne",Fishing,25-nov-2005,2005,Watercraft,November,Unknown,,No injury,No time specified,White Shark,N
Australia,Victoria,Flinders,Surfing,25-nov-2005,2005,Unprovoked,November,M,18.0,Injury,18:00,Other/Unknown,N
South Africa,Eastern Cape Province,"Nahoon, East London",Surfing,25-nov-2005,2005,Unprovoked,November,M,26.0,Injury,11:30,Other/Unknown,N
New Caledonia,Loyalty Islands,Maré,Spearfishing,24-nov-2005-,2005,Unprovoked,November,Unknown,,Injury,20:30,Other/Unknown,N
Usa,Florida,"Jensen Beach, Martin County",Surfing,21-nov-2005,2005,Unprovoked,November,M,,Injury,No time specified,Other/Unknown,N
Usa,Florida,"New Smyrna  Beach, Volusia County",Surfing,20-nov-2005,2005,Unprovoked,November,M,17.0,Injury,14:30,Other/Unknown,N
New Caledonia,,,,reported  16-nov-2005,2005,Watercraft,November,Unknown,,No injury,No time specified,White Shark,N
South Africa,Eastern Cape Province,Aston Bay,Fishing for sharks,15-nov-2005,2005,Provoked,November,M,32.0,Injury,14:00,Raggedtooth Shark,N
Usa,Florida,"New Smyrna  Beach, Volusia County",Surfing,12-nov-2005,2005,Unprovoked,November,M,18.0,Injury,13:00,Other/Unknown,N
Usa,California,"Mavericks, Half Moon Bay, San Mateo County",Surfing,02-nov-2005,2005,Unprovoked,November,M,25.0,No injury,16:45,Other/Unknown,N
Usa,California,"Ocean Beach, San Francisco, San Francisco County",Surfing,02-nov-2005,2005,Unprovoked,November,M,26.0,No injury,07:15,White Shark,N
Usa,Florida,"Ponce De Leon Inlet, Volusia County",Wading,29-oct-2005,2005,Unprovoked,October,M,15.0,Injury,No time specified,Other/Unknown,N
St. Maartin,Simpson Bay,Sunterra Beach,Standing,25-oct-2005,2005,Unprovoked,October,M,55.0,Injury,08:00,Other/Unknown,N
South Africa,Western Cape Province,Uilenkraalsmond (Near Gansbaai),Standing / Surfing,22-oct-2005,2005,Unprovoked,October,M,20.0,Injury,No time specified,Other/Unknown,N
Usa,California,"Klamath River Mouth, Del Norte County",Surfing,21-oct-2005,2005,Unprovoked,October,M,36.0,No injury,11:00,White Shark,N
Usa,California,"Salmon Beach, Sonoma County",Surfing,19-oct-2005,2005,Unprovoked,October,F,20.0,Injury,10:30,White Shark,N
Usa,Florida,"Ponce Inlet, Volusia County",Wading,15-oct-2005,2005,Provoked,October,M,15.0,Minor injury,17:55,Other/Unknown,N
Usa,Hawaii,"Honokowai, Maui",Surfing,13-oct-2005,2005,Unprovoked,October,M,22.0,No injury,18:00,Tiger Shark,N
Grand Cayman,East Wall,Jack Mckenney'S Canyon,Scuba diving,11-oct-2005,2005,Unprovoked,October,F,57.0,No injury,15:00,Other/Unknown,N
Usa,Florida,"Ponce Inlet, Volusia County",Treading water/ Surfing,06-oct-2005,2005,Unprovoked,October,M,48.0,Injury,16:05,Other/Unknown,N
Bahamas,Abaco Islands,Grand Cay,Diving,03-oct-2005,2005,Unprovoked,October,M,35.0,Injury,No time specified,Other/Unknown,N
South Africa,Western Cape Province,"Sunny Cove, Fish Hoek",Surf-skiing,01-oct-2005,2005,Unprovoked,October,M,52.0,No injury,15:00,White Shark,N
Australia,New South Wales,Arakoon'S Little Bay,Surfing,reported      27-sep-2005,2005,Unprovoked,September,M,28.0,No injury,No time specified,Tiger Shark,N
Australia,South Australia,Kangaroo Island,Surfing,24-sep-2005,2005,Unprovoked,September,M,26.0,Injury,12:05,White Shark,N
Australia,Western Australia,"Scarborough Beach, Perth",Surfing,23-sep-2005,2005,Unprovoked,September,M,44.0,No injury,No time specified,Bronze Whaler Shark,N
Usa,Florida,"Tigertail Beach, Collier County",Surfing,22-sep-2005,2005,Invalid,September,M,,Injury,07:30,Other/Unknown,UNKNOWN
Usa,South Carolina,"Myrtle Beach, Horry County",Body surfing,20-sep-2005,2005,Unprovoked,September,F,68.0,Injury,16:30,Other/Unknown,N
Usa,South Carolina,Folly Beach,Surfing,11-sep-2005,2005,Unprovoked,September,M,18.0,Fatal,14:00,Other/Unknown,Y
Australia,New South Wales,"Park Beach, Coff'S Harbour",Standing,07-sep-2005,2005,Unprovoked,September,M,15.0,Injury,No time specified,Other/Unknown,N
Usa,North Carolina,"North Topsail Beach, Onslow County",Wading,05-sep-2005,2005,Unprovoked,September,F,18.0,Severe injury,15:20,Bull Shark,N
Australia,South Australia,"Fishery Bay, Eyre Peninsula",Surfing,04-sep-2005,2005,Unprovoked,September,M,40.0,Injury,15:00,White Shark,N
Usa,Florida,"Ponce Inlet, Volusia County",Standing / Surfing,02-sep-2005,2005,Unprovoked,September,M,62.0,Injury,11:10,Other/Unknown,N
Thailand,,On Deck Of Fishing Trawler 100 Nautical Miles Offshore,Removing shark from net,02-sep-2005,2005,Provoked,September,M,21.0,Fatal,No time specified,Other/Unknown,Y
Australia,South Australia,Glenelg,Scuba diving,24-aug-2005,2005,Unprovoked,August,M,23.0,Fatal,16:10,White Shark,Y
Usa,California,"Scripps, Lajolla, San Diego County",Surfing,24-aug-2005,2005,Unprovoked,August,M,37.0,Injury,11:00,White Shark,N
Usa,South Carolina,"6Th Avenue North, Myrtle Beach, Horry County","Boogie boarding, kicked at object in the water",22-aug-2005,2005,Invalid,August,M,17.0,Injury,No time specified,Other/Unknown,UNKNOWN
Usa,South Carolina,"34Th Avenue North, Myrtle Beach, Horry County",Swimming,21-aug-2005,2005,Unprovoked,August,M,8.0,Injury,No time specified,Blacktip Shark,N
Usa,Texas,Crystal Beach (East Of Galveston),Walking,19-aug-2005,2005,Unprovoked,August,M,12.0,Injury,20:00,Other/Unknown,N
South Africa,Western Cape Province,"Milnerton Lagoon, Cape Town",,14-aug-2005,2005,Invalid,August,Unknown,,Other,No time specified,Other/Unknown,UNKNOWN
Usa,North Carolina,"Carolina Beach Off Texas Avenue, New Hanover County",Surfing,12-aug-2005,2005,Unprovoked,August,M,16.0,Injury,11:30,Other/Unknown,N
Usa,South Carolina,"Isle Of Palms, Charleston County",Swimming,6-aug-2005,2005,Unprovoked,August,M,14.0,Injury,09:45,Other/Unknown,N
Seychelles,Inner Islands,Off North Island,Fishing,1-aug-2005,2005,Invalid,August,M,,Fatal,No time specified,Other/Unknown,UNKNOWN
Usa,Florida,"Off Zelda Boulevard, Daytona Beach, Volusia Countyy",Wading,27-jul-2005,2005,Unprovoked,July,F,13.0,Injury,18:00,Other/Unknown,N
Usa,Florida,"Ormond Beach, Volusia County",Surfing,23-jul-2005,2005,Unprovoked,July,M,61.0,Minor injury,11:30,Other/Unknown,N
Usa,Florida,"Quarter Mile South Of Ponce De Leon Inlet, Volusia County",Surfing,22-jul-2005,2005,Invalid,July,M,25.0,Injury,11:15,Other/Unknown,UNKNOWN
Liberia,,,Swimming,17-jul-2005,2005,Invalid,July,M,,Injury,No time specified,Other/Unknown,UNKNOWN
China,Shanghai,"Ocean World, Changfeng Park",Scuba diving in aquarium tank,17-jul-2005,2005,Provoked,July,M,24.0,Injury,No time specified,Other/Unknown,N
Australia,,,,reported      15-jul-2005,2005,Invalid,July,Unknown,,Injury,No time specified,Other/Unknown,UNKNOWN
Usa,North Carolina,"Holden Beach, Brunswick County",Swimming,15-jul-2005,2005,Unprovoked,July,M,22.0,Injury,16:40,Other/Unknown,N
Usa,Texas,"Port Bolivar, Galveston County",Holding onto an inflatable boat,13-jul-2005,2005,Unprovoked,July,F,14.0,Injury,13:00,Other/Unknown,N
Usa,Florida,"Boca Grande, Lee County",Standing,1-jul-2005,2005,Unprovoked,July,M,19.0,Injury,11:30,Other/Unknown,N
Usa,Florida,"Cape San Blas, Gulf County",Fishing,27-jun-2005,2005,Unprovoked,June,M,16.0,Severe injury,11:30,Bull Shark,N
Usa,Florida,"Destin, Walton County",Swimming with boogie board,25-jun-2005,2005,Unprovoked,June,F,14.0,Fatal,11:15,Bull Shark,Y
Vanuatu,Malampa Province,Atchin Island Off Malakula,Swimming,22-jun-2005,2005,Unprovoked,June,F,7.0,Fatal,No time specified,Other/Unknown,Y
Mexico,Baja California,San Luis Beach,Surfing,20-jun-2005,2005,Unprovoked,June,M,,Injury,07:00,Other/Unknown,N
Usa,Hawaii,Maui,Swimming,18-jun-2005,2005,Invalid,June,M,49.0,No injury,08:00,Other/Unknown,UNKNOWN
Usa,Florida,"Howard E. Futch Memorial Park At Paradise Beach, Brevard County",Swimming,16-jun-2005,2005,Unprovoked,June,M,20.0,Injury,No time specified,Other/Unknown,N
South Korea,South Ch'Ungch'Ong Province,Dando/Kaeui Island,Diving,13-jun-2005,2005,Unprovoked,June,F,38.0,Injury,No time specified,White Shark,N
Usa,South Carolina,"Kiawah Island, Charleston County",Boogie boarding,07-jun-2005,2005,Unprovoked,June,F,11.0,Injury,11:30,Other/Unknown,N
Usa,New Jersey,"Surf City, Long Beach Island, Ocean County",Surfing,05-jun-2005,2005,Invalid,June,M,17.0,Injury,11:00,White Shark,UNKNOWN
South Africa,Western Cape Province,Miller'S Point,Spearfishing (Free diving),04-jun-2005,2005,Unprovoked,June,M,22.0,Fatal,15:45,White Shark,Y
Usa,Texas,"Mustang Island, Corpus Christi",Wading,02-jun-2005,2005,Unprovoked,June,M,6.0,Injury,No time specified,Other/Unknown,N
Usa,Florida,Daytona Beach Shores,Swimming,28-may-2005,2005,Unprovoked,May,M,33.0,Injury,17:30,Other/Unknown,N
Usa,Florida,"Sand Key Beach, Clearwater, Pinellas County",Crouching in 2' of water,27-may-2005,2005,Unprovoked,May,F,,Injury,18:30,Other/Unknown,N
South Africa,Eastern Cape Province,Kei River Mouth,Surfing,25-may-2005,2005,Unprovoked,May,M,32.0,Injury,11:00,Raggedtooth Shark,N
Australia,Queensland,50 Km East Of Townsville,Spearfishing,15-may-2005,2005,Unprovoked,May,M,,Severe injury,No time specified,Blacktip Shark,N
Usa,Hawaii,"North Kihei, Maui",Kayaking,14-may-2005,2005,Watercraft,May,Unknown,,No injury,11:00,Tiger Shark,N
Madagascar,,,Fishing,03-may-2005,2005,Unprovoked,May,M,,Injury,No time specified,Other/Unknown,N
Usa,South Carolina,Off Sullivans Island,Sea Disaster,02-may-2005,2005,Sea Disaster,May,M,,No injury,No time specified,Other/Unknown,N
Usa,Hawaii,"Noreiga'S, Maui",Surfing,02-may-2005,2005,Unprovoked,May,M,47.0,No injury,10:30,Tiger Shark,N
Australia,New South Wales,Bermagui,Fishing,25-apr-2005,2005,Provoked,April,M,25.0,Injury,23:00,Other/Unknown,N
Australia,New South Wales,Crookhaven,,17-apr-2005,2005,Unprovoked,April,Unknown,,Injury,No time specified,Other/Unknown,N
Australia,Northern Territory,Bremer Island,Spearfishing,16-apr-2005,2005,Unprovoked,April,M,20.0,Minor injury,No time specified,Other/Unknown,N
Australia,New South Wales,Bronte Beach,Surfing,16-apr-2005,2005,Unprovoked,April,M,40.0,No injury,06:10,Bronze Whaler Shark,N
Usa,Florida,"Crescent Beach, Sarasota County",Wading,13-apr-2005,2005,Unprovoked,April,F,70.0,Injury,No time specified,Blacktip Shark,N
Usa,Florida,"Central Gulf Coast, St. John County",Surfing,09-apr-2005,2005,Invalid,April,M,52.0,Injury,No time specified,Other/Unknown,UNKNOWN
Usa,Texas,"Isla Blanca Park, South Padre Island, Cameron County",Surfing,07-apr-2005,2005,Unprovoked,April,M,37.0,Injury,19:00,Other/Unknown,N
Usa,Florida,"Jacksonville Beach, Duval County",,06-apr-2005,2005,Unprovoked,April,F,,Injury,No time specified,Other/Unknown,N
Honduras,Bay Islands,Utila,SCUBA Diving,06-apr-2005,2005,Invalid,April,F,,Injury,No time specified,Other/Unknown,UNKNOWN
South Africa,Western Cape Province,Noordhoek,Surfing,28-mar-2005,2005,Unprovoked,March,M,32.0,Injury,09:45,Other/Unknown,N
Australia,New South Wales,,Surfing,reported    27-mar-2005,2005,Unprovoked,March,M,,No injury,No time specified,Other/Unknown,N
Venezuela,,Punta Caracas,Surfing,25-mar-2005,2005,Unprovoked,March,M,,Injury,17:30,Other/Unknown,N
Australia,Western Australia,"Wreck Point, Abrolhos Islands",Snorkeling,19-mar-2005,2005,Unprovoked,March,M,26.0,Fatal,14:00,White Shark,Y
Usa,New Mexico,"Albuquerue Aquarium, Albuquerue",Diving in aquarium display tank,12-mar-2005,2005,Provoked,March,M,45.0,Injury,15:30,Tiger Shark,N
South Africa,Kwazulu-Natal,Isipingo,,10-mar-2005,2005,Invalid,March,M,51.0,Injury,No time specified,Other/Unknown,UNKNOWN
New Zealand,North Island,"Waiapu River Mouth , East Cape",Fishing,09-mar-2005,2005,Provoked,March,M,,No injury,14:00,Bronze Whaler Shark,N
Solomon Islands,Santa Isabel Province,,Diving,05-mar-2005,2005,Unprovoked,March,M,,Injury,No time specified,Other/Unknown,N
Australia,Queensland,Brisbane River,Swimming,26-feb-2005,2005,Unprovoked,February,M,18.0,Injury,No time specified,Bull Shark,N
Usa,Florida,"Long Key, Monroe County",Spearfishing,22-feb-2005,2005,Provoked,February,M,,Other,No time specified,Nurse Shark,N
Usa,Hawaii,"Rocky Point, North Shore Of O'Ahu",Surfing,16-feb-2005,2005,Unprovoked,February,M,,No injury,14:30,Tiger Shark,N
Usa,Florida,Fort Lauderdale,Spearfishing,13-feb-2005,2005,Unprovoked,February,M,,Injury,No time specified,Other/Unknown,N
Brazil,Bahia,Ilhéus,Surfing,04-feb-2005,2005,Unprovoked,February,M,12.0,Injury,No time specified,Other/Unknown,N
Cuba,Santiago De Cuba Province,Uvero,Swimming,20-jan-2005,2005,Unprovoked,January,M,19.0,Severe injury,No time specified,Other/Unknown,N
Australia,Victoria,Port Phillip Bay,Spearfishing,19-jan-2005,2005,Provoked,January,M,,No injury,No time specified,Other/Unknown,N
Australia,Victoria,Blairgowrie,Attempting to drive shark away from sailing regatta,14-jan-2005,2005,Provoked,January,Unknown,,No injury,14:00,Bronze Whaler Shark,N
New Zealand,North Island,Taupiri Bay,Fishing from a kayak,08-jan-2005,2005,Watercraft,January,M,39.0,No injury,12:00,White Shark,N
Sri Lanka,Eastern Province,Pasikudha,"Swept out to sea by the tsunami, she clung  to a log for 24 hours",26-dec-2004,2004,Invalid,December,F,11.0,No injury,No time specified,Other/Unknown,UNKNOWN
Australia,South Australia,"West Beach, Adelaide",Scurfing (surfboard being  towed behind a boat),16-dec-2004,2004,Unprovoked,December,M,18.0,Fatal,15:15,White Shark,Y
Australia,Queensland,Opal Reef,Spearfishing,11-dec-2004,2004,Unprovoked,December,M,38.0,Fatal,13:00,Bull Shark,Y
South Africa,Eastern Cape Province,"Nahoon, East London",Surfing,27-nov-2004,2004,Unprovoked,November,M,20.0,Injury,18:00,Raggedtooth Shark,N
South Africa,Eastern Cape Province,Gonubie,Playing,26-nov-2004,2004,Unprovoked,November,M,16.0,Injury,No time specified,Raggedtooth Shark,N
South Africa,Western Cape Province,"Fish Hoek, False Bay",Swimming,15-nov-2004,2004,Unprovoked,November,F,77.0,Fatal,07:00,White Shark,Y
Usa,California,"Bunkers, Humboldt Bay, Eureka, Humboldt County",Surfing,11-nov-2004,2004,Unprovoked,November,Unknown,38.0,Injury,13:30,White Shark,N
Vanuatu,Malampa Province,Malakula (Malakula Island),Snorkeling,11-nov-2004,2004,Unprovoked,November,M,,Injury,09:00,Other/Unknown,N
New Caledonia,North Province,Koumac,Diving,nov-2004,2004,Unprovoked,November,Unknown,,Injury,No time specified,Other/Unknown,N
Cuba,Camaguey Province,Santa Lucia,Diving,31-oct-2004,2004,Unprovoked,October,M,40.0,Injury,14:00,Bull Shark,N
New Zealand,North Island,Whangarei,,30-oct-2004,2004,Invalid,October,Unknown,,No injury,No time specified,Other/Unknown,UNKNOWN
South Africa,Western Cape Province,Gansbaai,Chumming for white sharks,30-oct-2004,2004,Unprovoked,October,M,52.0,Injury,No time specified,White Shark,N
Australia,New South Wales,Stockton Beach,Surfing,21-oct-2004,2004,Unprovoked,October,M,59.0,Injury,No time specified,Bronze Whaler Shark,N
Usa,California,"Limantour Beach, Point Reyes National Seashore",Surfing,10-oct-2004,2004,Unprovoked,October,M,,Injury,09:30,White Shark,N
Usa,Hawaii,Moloka'I,Spearfishing,09-oct-2004,2004,Unprovoked,October,M,34.0,Injury,12:40,Tiger Shark,N
South Africa,Eastern Cape Province,Jeffrey’S Bay,Surfing,09-oct-2004,2004,Unprovoked,October,M,34.0,Injury,No time specified,Raggedtooth Shark,N
Reunion,Conservatória District,"P' Tit Paris, Saint-Pierre",Body boarding,06-oct-2004,2004,Unprovoked,October,M,15.0,Severe injury,16:15,Tiger Shark,N
Usa,California,"Pismo Beach, San Luis Obispo County",Surfing,02-oct-2004,2004,Unprovoked,October,M,16.0,No injury,15:30,Other/Unknown,N
Usa,California,"Lifeguard Tower 16, Huntington Beach, Orange County",Surfing,01-oct-2004,2004,Unprovoked,October,M,40.0,No injury,14:00,Other/Unknown,N
Australia,Queensland,Batt Reef,Spearfishing/ filming,25-sep-2004,2004,Watercraft,September,Unknown,,No injury,12:00,Tiger Shark,N
Usa,Oregon,Gold  Beach,Surfing,20-sep-2004,2004,Unprovoked,September,M,26.0,Injury,09:00,White Shark,N
Usa,Texas,South Padre Island,Surf fishing,10-sep-2004,2004,Invalid,September,M,,Minor injury,05:00,Other/Unknown,UNKNOWN
Brazil,Pernambuco,"Pina, Recife",Swimming,08-sep-2004,2004,Unprovoked,September,Unknown,,Fatal,No time specified,Other/Unknown,Y
Usa,South Carolina,"North Of Apache Pier, Myrtle Beach, Horry County",Jumping,04-sep-2004,2004,Unprovoked,September,F,17.0,Injury,15:40,Other/Unknown,N
Usa,Florida,"New Smyrna Beach / Cape Canaveral  National Seashore, Brevard County",Walking,29-aug-2004,2004,Unprovoked,August,F,38.0,Injury,17:30,Other/Unknown,N
Brazil,Pernambuco,"Boa Viagem Beach, Recife",Bathing,21-aug-2004,2004,Unprovoked,August,M,24.0,Injury,13:00,Tiger Shark,N
Usa,California,"204S, San Clemente, Orange County",Surfing,20-aug-2004,2004,Unprovoked,August,M,,Injury,17:30,White Shark,N
Usa,California,"Kibesillah, Mendocino County",Diving,15-aug-2004,2004,Unprovoked,August,M,50.0,Fatal,16:00,White Shark,Y
Usa,Florida,"Big Bayou, St. Petersburg, Pinellas County",Swimming,06-aug-2004,2004,Unprovoked,August,M,47.0,Injury,20:30,Other/Unknown,N
Australia,New South Wales,Byron Bay,Spearfishing,03-aug-2004,2004,Unprovoked,August,M,30.0,Minor injury,14:00,Other/Unknown,N
South Africa,Kwazulu-Natal,Park Rynie,Fishing,aug-2004,2004,Watercraft,August,Unknown,,No injury,No time specified,White Shark,N
Usa,Florida,"Cocoa  Beach, Brevard County",Surfing,31-jul-2004,2004,Unprovoked,July,F,20.0,Injury,13:00,Other/Unknown,N
Russia,Kuril Islands In The Pacific,"Kunashir Island, 70 Km From Northern Japan",Diving & fishing with net,30-jul-2004,2004,Unprovoked,July,M,,Injury,No time specified,White Shark,N
Usa,North Carolina,"Rodanthe, Dare County",Surfing,28-jul-2004,2004,Unprovoked,July,F,28.0,Injury,17:30,Other/Unknown,N
Usa,North Carolina,"Carolina Beach, New Hanover County",Swimming,27-jul-2004,2004,Unprovoked,July,F,13.0,Injury,17:00,Other/Unknown,N
Usa,Texas,Galveston Island,Swimming,27-jul-2004,2004,Unprovoked,July,F,19.0,Injury,16:30,Other/Unknown,N
Usa,Texas,"Bryan Beach, Brazoria County",Wading / fishing & carrying a bag of fish,25-jul-2004,2004,Unprovoked,July,M,11.0,Severe injury,19:30,Bull Shark,N
Australia,Western Australia,"7 Km Off Trigg Surf Beach, Perth",Fishing,"19-jul-2004 reported to have happened  ""on the weekend""",2004,Watercraft,July,Unknown,,No injury,No time specified,White Shark,N
Japan,Wakayama Prefecture,Susami,Fishing for squid aboard the trawler Shikishima-Maru when the shark leapt into the boat,15-jul-2004,2004,Unprovoked,July,M,51.0,Other,No time specified,Other/Unknown,N
Australia,Western Australia,"Lefthanders Beach, Margaret River",Surfing,10-jul-2004,2004,Unprovoked,July,M,30.0,Fatal,14:10,Other/Unknown,Y
Egypt,Sinai Peninsula,The Lagoon At Dahab,Snorkeling,02-jul-2004,2004,Unprovoked,July,F,,Severe injury,No time specified,Other/Unknown,N
Usa,Alabama,"Gulf Shores Beach, Baldwin County",Wading,02-jul-2004,2004,Unprovoked,July,M,7.0,Injury,16:40,Other/Unknown,N
Usa,California,"San Onofre State Beach, San Diego County",Surfing,26-jun-2004,2004,Unprovoked,June,M,45.0,No injury,09:00,White Shark,N
Australia,Western Australia,Floreat Beach,Crayfishing,26-jun-2004,2004,Invalid,June,M,,No injury,No time specified,Other/Unknown,UNKNOWN
Usa,Florida,"Disney / Vero Beach, Indian River County",In water with diving seabirds,14-jun-2004,2004,Unprovoked,June,F,,Injury,No time specified,Other/Unknown,N
Australia,Western Australia,Bunbury,Body boarding,10-jun-2004,2004,Unprovoked,June,M,17.0,Injury,No time specified,Bronze Whaler Shark,N
Usa,Florida,"Daytona Beach Shores, Volusia County",Swimming,10-jun-2004,2004,Unprovoked,June,M,8.0,Injury,18:00,Other/Unknown,N
South Africa,Western Cape Province,Dyer Island,"Swimming, poaching perlemoen",02-jun-2004,2004,Unprovoked,June,M,21.0,Fatal,15:00,White Shark,Y
Usa,Texas,"Pirate'S Beach, Galveston Island",Wading,29-may-2004,2004,Unprovoked,May,M,16.0,Injury,19:45,Other/Unknown,N
Brazil,Pernambuco,Piedade Beach,Swimming,23-may-2004,2004,Unprovoked,May,M,17.0,Severe injury,14:30,Bull Shark,N
Usa,California,"Salmon Creek, Sonoma County",Surfing,28-may-2004,2004,Unprovoked,May,M,44.0,No injury,11:00,Other/Unknown,N
Usa,Florida,"St. Augustine, St. John'S County",Boogie-boarding / swimming,23-may-2004,2004,Unprovoked,May,M,9.0,Injury,12:30,Other/Unknown,N
Usa,Florida,St. Augustine  St. Johns County,Swimming,22-may-2004,2004,Invalid,May,M,9.0,Injury,No time specified,Other/Unknown,UNKNOWN
Usa,Florida,"Jacksonville Beach, Duval County",,22-may-2004,2004,Unprovoked,May,F,9.0,Injury,No time specified,Other/Unknown,N
Brazil,Pernambuco,"Piedade Beach, Recife",Wading,22-may-2004,2004,Unprovoked,May,F,24.0,Injury,16:00,Other/Unknown,N
Bahamas,Abaco Islands,Green Turtle Cay,Free diving & spearfishing,18-may-2004,2004,Provoked,May,M,63.0,Injury,15:00,Other/Unknown,N
Usa,Texas,Channel Between South Padre Island & Padre Island National Seashore,Tandem surfing,04-may-2004,2004,Unprovoked,May,M,28.0,No injury,16:30,Other/Unknown,N
Brazil,Pernambuco,Piedade,Swimming,01-may-2004,2004,Unprovoked,May,M,22.0,Fatal,No time specified,Other/Unknown,Y
Australia,New South Wales,"Latitude Reef, Near Forster",Diving,26-apr-2004,2004,Unprovoked,April,M,,Injury,No time specified,Wobbegong Shark,N
New Zealand,North Island,Motunui,Fishing,22-apr-2004,2004,Watercraft,April,Unknown,,No injury,No time specified,White Shark,N
Tonga,Nuku'Alofa,30 Nautical Miles Offshore,Five men on makeshift raft after their 10 m fishing boat  capsized and sank in rough seas. Survivors rescued after  7.5 hours in the water,13-apr-2004,2004,Unprovoked,April,M,,Injury,No time specified,Other/Unknown,Y
Tonga,Nuku'Alofa,30 Nautical Miles Offshore,Five men on makeshift raft after their 10 m fishing boat  capsized and sank in rough seas. Survivors rescued after  7.5 hours in the water,13-apr-2004,2004,Invalid,April,M,,Injury,No time specified,Other/Unknown,Y
Usa,Hawaii,"Kahana Beach, Maui",Surfing,07-apr-2004,2004,Unprovoked,April,M,57.0,Fatal,07:08,Tiger Shark,Y
South Africa,Western Cape Province,"Surfers' Corner, Muizenberg, False Bay",Surfing,05-apr-2004,2004,Unprovoked,April,M,16.0,Severe injury,14:00,White Shark,N
Usa,Hawaii,Velzyland,Surfing,04-apr-2004,2004,Invalid,April,F,22.0,Other,No time specified,Other/Unknown,UNKNOWN
Usa,Florida,"Ocean Reef Park, Singer Island, Palm Beach County",,31-mar-2004,2004,Unprovoked,March,M,26.0,Injury,No time specified,Other/Unknown,N
Usa,Florida,"Stuart Rocks, Martin County",Surfing,31-mar-2004,2004,Unprovoked,March,M,20.0,Injury,09:00,Bull Shark,N
Brazil,Pernambuco,Piedade Beach,Body boarding,29-mar-2004,2004,Unprovoked,March,M,22.0,Severe injury,07:30,Bull Shark,N
Usa,Florida,"Pelican Beach Park, Satellite Beach, Brevard County",Surfing,28-mar-2004,2004,Unprovoked,March,M,,Injury,15:00,Bull Shark,N
Reunion,Saint-Benoît,Spot De La Gare,Surfing,27-mar-2004,2004,Unprovoked,March,M,20.0,Injury,17:00,Other/Unknown,N
Usa,Florida,"Sanibel Island, Lee County",Swimming,27-mar-2004,2004,Unprovoked,March,M,61.0,Minor injury,08:30,Other/Unknown,N
Usa,Hawaii,Punaluu,Snorkeling,14-mar-2004,2004,Unprovoked,March,F,,Injury,10:00,Other/Unknown,N
New Zealand,North Island,Te Arai Point,Spearfishing,22-mar-2004,2004,Unprovoked,March,M,,No injury,12:30,Bronze Whaler Shark,N
Usa,Hawaii,"Kalihiwai Beach, Kauai",Surfing,16-mar-2004,2004,Unprovoked,March,M,51.0,No injury,07:45,Tiger Shark,N
Australia,Western Australia,5 Nm Off Cervantes,Spearfishing,06-mar-2004,2004,Unprovoked,March,M,47.0,Injury,No time specified,Bronze Whaler Shark,N
Brazil,Pernambuco,"Piedade Beach, Recife",Swimming,29-feb-2004,2004,Unprovoked,February,M,29.0,Fatal,15:00,Other/Unknown,Y
New Zealand,"South Island, Near Karitane North Of Dunedin",South Beach,Surfing,26-feb-2004,2004,Unprovoked,February,M,15.0,Injury,19:00,Other/Unknown,N
Australia,New South Wales,"Taree, Old Bar Beach",Swimming,21-feb-2004,2004,Unprovoked,February,M,,Injury,No time specified,Other/Unknown,N
Australia,Queensland,"Fido'S Reef, 300 M East Of Cook Island. Cook Island Is 2 Miles From Tweed Heads, Gold Coast",Free diving & spearfishing,16-feb-2004,2004,Invalid,February,M,31.0,Other,11:00,Other/Unknown,UNKNOWN
Egypt,,"Coral Bay, Sharm-El-Sheikh",Snorkeling,14-feb-2004,2004,Unprovoked,February,M,,Fatal,No time specified,Other/Unknown,Y
Australia,New South Wales,Caves Beach,Snorkeling,11-feb-2004,2004,Unprovoked,February,M,22.0,Injury,No time specified,Other/Unknown,N
Australia,Western Australia,Binningup,Scuba diving,25-jan-2004,2004,Unprovoked,January,M,46.0,Injury,11:05,White Shark,N
Uruguay,Rocha,Ensenada De La Coronilla,Surfing,23-jan-2004,2004,Unprovoked,January,M,21.0,Injury,No time specified,Tiger Shark,N
New Zealand,Northlands,90 Mile Beach,Boogie boarding,22-jan-2004,2004,Invalid,January,M,,No injury,No time specified,Other/Unknown,UNKNOWN
Venezuela,Anzoategui,"Playa Colorada Beach, Mochima National Park, Only 200 M West Of Santa Cruz Beach",Swimming,21-jan-2004,2004,Unprovoked,January,M,,Injury,14:30,Bull Shark,N
Venezuela,Anzoategui,"Santa Cruz Beach, Mochima National Park, 250 Km From Caracas",Spearfishing,21-jan-2004,2004,Unprovoked,January,M,40.0,Injury,11:00,Bull Shark,N
South Africa,Kwazulu-Natal,Ballito,Surf skiing,reported 15-jan-2004,2004,Watercraft,January,M,,No injury,No time specified,Other/Unknown,N
Australia,New South Wales,Bushrangers Pass At Bass Point,Diving,12-jan-2004,2004,Unprovoked,January,M,,No injury,No time specified,Raggedtooth Shark,N
South Africa,Eastern Cape Province,"West Beach, Port Alfred",Surfing,07-jan-2004,2004,Unprovoked,January,M,22.0,Injury,No time specified,Raggedtooth Shark,N
New Zealand,North Island,"Whiritoa, Eastern Cormandel",Kayaking (returning from spearfishing),03-jan-2004,2004,Invalid,January,M,,No injury,No time specified,Other/Unknown,UNKNOWN
Egypt,Sinai Peninsula,Off Sharm El-Sheikh,Air disaster. Flash Airlines Boeing 737 crashed into the Red Sea,03-jan-2004,2004,Sea Disaster,January,Unknown,,Other,03:00,Other/Unknown,Y
Australia,Western Australia,Redgate Beach,Surfing,2004,2004,Unprovoked,,M,,Other,No time specified,Other/Unknown,N
South Africa,Kwazulu-Natal,Salt Rock,,31-dec-2003,2003,Watercraft,December,Unknown,,No injury,No time specified,Other/Unknown,N
Usa,Florida,"Miami, Dade County",Swimming,26-dec-2003,2003,Invalid,December,M,28.0,Injury,No time specified,Other/Unknown,UNKNOWN
Usa,Florida,"Melbourne Beach, Brevard County",Swimming,13-dec-2003,2003,Unprovoked,December,M,13.0,Injury,13:15,Other/Unknown,N
New Zealand,Cook Islands,Pukapuka Northern Group,Swimming / shipwreck,13-dec-2003,2003,Unprovoked,December,M,45.0,Fatal,No time specified,Other/Unknown,Y
Australia,Victoria,Collendina Beach East Of Ocean Grove,Surfing amid a shoal of sharks,08-dec-2003,2003,Unprovoked,December,M,36.0,Other,09:30,Other/Unknown,N
Australia,Western Australia,Perth? (Margaret River District),Swimming,30-nov-2003,2003,Unprovoked,November,M,,Other,11:30,Wobbegong Shark,N
Australia,Western Australia,Perth? (Margaret River District),Swimming,30-nov-2003,2003,Unprovoked,November,M,,Injury,11:30,Wobbegong Shark,N
South Africa,Kwazulu-Natal,Sodwana,Spearfishing,27-nov-2003,2003,Unprovoked,November,M,21.0,Fatal,08:00,Tiger Shark,Y
Usa,Florida,"Daytona Beach, Volusia County",Surfing,22-nov-2003,2003,Unprovoked,November,F,35.0,Severe injury,15:30,Other/Unknown,N
India,Tamil Nadu,"Mahabalipuram Beach, 37 Km South Of Chennai",Swimming or surfing,12-nov-2003,2003,Unprovoked,November,M,35.0,Injury,No time specified,Tiger Shark,N
Usa,Florida,"South Jetty, New Smyrna Beach, Volusia County",Surfing,12-nov-2003,2003,Unprovoked,November,M,24.0,Injury,No time specified,Other/Unknown,N
Egypt,Sinai Peninsula,"Sha’Ab Mahmud, Ras Mohamed Park",Snorkeling,06-nov-2003,2003,Unprovoked,November,M,,Injury,No time specified,White Shark,N
South Africa,Kwazulu-Natal,Karridene,Surf skiing,06-nov-2003,2003,Unprovoked,November,Unknown,,No injury,No time specified,White Shark,N
Australia,New South Wales,"Seal Rocks, North Of Newcastle",Standing,01-nov-2003,2003,Unprovoked,November,M,,Minor injury,No time specified,Other/Unknown,N
Panama,Pearl Islands,,Spearfishing,nov-2003,2003,Provoked,November,M,,Injury,No time specified,Nurse Shark,N
Usa,Florida,"Ponte Vedra Beach, St. Johns County",Surfing,31-oct-2003,2003,Unprovoked,October,M,18.0,Injury,15:00,Other/Unknown,N
Australia,New South Wales,"Lighthouse Beach, Seal Rocks",Surfing,31-oct-2003,2003,Unprovoked,October,M,22.0,Injury,17:30,Nurse Shark,N
Usa,Hawaii,"Tunnels Surf Break Off Makua Beach, Kaua'I",Surfing,31-oct-2003,2003,Unprovoked,October,F,13.0,Severe injury,07:30,Tiger Shark,N
Usa,Florida,"New Smyrna Beach, Volusia County",Surfing,27-oct-2003,2003,Unprovoked,October,M,46.0,Injury,12:20,Other/Unknown,N
Usa,Hawaii,Honolua Bay,Snorkeling,24-oct-2003,2003,Invalid,October,M,56.0,Injury,12:20,Other/Unknown,UNKNOWN
Usa,Florida,Near Patrick Air Force Base Brevard County,Surfing,14-oct-2003,2003,Unprovoked,October,M,19.0,Injury,No time specified,Other/Unknown,N
Usa,Florida,Palm Beach?,Swimming to shore from boat or kayak,06-oct-2003,2003,Invalid,October,M,,Fatal,No time specified,Other/Unknown,Y
Usa,Florida,"Ocean Reef Park, Singer Island, Palm Beach County",Surfing,05-oct-2003,2003,Unprovoked,October,F,,Minor injury,15:00,Other/Unknown,N
Usa,Florida,"Stuart Park Beach, Martin County",Surfing,05-oct-2003,2003,Unprovoked,October,M,18.0,Injury,14:30,Other/Unknown,N
Usa,Florida,"South Jetty, New Smyrna Beach, Volusia County",Surfing,05-oct-2003,2003,Provoked,October,M,30.0,Injury,14:00,Other/Unknown,N
Usa,Florida,"Crawford Road Beach Approach At New Smyrna Beach, Volusia County",Sitting on surfboard,05-oct-2003,2003,Unprovoked,October,M,50.0,Injury,12:02,Other/Unknown,N
Usa,Hawaii,"Cove Beach / Kalama Beach, Kihei, Maui",Wading near a fishing net,05-oct-2003,2003,Unprovoked,October,F,41.0,Injury,12:55,Other/Unknown,N
Fiji,Taveuni,Welagi Coastal Reef Off Drekeniwai,Wading to shore from his boat,29-sep-2003,2003,Unprovoked,September,M,40.0,Fatal,No time specified,Other/Unknown,Y
Usa,Florida,"North Hutchinson Island, St. Lucie Couny",Surfing,28-sep-2003,2003,Unprovoked,September,M,16.0,Injury,07:45,Other/Unknown,N
Usa,Florida,"Ponce Inlet, New Smyrna Beach, Volusia County",Surfing,21-sep-2003,2003,Unprovoked,September,M,21.0,Injury,11:45,Other/Unknown,N
Usa,Florida,"Ponce Inlet, New Smyrna Beach, Volusia County",Surfing,19-sep-2003,2003,Unprovoked,September,M,19.0,Injury,16:30,Other/Unknown,N
Usa,Florida,"New Smyrna Beach, Volusia County",Surfing,17-sep-2003,2003,Unprovoked,September,M,17.0,Injury,14:00,Other/Unknown,N
Usa,Florida,"New Smyrna Beach, Volusia County",Surfing,14-sep-2003,2003,Unprovoked,September,M,30.0,Injury,16:14,Other/Unknown,N
South Africa,Western Cape Province,Melkbosstrand,Fishing,14-sep-2003,2003,Watercraft,September,Unknown,,No injury,09:40,Other/Unknown,N
Usa,Florida,"Bathtub Reef Beach, Martin County",Swimming,14-sep-2003,2003,Invalid,September,F,,Injury,13:30,Other/Unknown,UNKNOWN
Usa,Florida,"Daytona Beach, Volusia County",Body boarding,13-sep-2003,2003,Unprovoked,September,M,18.0,Other,17:11,Other/Unknown,N
Usa,South Carolina,"Isle Of Palms, Charleston County","Standing, stepped on shark",13-sep-2003,2003,Unprovoked,September,M,15.0,Injury,No time specified,Other/Unknown,N
South Africa,Western Cape Province,Near The Wreck Of The Kakapo Off Noordhoek Beach,Body boarding,12-sep-2003,2003,Unprovoked,September,M,19.0,Fatal,14:30,White Shark,Y
Usa,Florida,"Boca Grande, Lee County",Wade-fishing,sep-2003,2003,Unprovoked,September,M,,Injury,No time specified,Other/Unknown,N
Usa,Texas,1.5 Miles Off Surfside,Fishing,29-aug-2003,2003,Provoked,August,M,,Other,12:20,Bull Shark,N
Usa,California,"Avila Beach, San Luis Obispo County","Swimming, wearing black wetsuit & swim fins",19-aug-2003,2003,Unprovoked,August,F,50.0,Fatal,08:15,White Shark,Y
Usa,California,"Venice Beach, Los Angeles County",Swimming,12-aug-2003,2003,Invalid,August,M,31.0,Injury,00:30,Other/Unknown,UNKNOWN
South Africa,Eastern Cape Province,Jeffrey’S Bay,Sitting on surfboard,08-aug-2003,2003,Unprovoked,August,M,16.0,No injury,08:00,White Shark,N
Australia,Northern Territory,Nhulunbuy,Surf skiing,reported 26-jul-2003,2003,Unprovoked,July,M,37.0,No injury,No time specified,Other/Unknown,N
Usa,Florida,"Ponce Inlet, New Smyrna Beach, Volusia County",Surfing,20-jul-2003,2003,Unprovoked,July,M,18.0,Injury,15:45,Other/Unknown,N
Usa,Florida,"Daytona Beach, Volusia County",Wading,15-jul-2003,2003,Unprovoked,July,F,15.0,Other,14:37,Other/Unknown,N
Bahamas,Abaco Islands,Bakers Bay,Spearfishing,10-jul-2003,2003,Unprovoked,July,M,58.0,Injury,14:30,Other/Unknown,N
Usa,Florida,"Near New Smyrna Jetty, Volusia County","Walking, carrying surfboard & stepped on shark",05-jul-2003,2003,Provoked,July,M,10.0,Injury,10:07,Other/Unknown,N
Usa,Florida,"Canova Beach, Brevard County",Surfing,05-jul-2003,2003,Unprovoked,July,M,21.0,Injury,No time specified,Other/Unknown,N
Bahamas,Abaco Islands,10 Miles West Of Walker’S Cay,Spearfishing,04-jul-2003,2003,Unprovoked,July,M,39.0,Injury,14:45,Bull Shark,N
Usa,Florida,"Fort Lauderdale, Broward County",Spearfishing,jul-2003,2003,Unprovoked,July,M,,Injury,No time specified,Other/Unknown,N
French Polynesia,Society Islands,Moorea,Spearfishing,late jul-2003,2003,Unprovoked,July,M,,Injury,No time specified,Other/Unknown,N
New Zealand,Cook Islands,Beveridge Reef,Snorkeling,jul-2003,2003,Unprovoked,July,M,,Injury,No time specified,Other/Unknown,N
Usa,Florida,"New Smyrna Beach, Volusia County",Surfing,30-jun-2003,2003,Unprovoked,June,M,17.0,Injury,13:53,Other/Unknown,N
Usa,Florida,St Augustine Beach. St. Johns County,Surfing,26-jun-2003,2003,Unprovoked,June,M,15.0,Injury,No time specified,Other/Unknown,N
Brazil,Pernambuco,"Piedade, Recife",,24-jun-2003,2003,Unprovoked,June,M,,Fatal,No time specified,Other/Unknown,Y
Usa,Florida,"Cocoa Beach, Brevard County",Standing,24-jun-2003,2003,Unprovoked,June,F,12.0,Injury,No time specified,Other/Unknown,N
Usa,Hawaii,"Makua Beach, Oahu",Swimming with pod of dolphins,24-jun-2003,2003,Unprovoked,June,M,60.0,Injury,08:00,Other/Unknown,N
Usa,Johnston Atoll,,Swimming,22-jun-2003,2003,Unprovoked,June,M,51.0,Injury,No time specified,Other/Unknown,N
Usa,North Carolina,"Masonboro Island, New Hanover County",Surfing,19-jun-2003,2003,Unprovoked,June,M,33.0,Injury,No time specified,Other/Unknown,N
Usa,Florida,"Ponce Inlet, Volusia County",Surfing,08-jun-2003,2003,Unprovoked,June,Unknown,15.0,Injury,11:55,Other/Unknown,N
Usa,South Carolina,"Pawleys Island, Georgetown County",Swimming,jun-2003,2003,Invalid,June,F,22.0,Injury,No time specified,Other/Unknown,UNKNOWN
Usa,Florida,"Coral Cove Park, Jupiter Inlet, Palm Beach County",Surfing,25-may-2003,2003,Unprovoked,May,M,18.0,Injury,10:00,Other/Unknown,N
Usa,Florida,"Ponce De Leon Inlet, Volusia County",Wading,14-may-2003,2003,Unprovoked,May,M,22.0,Injury,13:23,Other/Unknown,N
Usa,Hawaii,Between Magic Sands Beach And Kahaluu Beach On The Kona Coast,Swimming,10-may-2003,2003,Unprovoked,May,M,20.0,Injury,11:45,Other/Unknown,N
Usa,Florida,"New Smyrna Beach, Volusia County",Surfing,07-may-2003,2003,Provoked,May,M,34.0,Injury,11:40,Other/Unknown,N
Usa,Florida,"Daytona Beach Shores, Volusia County",Walking,03-may-2003,2003,Unprovoked,May,F,9.0,Injury,12:20,Other/Unknown,N
Philippines,Baatan,Limay,,may-2003,2003,Unprovoked,May,Unknown,,Severe injury,No time specified,White Shark,N
Brazil,Rio De Janeiro,"Copacabana Beach, Rio De Janiero",Killing  sharks,26-apr-2003,2003,Provoked,April,M,,Injury,No time specified,Other/Unknown,N
Brazil,Rio De Janeiro,"Copacabana Beach, Rio De Janiero",Swimming,25-apr-2003,2003,Unprovoked,April,M,16.0,Injury,18:30,Other/Unknown,N
Brazil,Pernambuco,"Pau Amarelo Beach, Paulista District (17 Km From Recife)",Surfing,23-apr-2003,2003,Unprovoked,April,M,17.0,Severe injury,17:00,Bull Shark,N
Brazil,Rio De Janeiro,"Copacabana Beach, Rio De Janiero",Swimming,23-apr-2003,2003,Unprovoked,April,M,7.0,Injury,No time specified,Other/Unknown,N
Usa,Florida,"Melbourne Beach, Brevard County",Surfing,21-apr-2003,2003,Unprovoked,April,M,36.0,Injury,14:30,Other/Unknown,N
Usa,Florida,"Shepard Park, Cocoa Beach, Brevard County",Surfing,21-apr-2003,2003,Unprovoked,April,M,17.0,Other,13:30,Other/Unknown,N
Usa,Florida,"Playalinda Beach, Brevard County",Surfing,20-apr-2003,2003,Unprovoked,April,M,30.0,Injury,No time specified,Other/Unknown,N
Usa,Florida,"Sunglow Pier, Daytona Beach Shores, Volusia County",Surfing,20-apr-2003,2003,Unprovoked,April,M,23.0,Injury,09:00,Other/Unknown,N
Usa,Florida,"New Smyrna Beach, Volusia County",Surfing,20-apr-2003,2003,Unprovoked,April,M,18.0,Injury,14:20,Other/Unknown,N
Usa,Florida,"New Smyrna Beach, Volusia County",Jumping,19-apr-2003,2003,Unprovoked,April,M,11.0,Injury,13:20,Other/Unknown,N
Usa,Florida,"North Beach, Patrick Afb, Brevard County",Surfing,18-apr-2003,2003,Unprovoked,April,M,12.0,Injury,08:50,Other/Unknown,N
Usa,Florida,"Cocoa Beach, Brevard County",Swimming (using a float),15-apr-2003,2003,Unprovoked,April,M,20.0,Injury,13:00,Other/Unknown,N
Venezuela,Nueva Esparta,"El Yaqu, Isla De Margarita",Surfing,11-apr-2003,2003,Unprovoked,April,M,28.0,Severe injury,No time specified,Other/Unknown,N
Usa,Florida,"Melbourne Beach, Brevard County",Surfing,09-apr-2003,2003,Unprovoked,April,M,,Injury,No time specified,Other/Unknown,N
Usa,Florida,"New Smyrna Beach, Volusia County",Surfing,04-apr-2003,2003,Unprovoked,April,M,50.0,Injury,08:00,Other/Unknown,N
Usa,Florida,"Petting Tank, Florida Aquarium, Tampa, Hillsborough County",Petting captive sharks,10-mar-2003,2003,Provoked,March,F,,Other,No time specified,Other/Unknown,N
New Zealand,Southland,East Side Of Bench Island In The Foveaux Strait,Scuba diving,27-feb-2003,2003,Unprovoked,February,M,44.0,Injury,11:45,White Shark,N
Australia,South Australia,"Goolwa Beach, Fleurieu Peninsula",Wading,15-feb-2003,2003,Unprovoked,February,M,37.0,Injury,No time specified,Other/Unknown,N
Usa,Florida,"Jupiter, Palm Beach County",Swimming,15-feb-2003,2003,Unprovoked,February,M,54.0,Injury,12:10,Other/Unknown,N
Australia,New South Wales,"Coogee Bay, Near Sydney",Swimming,11-feb-2003,2003,Unprovoked,February,M,24.0,Injury,No time specified,Nurse Shark,N
Australia,Queensland,Burleigh Lake On The Gold Coast,Swimming,08-feb-2003,2003,Unprovoked,February,M,84.0,Fatal,No time specified,Bull Shark,Y
South Africa,Western Cape Province,"Near The Lagoon At Table View, Cape Peninsula",Unknown,17-jan-2003,2003,Invalid,January,M,14.0,Injury,No time specified,Other/Unknown,UNKNOWN
Costa Rica,North Pacific Coast,Playa Tamarindo,Surfing,03-jan-2003,2003,Unprovoked,January,M,,Injury,No time specified,Bull Shark,N
Australia,Western Australia,Left Break At The ‘Hot Spot’ At Sheringa Beach,Surfing,02-jan-2003,2003,Unprovoked,January,F,,No injury,13:00,Bronze Whaler Shark,N
Australia,Queensland,Great Barrier Reef  (Near Upolu Bay),Snorkeling,29-dec-2002,2002,Unprovoked,December,F,18.0,Injury,No time specified,Other/Unknown,N
South Africa,Western Cape Province,Scarborough,Snorkeling,24-dec-2002,2002,Unprovoked,December,M,25.0,Injury,12:00,White Shark,N
Australia,Queensland,Depth Of 40 M On The Wreck Of The St. Paul Off Brisbane,Scuba diving,21-dec-2002,2002,Unprovoked,December,M,26.0,Injury,No time specified,Wobbegong Shark,N
Australia,Queensland,Golden Beach,Swimming,20-dec-2002,2002,Invalid,December,M,11.0,Injury,No time specified,Other/Unknown,UNKNOWN
Australia,Queensland,Miami Lake,Swimming,16-dec-2002,2002,Unprovoked,December,M,23.0,Fatal,02:30,Bull Shark,Y
Brazil,Pernambuco,"Boa Viagem Beach, Recife",Surfing,01-dec-2002,2002,Unprovoked,December,M,19.0,Fatal,No time specified,Other/Unknown,Y
Micronesia,Caroline Islands,"Pision Reef, Truk",Scuba diving,28-nov-2002,2002,Unprovoked,November,M,,Minor injury,No time specified,Blacktip Shark,N
Usa,California,"Salmon Creek, Sonoma County",Body boarding,28-nov-2002,2002,Unprovoked,November,M,48.0,Severe injury,09:45,White Shark,N
Usa,Hawaii,Ka'Anapali,Swimming,17-nov-2002,2002,Unprovoked,November,F,34.0,Injury,10:45,Other/Unknown,N
Turks & Caicos,Caicos Bank,French Cay,Snorkeling,14-nov-2002,2002,Unprovoked,November,F,41.0,Severe injury,08:40,Other/Unknown,N
Usa,Florida,"Ponce Inlet, New Smyrna Beach, Volusia County",Surfing,11-nov-2002,2002,Unprovoked,November,M,21.0,Injury,13:40,Other/Unknown,N
Usa,Florida,"New Smyrna Beach, Volusia County",Boogie boarding,02-nov-2002,2002,Unprovoked,November,M,16.0,Injury,13:25,Other/Unknown,N
French Polynesia,Society Islands,Tetiaroa,"Fishing, standing in 2' of water",nov-2002,2002,Unprovoked,November,M,52.0,Other,No time specified,Other/Unknown,N
Usa,Hawaii,"Kama'Ole Beach Park I, Kihei, Maui",Swimming,30-oct-2002,2002,Unprovoked,October,F,60.0,Injury,11:56,Other/Unknown,N
Brazil,Pernambuco,"Piedade Beach, Jaboatão Dos Guararapes City, Recife",Swimming,14-oct-2002,2002,Unprovoked,October,M,36.0,Fatal,16:00,Tiger Shark,Y
Usa,Florida,"Opposite Main Gate At Patrick Air Force Base, Cape Canaveral, Brevard County",Surfing,11-oct-2002,2002,Unprovoked,October,M,21.0,Injury,No time specified,Other/Unknown,N
Usa,Florida,"New Smyrna Beach, Volusia County",Surfing,05-oct-2002,2002,Unprovoked,October,M,14.0,Minor injury,12:00,Blacktip Shark,N
Usa,Florida,"New Smyrna Beach, Volusia County",Surfing,05-oct-2002,2002,Unprovoked,October,M,35.0,Injury,13:30,Other/Unknown,N
Usa,Florida,"New Smyrna Beach, Volusia County",Surfing,03-oct-2002,2002,Unprovoked,October,M,18.0,Injury,14:35,Other/Unknown,N
Usa,Florida,"Ormond Beach, Volusia County",Surfing,30-sep-2002,2002,Unprovoked,September,M,47.0,Severe injury,16:20,Other/Unknown,N
Usa,Florida,"Sebastian Inlet, Brevard County",Surfing,29-sep-2002,2002,Unprovoked,September,M,32.0,Injury,07:30,Other/Unknown,N
Usa,Hawaii,"Kahala, O'Ahu",Fishing from Surfboard,27-sep-2002,2002,Unprovoked,September,M,55.0,No injury,15:35,Blacktip Shark,N
Usa,Florida,"Key Largo, Monroe County",Fishing,27-sep-2002,2002,Provoked,September,M,,Injury,No time specified,Blacktip Shark,N
Tonga,Vava'U,Swimming With Humpback Whales,Swimming,27-sep-2002,2002,Provoked,September,M,,Injury,15:00,Tiger Shark,N
Usa,Oregon,Cape Kiwanda,Boogie boarding or Surfing,21-sep-2002,2002,Unprovoked,September,M,24.0,Injury,No time specified,Other/Unknown,N
Usa,California,"Moonstone Beach, Humboldt County",Surfing,21-sep-2002,2002,Unprovoked,September,M,35.0,No injury,No time specified,Other/Unknown,N
Brazil,Pernambuco,"Piedade Beach, Jaboatão Dos Guararapes City",Swimming,16-sep-2002,2002,Unprovoked,September,M,19.0,Severe injury,15:00,Tiger Shark,N
Usa,Hawaii,"Hideaways Beach, Princeville, Kaua'I",Body boarding,16-sep-2002,2002,Unprovoked,September,Unknown,,No injury,07:50,Other/Unknown,N
South Africa,Western Cape Province,"Glencairn, False Bay",Surf skiing,13-sep-2002,2002,Unprovoked,September,M,47.0,No injury,16:00,White Shark,N
Usa,Florida,"Ponce Inlet, New Smyrna Beach, Volusia County",Boogie boarding,09-sep-2002,2002,Unprovoked,September,M,20.0,Injury,15:55,Other/Unknown,N
Usa,Florida,"Daytona Beach Shores, Volusia County","Wading, when he stepped on the shark",05-sep-2002,2002,Provoked,September,M,36.0,Injury,17:45,Other/Unknown,N
Usa,Hawaii,"Kewalo Basin Channel, O'Ahu",Surfing,28-aug-2002,2002,Unprovoked,August,M,16.0,Injury,15:45,Tiger Shark,N
Usa,Alabama,"Gulf Of Mexico, 65 Miles Offshore From Mobile",Swimming,17-aug-2002,2002,Unprovoked,August,F,29.0,Injury,17:00,Other/Unknown,N
Usa,Florida,"New Smyrna Beach, Volusia County",Surfing,14-aug-2002,2002,Unprovoked,August,M,27.0,Injury,14:45,Other/Unknown,N
Usa,Florida,"Vero Beach, Indian River County",Surfing,11-aug-2002,2002,Unprovoked,August,M,15.0,Injury,15:30,Nurse Shark,N
Usa,Florida,"Ponce De Leon Inlet, Volusia County",Standing,07-aug-2002,2002,Unprovoked,August,M,15.0,Injury,12:30,Other/Unknown,N
United Kingdom,Cheshire,"Blue Planet Aquarium, Ellesmere Port",Diving,reported 06-aug-2002,2002,Provoked,August,M,30.0,Injury,No time specified,Tiger Shark,N
Usa,North Carolina,"Topsail Beach, Pender County",Standing,05-aug-2002,2002,Unprovoked,August,M,14.0,Injury,11:00,Other/Unknown,N
Usa,South Carolina,"Myrtle Beach, Horry County",Surfing,26-jul-2002,2002,Unprovoked,July,M,13.0,Injury,19:00,Blacktip Shark,N
Usa,North Carolina,"Emerald Isle, Carteret County",Swimming,20-jul-2002,2002,Unprovoked,July,F,15.0,Injury,17:00,Bull Shark,N
Usa,Florida,"Ponce Inlet, New Smyrna Beach, Volusia County",Surfing,10-jul-2002,2002,Provoked,July,M,19.0,Injury,18:45,Other/Unknown,N
Usa,Maryland,"100 Miles Off Ocean City, Maryland, In 7000' Of Water",Shark Fishing,09-jul-2002,2002,Provoked,July,M,41.0,Other,No time specified,Other/Unknown,Y
Brazil,Pernambuco,"Piedade Beach, Recife",Surfing,10-jul-2002,2002,Unprovoked,July,M,22.0,Severe injury,15:00,Tiger Shark,N
Usa,North Carolina,"Wrightsville Beach, New Hanover County",Standing,04-jul-2002,2002,Unprovoked,July,F,9.0,Injury,17:15,Bull Shark,N
Australia,Queensland,Sunshine Beach,Surfing,20-jun-2002,2002,Unprovoked,June,M,30.0,Minor injury,10:00,Other/Unknown,N
Usa,Florida,"New Smyrna Beach, Volusia County",Swimming,20-jun-2002,2002,Unprovoked,June,F,11.0,Injury,14:25,Other/Unknown,N
Indonesia,,"Shark Caught In Indonesia, Offloaded To Trawler That Docked At Samut Prakan, 20 Miles South Of Bangkok, Thailand",,16-jun-2002,2002,Invalid,June,Unknown,,Other,No time specified,Other/Unknown,UNKNOWN
Papua New Guinea,Louisiade Archipelago,"Brooker Island , Calvados Chain",,reported 13-jun-2002,2002,Unprovoked,June,Unknown,,Severe injury,No time specified,Other/Unknown,N
Papua New Guinea,Louisiade Archipelago,"Gawa Reefs, Sudest Island",Attempting to retreive a dinghy,reported 13-jun-2002,2002,Unprovoked,June,Unknown,,Fatal,No time specified,Other/Unknown,Y
Usa,Hawaii,"Anini Beach, Kaua'I",Sitting on surfboard,11-jun-2002,2002,Unprovoked,June,Unknown,,No injury,No time specified,Tiger Shark,N
Usa,Florida,"St Augustine Beach, St Johns County",Surfing,10-jun-2002,2002,Unprovoked,June,M,28.0,Injury,13:00,Other/Unknown,N
Usa,Florida,"South Of Ponce Inlet, New Smyrna Beach, Volusia County",Surfing,09-jun-2002,2002,Unprovoked,June,M,50.0,Injury,10:40,Other/Unknown,N
Usa,Florida,"Jensen Beach, Martin County",Swimming,09-jun-2002,2002,Unprovoked,June,M,10.0,Injury,13:00,Other/Unknown,N
South Africa,Kwazulu-Natal Between Port Edward And Port St Johns,Off Mkhambati,Snorkeling (filming the sardine run),03-jun-2002,2002,Unprovoked,June,M,50.0,Injury,No time specified,Other/Unknown,N
Usa,California,"Stinson Beach, Marin County",Surfing,31-may-2002,2002,Unprovoked,May,M,24.0,Injury,14:15,White Shark,N
Usa,Florida,"St. George Island (Near Apachicola), Franklin County",Floating on a raft,31-may-2002,2002,Unprovoked,May,M,16.0,Injury,16:15,Other/Unknown,N
Usa,Florida,"A Pier At The End Of Caxambas Drive, Marco Island","Fishing, removing the shark from his line",22-may-2002,2002,Provoked,May,M,55.0,Injury,17:15,Blacktip Shark,N
Usa,Florida,"Atlantic Avenue, Palm Beach County",Playing in the surf with his 2 dogs,22-may-2002,2002,Unprovoked,May,M,35.0,Injury,06:47,Other/Unknown,N
Costa Rica,Guanacaste,Playa Grande,Surfing,reported 21-may-2002,2002,Unprovoked,May,M,,Other,No time specified,Bull Shark,N
Papua New Guinea,Milne Bay Province,Tewatewa Island,Collecting beche-de-mer,21-may-2002,2002,Unprovoked,May,M,14.0,Injury,No time specified,Other/Unknown,N
Usa,Florida,"Ten Thousand Islands National Wildlife Refuge, Collier County",Fishing,13-may-2002,2002,Unprovoked,May,M,31.0,Injury,No time specified,Other/Unknown,N
Brazil,Pernambuco,"Pina, Recife",Surfing,10-may-2002,2002,Unprovoked,May,M,40.0,Injury,17:00,Other/Unknown,N
Australia,Northern Territory,Darwin,Fishing from prawn trawler,07-may-2002,2002,Provoked,May,M,20.0,Injury,No time specified,Other/Unknown,N
Australia,South Australia,"Smoky Bay, Near Ceduna, On The Eyre Peninsula",Scallop diving (using surface-supplied air & a POD),30-apr-2002,2002,Unprovoked,April,M,23.0,Fatal,12:40,White Shark,Y
Australia,New South Wales,26 Nautical Miles Out To Sea Off Lake Macquarie,Fishing (Drowned 2-Apr-2002),21-apr-2002,2002,Invalid,April,M,52.0,Other,No time specified,Other/Unknown,UNKNOWN
Usa,Florida,"St. Augustine Beach, St. Johns County","Surfing, but standing in water alongside board",20-apr-2002,2002,Unprovoked,April,M,34.0,Injury,10:30,Other/Unknown,N
Usa,Florida,"New Smyrna Beach, Volusia County",Surfing,18-apr-2002,2002,Unprovoked,April,M,28.0,Injury,11:10,Other/Unknown,N
Australia,New South Wales,"Bar Beach, Newcastle",Swimming,12-apr-2002,2002,Unprovoked,April,M,45.0,Injury,18:30,Other/Unknown,N
Bahamas,Abaco Islands,Walkers Cay,Standing,09-apr-2002,2002,Unprovoked,April,M,43.0,Injury,10:45,Bull Shark,N
Usa,Florida,"New Smyrna Beach, Volusia County",Wading,02-apr-2002,2002,Unprovoked,April,M,41.0,Injury,15:00,Other/Unknown,N
Usa,Florida,"Lauderdale-By-The-Sea, Broward County",Swimming / Wading,01-apr-2002,2002,Unprovoked,April,M,29.0,Injury,11:30,Other/Unknown,N
Usa,Hawaii,"Brenecke Beach, Po'Ipu, Kaua'I",Body-boarding,25-mar-2002,2002,Unprovoked,March,M,17.0,Severe injury,12:00,Tiger Shark,N
Usa,Florida,"Cocoa Beach, Brevard County",Wading,25-mar-2002,2002,Unprovoked,March,F,11.0,Injury,10:10,Other/Unknown,N
Brazil,Pernambuco,"Boa Viagem Beach, Recife",Swimming,24-mar-2002,2002,Unprovoked,March,M,16.0,Fatal,17:00,Other/Unknown,Y
Usa,Florida,"Daytona Beach Shores, Volusia County",Swimming /  boogie boarding,19-mar-2002,2002,Unprovoked,March,M,20.0,Injury,15:45,Other/Unknown,N
Usa,Florida,"Deerfield Beach (Near Boca Raton), Broward County",Snorkeling,15-mar-2002,2002,Unprovoked,March,M,39.0,Injury,No time specified,Nurse Shark,N
Usa,Florida,"New Smyrna Beach, Volusia County",Surfing,15-mar-2002,2002,Unprovoked,March,M,31.0,Severe injury,10:55,Other/Unknown,N
New Caledonia,Loyalty Islands,Lifou,Spearfishing,03-mar-2002,2002,Invalid,March,M,44.0,Fatal,No time specified,Other/Unknown,UNKNOWN
Turks & Caicos,,,Capsized fishing boat,23-feb-2002,2002,Unprovoked,February,M,,Fatal,No time specified,Other/Unknown,Y
Australia,Queensland,Sunshine Beach,Surfing,16-feb-2002,2002,Unprovoked,February,M,,Injury,09:00,Other/Unknown,N
Fiji,Cikobia Island (North Of Vanua Levu),,,11-feb-2002,2002,Unprovoked,February,M,15.0,Fatal,20:00,Other/Unknown,Y
Australia,New South Wales,Paramatta River (Near Sydney),Kayaking,07-feb-2002,2002,Watercraft,February,M,35.0,Injury,19:15,Other/Unknown,N
Australia,New South Wales,Just North Of Fingal Spit,Surfing,30-jan-2002,2002,Unprovoked,January,M,20.0,Minor injury,20:45,Tiger Shark,N
Australia,Western Australia,Collie River,Swimming,30-jan-2002,2002,Unprovoked,January,M,32.0,Injury,No time specified,Other/Unknown,N
South Africa,Kwazulu-Natal,Durban Harbor,Fishing,04-jan-2002,2002,Unprovoked,January,M,16.0,Severe injury,02:00,Other/Unknown,N
Brazil,Pernambuco,Candeias,Swimming,03-jan-2002,2002,Unprovoked,January,Unknown,,Fatal,No time specified,Other/Unknown,Y
South Africa,Kwazulu-Natal,Mtunzini,Surf skiing,01-jan-2002,2002,Unprovoked,January,M,26.0,Injury,No time specified,Other/Unknown,N
Usa,Hawaii,"Olowalu, Maui",Snorkeling,01-jan-2002,2002,Unprovoked,January,M,35.0,Injury,13:00,Tiger Shark,N
Australia,Western Australia,"Honeycombs, 250 Km South Of Perth",Surfing,21-dec-2001,2001,Invalid,December,M,36.0,No injury,No time specified,Other/Unknown,N
Australia,New South Wales,"Flat Rock Beach, Lennox Head",Surfing,23-nov-2001,2001,Unprovoked,November,M,49.0,No injury,No time specified,Bronze Whaler Shark,N
Usa,Hawaii,"Kapalua, Maui",Surfing,14-nov-2001,2001,Unprovoked,November,Unknown,,No injury,17:00,Other/Unknown,N
Australia,Western Australia,"Leighton Beach, South Of North Cottesloe",Surf-skiing,07-nov-2001,2001,Invalid,November,M,,No injury,No time specified,Other/Unknown,UNKNOWN
South Africa,Kwazulu-Natal,Salt Rock,Kite-Boarding,07-oct-2001,2001,Unprovoked,October,M,,No injury,No time specified,Other/Unknown,N
Australia,Queensland,200 Miles Offshore,Snorkeling,02-oct-2001,2001,Unprovoked,October,F,20.0,Injury,13:00,Bronze Whaler Shark,N
Mexico,Guerrero,Ixtapa,Body surfing,30-sep-2001,2001,Unprovoked,September,M,26.0,Injury,No time specified,Tiger Shark,N
Australia,Queensland,"Moreton Bay, Ne Of Brisbane",,30-sep-2001,2001,Watercraft,September,M,31.0,No injury,No time specified,White Shark,N
Usa,Florida,"Ponce Inlet, Volusia County","Surfing, fell off surfboard & stepped on the shark.",24-sep-2001,2001,Provoked,September,M,21.0,Severe injury,16:20,Other/Unknown,N
Usa,Florida,"New Smyrna Beach, Volusia County",Surfing,18-sep-2001,2001,Unprovoked,September,M,14.0,Injury,15:00,Other/Unknown,N
Usa,Florida,"2 Miles Off Pompano Beach, Broward County",Wreck / Technical diving,16-sep-2001,2001,Invalid,September,M,42.0,Fatal,13:20,Other/Unknown,Y
Usa,Florida,A Quarter Mile North Of Fort Pierce Inlet,Boogie boarding,15-sep-2001,2001,Unprovoked,September,M,,Injury,15:00,Other/Unknown,N
Usa,North Carolina,"North Topsail Beach, Onslow County",Surfing,15-sep-2001,2001,Unprovoked,September,M,16.0,Injury,13:45,Other/Unknown,N
United Kingdom,Cheshire,"Blue Planet Aquarium, Ellesmere Port",Diving,13-sep-2001,2001,Provoked,September,M,,Injury,No time specified,Tiger Shark,N
Usa,Florida,"Everglades National Park, Monroe County",Fishing,08-sep-2001,2001,Provoked,September,M,44.0,Injury,No time specified,Other/Unknown,N
Usa,Florida,"Key Biscayne, Dade County",Walking in shallows,07-sep-2001,2001,Unprovoked,September,M,13.0,Minor injury,18:40,Other/Unknown,N
Usa,South Carolina,"Waites Island, Horry County",Swimming,07-sep-2001,2001,Invalid,September,F,,Injury,No time specified,Other/Unknown,N
Usa,North Carolina,"Avon, Hatteras Island, Outer Banks, Dare County",Swimming,03-sep-2001,2001,Unprovoked,September,M,28.0,Fatal,18:00,White Shark,Y
Usa,North Carolina,"Avon, Hatteras Island, Outer Banks, Dare County",Swimming,03-sep-2001,2001,Unprovoked,September,F,23.0,Severe injury,18:00,White Shark,N
Usa,Florida,"Mayport Naval Station, Jacksonville, Duval Country",Wading,02-sep-2001,2001,Unprovoked,September,M,20.0,Injury,No time specified,Other/Unknown,N
Usa,Virginia,"Sandbridge Beach, Princess Anne County",Swimming,01-sep-2001,2001,Unprovoked,September,M,10.0,Fatal,18:00,Bull Shark,Y
Bahamas,Abaco Islands,North Of Grand Cay,Spearfishing,31-aug-2001,2001,Unprovoked,August,M,44.0,Injury,13:30,Bull Shark,N
Usa,Florida,"Coquina Beach, Anna Maria Island, Manatee County",Standing,29-aug-2001,2001,Unprovoked,August,F,29.0,Injury,13:30,Other/Unknown,N
Usa,Florida,"New Smyrna Beach, Volusia County",Wading,27-aug-2001,2001,Unprovoked,August,M,69.0,Injury,16:20,Other/Unknown,N
Usa,Florida,"New Smyrna Beach, Volusia County",Boogie Boarding,26-aug-2001,2001,Unprovoked,August,M,18.0,Injury,16:00,Other/Unknown,N
Usa,Florida,"New Smyrna Beach, Volusia County",Boogie Boarding,25-aug-2001,2001,Unprovoked,August,M,18.0,Injury,14:00,Other/Unknown,N
Usa,Florida,"Daytona, Volusia County",Surfing,22-aug-2001,2001,Unprovoked,August,M,17.0,Injury,16:20,Other/Unknown,N
Usa,Florida,"New Smyrna Beach, Volusia County",Surfing,21-aug-2001,2001,Unprovoked,August,M,27.0,Injury,16:00,Other/Unknown,N
Usa,Florida,"New Smyrna Beach, Volusia County",Surfing,19-aug-2001,2001,Unprovoked,August,M,32.0,Injury,13:14,Other/Unknown,N
Usa,Florida,"New Smyrna Beach, Volusia County",Surfing,19-aug-2001,2001,Unprovoked,August,F,17.0,Injury,13:06,Other/Unknown,N
Usa,Florida,"Wilbur-By-The-Sea, Volusia County",Surfing,19-aug-2001,2001,Unprovoked,August,F,17.0,Injury,11:20,Other/Unknown,N
Usa,Florida,"New Smyrna Beach, Volusia County",Surfing,18-aug-2001,2001,Unprovoked,August,M,20.0,Injury,12:30,Blacktip Shark,N
Usa,Florida,"New Smyrna Beach, Volusia County",Surfing,18-aug-2001,2001,Unprovoked,August,M,19.0,Injury,12:05,Blacktip Shark,N
Usa,Florida,"New Smyrna Beach, Volusia County",Surfing,18-aug-2001,2001,Unprovoked,August,M,19.0,Injury,10:00,Blacktip Shark,N
Bahamas,Grand Bahama Island,"High Rock, 25 To 30 Miles East Of Freeport",Spearfishing,16-aug-2001,2001,Unprovoked,August,M,43.0,Injury,16:00,Bull Shark,N
Thailand,Rayong Province,Laem Mae Pim Beach,Fell off banana boat,12-aug-2001,2001,Unprovoked,August,M,,Injury,No time specified,Other/Unknown,N
Usa,South Carolina,"Near 70Th Avenue, Myrtle Beach, Horry County",,05-aug-2001,2001,Unprovoked,August,F,,Injury,No time specified,Other/Unknown,N
Bahamas,Grand Bahama Island,Freeport,Swimming,04-aug-2001,2001,Unprovoked,August,M,36.0,Severe injury,10:20,Other/Unknown,N
Italy,,Rimini,Fishing,03-aug-2001,2001,Watercraft,August,Unknown,,No injury,No time specified,Other/Unknown,N
Usa,South Carolina,"Myrtle Beach, Horry County",,26-jul-2001,2001,Unprovoked,July,F,,Other,No time specified,Other/Unknown,N
Usa,Florida,"Taverniier, Monroe County",,25-jul-2001,2001,Unprovoked,July,M,,Minor injury,16:00,Other/Unknown,N
Usa,Florida,"Marathon , Monroe County",,24-jul-2001,2001,Unprovoked,July,F,,Injury,No time specified,Nurse Shark,N
Usa,Massachusetts,Chatham Island,Fishing,21-jul-2001,2001,Watercraft,July,Unknown,,No injury,No time specified,Other/Unknown,N
Usa,Florida,"Santa Rosa Island, Escambia County",Surfing,15-jul-2001,2001,Unprovoked,July,M,48.0,Injury,14:30,Other/Unknown,N
Usa,Florida,"Amelia Island, Nassau County",Boogie boarding,15-jul-2001,2001,Unprovoked,July,M,18.0,Injury,14:30,Other/Unknown,N
Mexico,Baja California,Ensenada,Surfing,06-jul-2001,2001,Unprovoked,July,M,42.0,Injury,No time specified,Other/Unknown,N
Usa,Florida,Gulf Islands National Seashore,Swimming,06-jul-2001,2001,Unprovoked,July,M,8.0,Severe injury,No time specified,Bull Shark,N
Usa,South Carolina,"Isle Of Palms, Charleston County",,03-jul-2001,2001,Unprovoked,July,Unknown,,Injury,No time specified,Other/Unknown,N
Usa,Georgia,"Jekyll Island, Glynn County",Floating face-down in knee-deep water,jul-2001,2001,Unprovoked,July,M,35.0,Injury,18:30,Other/Unknown,N
Usa,Texas,Padre Island National Seashore,Swimming,12-jun-2001,2001,Unprovoked,June,M,14.0,Injury,No time specified,Other/Unknown,N
Usa,California,Catalina Island,Spearfishing,10-jun-2001,2001,Provoked,June,M,52.0,No injury,09:00,White Shark,N
Australia,New South Wales,Lord Howe Island (Island Group 440 Miles Northeast Of Sydney),Hiking on the beach,09-jun-2001,2001,Invalid,June,M,75.0,Other,No time specified,Other/Unknown,UNKNOWN
Usa,South Carolina,"Off 21St Avenue, Isle Of Palms, Charleston County",Wading,03-jun-2001,2001,Unprovoked,June,F,29.0,Injury,13:00,Other/Unknown,N
Usa,Texas,Galveston Island,,29-may-2001,2001,Unprovoked,May,M,16.0,Other,No time specified,Other/Unknown,N
Usa,South Carolina,"Coligny Beach, Hilton Head, Beaufort County",Swimming,23-may-2001,2001,Unprovoked,May,M,11.0,Injury,No time specified,Other/Unknown,N
Usa,South Carolina,"Fripp Island, Beaufort County",Swimming,20-may-2001,2001,Unprovoked,May,M,,Injury,19:00,Other/Unknown,N
Philippines,Zamboanga Del Sur Province,,Shark fishing,18-may-2001,2001,Provoked,May,M,24.0,Injury,No time specified,Other/Unknown,N
Madagascar,,Shipwrecked Ferry M/V Samsonnette,,11-may-2001,2001,Invalid,May,M,,Fatal,No time specified,Other/Unknown,UNKNOWN
South Africa,Eastern Cape Province,East London,Surfing,08-may-2001,2001,Unprovoked,May,M,26.0,Injury,No time specified,White Shark,N
Australia,New South Wales,Noraville,Surfing,04-may-2001,2001,Unprovoked,May,M,,Injury,17:45,Other/Unknown,N
Usa,Florida,"Jacksonville, Duval County",Surfing,03-may-2001,2001,Unprovoked,May,M,45.0,Injury,19:00,Other/Unknown,N
Fiji,Taveuni,,"Spearfishing, carrying his catch",may-2001,2001,Unprovoked,May,M,,Fatal,No time specified,Other/Unknown,Y
Usa,Florida,"New Smyrna Beach, Volusia County",Boogie boarding,28-apr-2001,2001,Unprovoked,April,M,14.0,Injury,15:49,Other/Unknown,N
Usa,Florida,"New Smyrna Beach, Volusia County",Surfing,13-apr-2001,2001,Unprovoked,April,M,16.0,Injury,11:00,Other/Unknown,N
Usa,Florida,"New Smyrna Beach, Volusia County",Surfing,13-apr-2001,2001,Unprovoked,April,M,12.0,Injury,10:55,Blacktip Shark,N
Usa,Florida,"Waveland Beach, Hutchinson Island, St Lucie County",,12-apr-2001,2001,Unprovoked,April,M,,Injury,16:00,Other/Unknown,N
Usa,Florida,"New Smyrna Beach, Volusia County",Surfing,12-apr-2001,2001,Unprovoked,April,M,38.0,Injury,16:45,Other/Unknown,N
Usa,Florida,"New Smyrna Beach, Volusia County",Surfing,12-apr-2001,2001,Unprovoked,April,M,21.0,Injury,16:05,Blacktip Shark,N
Usa,Florida,"New Smyrna Beach, Volusia County",Body boarding,12-apr-2001,2001,Unprovoked,April,M,12.0,Injury,12:34,Blacktip Shark,N
Usa,Florida,"New Smyrna Beach / Waveland, Volusia County",Surfing,12-apr-2001,2001,Unprovoked,April,M,22.0,Injury,11:53,Blacktip Shark,N
Usa,Florida,"New Smyrna Beach, Volusia County",Surfing,11-apr-2001,2001,Unprovoked,April,M,19.0,Minor injury,No time specified,Blacktip Shark,N
Usa,Florida,"New Smyrna Beach / Waveland, Volusia County",Surfing,11-apr-2001,2001,Unprovoked,April,M,22.0,Injury,12:46,Other/Unknown,N
Usa,Hawaii,"Ewa Beach, O'Ahu",Surfing,11-apr-2001,2001,Unprovoked,April,M,,Minor injury,07:00,White Shark,N
Usa,Florida,"New Smyrna Beach, Volusia County",Surfing,10-apr-2001,2001,Unprovoked,April,Unknown,16.0,Injury,No time specified,Blacktip Shark,N
South Africa,Eastern Cape Province,Cape St. Francis,Surfing,08-apr-2001,2001,Unprovoked,April,M,46.0,Injury,09:30,White Shark,N
Australia,New South Wales,Bronte Beach,Snorkeling,08-apr-2001,2001,Provoked,April,M,,Injury,No time specified,Wobbegong Shark,N
Usa,Florida,"Bethune Beach, South Of New Smyrna Beach, Volusia County",Standing alongside surfboard,05-apr-2001,2001,Unprovoked,April,M,26.0,Minor injury,14:45,Other/Unknown,N
Brazil,Rio Grande De Norte,"Praia De Camapum, Macau",Batin,02-ap-2001,2001,Unprovoked,April,F,12.0,Injury,No time specified,Other/Unknown,N
Australia,New South Wales,Nambucca River Entrance,Surfing,02-apr-2001,2001,Unprovoked,April,M,40.0,Injury,10:00,Bronze Whaler Shark,N
Usa,Hawaii,"Sandy Beach, Oahu",Body-boarding,23-mar-2001,2001,Unprovoked,March,M,,Minor injury,14:40,Other/Unknown,N
Usa,Florida,"Coral Cove Park, Jupiter Island, Martin County",Surfing,09-mar-2001,2001,Unprovoked,March,M,,Injury,No time specified,Other/Unknown,N
Brazil,Bahia,Nova Vicosa,Attempting to catch a crocodile,08-mar-2001,2001,Invalid,March,M,12.0,Injury,No time specified,Other/Unknown,UNKNOWN
Brazil,Pernambuco,"Boa Viagem Beach, Recife",Swimming,03-mar-2001,2001,Unprovoked,March,M,20.0,Fatal,No time specified,Other/Unknown,Y
Caribbean Sea,,Between St. Maarten & Anguilla,Sinking of the 40' Esperanza off St. Maartin with 36 refugees on board,mar-2001,2001,Sea Disaster,March,Unknown,,Other,No time specified,Tiger Shark,Y
Australia,Western Australia,Albany (Incident Took Place 200 Metres From Swimmers),Fishing for whiting,26-feb-2001,2001,Watercraft,February,Unknown,,No injury,No time specified,White Shark,N
Malaysia,Off The Western Coast Of Peninsular Malaysia,Pulau Pangkor (Pangkor Island),Unknown,11-feb-2001,2001,Invalid,February,F,,Other,No time specified,Other/Unknown,UNKNOWN
Australia,New South Wales,Broome Head,Surfing,04-feb-2001,2001,Unprovoked,February,M,40.0,Injury,16:15,Bronze Whaler Shark,N
Australia,New South Wales,South West Rocks,Kayaking,reported  24-jan-2001,2001,Watercraft,January,M,35.0,No injury,No time specified,Other/Unknown,N
Cuba,Holquin Province,Off Blau Costa Verde Resort,Swimming,24-jan-2001,2001,Unprovoked,January,F,55.0,Injury,No time specified,Other/Unknown,N
Australia,South Australia,Adelaide,Fishing,21-jan-2001,2001,Watercraft,January,Unknown,,No injury,No time specified,White Shark,N
Usa,California,"Sunset Cliffs, San Diego",Surfing,09-jan-2001,2001,Unprovoked,January,M,,Other,No time specified,Other/Unknown,N
New Zealand,North Island,Sandy Bay/Whananaki,Kayaking,06-jan-2001,2001,Watercraft,January,M,,No injury,No time specified,White Shark,N
Australia,Queensland,Flinders Cay,Scuba diving,24-dec-2000,2000,Unprovoked,December,M,23.0,Injury,No time specified,Other/Unknown,N
Fiji,Taveuni,Garden Island Resort,Swimming back from anchored sailboat,12-dec-2000,2000,Unprovoked,December,M,47.0,Fatal,14:30,Other/Unknown,Y
Australia,South Australia,"3 Km Off Port Victoria, Yorke Peninsula",Fishing for whiting,11-dec-2000,2000,Watercraft,December,Unknown,,No injury,No time specified,White Shark,N
Canada,New Brunswick,Bay Of Fundy,Diving for sea urchins,05-dec-2000,2000,Unprovoked,December,M,30.0,No injury,No time specified,Other/Unknown,N
Australia,Queensland,"Sykes Reef, Great Barrier Reef",Spearfishing,03-dec-2000,2000,Unprovoked,December,M,38.0,Injury,09:30,Bronze Whaler Shark,N
New Zealand,Cook Islands,"Arorangi, Rarotonga",Surfing,dec-2000,2000,Unprovoked,December,F,,Fatal,No time specified,Other/Unknown,Y
Australia,Queensland,Orpheus Island,Diving (shell maintenance),21-nov-2000,2000,Unprovoked,November,M,28.0,No injury,No time specified,Tiger Shark,N
Australia,South Australia,Ceduna,Shipwrecked,20-nov-2000,2000,Invalid,November,M,47.0,Other,No time specified,Other/Unknown,UNKNOWN
Usa,Florida,"Bonita Springs, Lee County",Swimming,17-nov-2000,2000,Unprovoked,November,M,73.0,Injury,12:00,Other/Unknown,N
Usa,Florida,"Vaughn Beach, Flagler County",Walking,10-nov-2000,2000,Invalid,November,F,27.0,No injury,No time specified,Other/Unknown,UNKNOWN
Australia,Western Australia,"Cottesloe Beach, Perth",Swimming,06-nov-2000,2000,Unprovoked,November,M,52.0,Injury,06:30,White Shark,N
Australia,Western Australia,"Cottesloe Beach, Perth",Swimming,06-nov-2000,2000,Unprovoked,November,M,49.0,Fatal,06:30,White Shark,Y
Usa,California,"1/4 To 1/2 M North Of The Jetty At Bunkers, Eureka, Humboldt County",Surfing,04-nov-2000,2000,Unprovoked,November,M,27.0,Injury,16:30,White Shark,N
Australia,Queensland,Peel Island,Fishing,29-oct-2000,2000,Watercraft,October,Unknown,31.0,No injury,22:00,White Shark,N
Usa,Florida,"Fort Pierce Inlet State Park, St Lucie County",Surfing,20-oct-2000,2000,Unprovoked,October,M,23.0,Injury,18:00,Other/Unknown,N
Usa,Hawaii,Olowalu,Swimming / snorkeling,18-oct-2000,2000,Unprovoked,October,F,56.0,Injury,11:20,Tiger Shark,N
Usa,Florida,"South Beach, Sebastian, Indian River County",Swimming,14-oct-2000,2000,Unprovoked,October,M,69.0,Injury,15:30,Other/Unknown,N
Usa,Florida,"Lake Worth Inlet/West Palm Beach, Palm Beach County",Surfing,09-oct-2000,2000,Unprovoked,October,M,17.0,Injury,No time specified,Other/Unknown,N
Usa,Florida,"New Smyrna Beach, Volusia County",Surfing,06-oct-2000,2000,Unprovoked,October,M,23.0,Injury,14:30,Blacktip Shark,N
Usa,Florida,"New Smyrna Beach, Volusia County",Body surfing,06-oct-2000,2000,Unprovoked,October,M,11.0,Injury,12:48,Other/Unknown,N
Usa,North Carolina,"Wrightsville Beach, New Hanover County",Surfing,02-oct-2000,2000,Unprovoked,October,M,24.0,Injury,16:30,Other/Unknown,N
Usa,California,"Mavericks, Half Moon Bay, San Mateo County",Sitting on surfboard,29-sep-2000,2000,Unprovoked,September,M,,No injury,09:00,White Shark,N
Australia,South Australia,"Black Point, Eyre Peninsula",Surfing,25-sep-2000,2000,Unprovoked,September,M,17.0,Fatal,13:00,White Shark,Y
Australia,South Australia,Cactus Beach Near Penong,Surfing,24-sep-2000,2000,Unprovoked,September,M,25.0,Fatal,07:30,White Shark,Y
Australia,New South Wales,Wollongong,Fell onto dead shark,19-sep-2000,2000,Provoked,September,M,12.0,Injury,No time specified,Other/Unknown,N
Okinawa,Miyako Island,Sunayama Beach,Surfing,16-sep-2000,2000,Unprovoked,September,M,31.0,Fatal,17:00,White Shark,Y
Usa,South Carolina,"Isle Of Palms, Charleston County",,16-sep-2000,2000,Unprovoked,September,Unknown,,Fatal,No time specified,Other/Unknown,N
Usa,Florida,"Fort Pierce Inlet, St Lucie County",Standing / surfing,15-sep-2000,2000,Unprovoked,September,M,49.0,Injury,18:00,Other/Unknown,N
Usa,Florida,"Sebastian Inlet, Indian River Or Brevard County",Surfing,12-sep-2000,2000,Unprovoked,September,F,26.0,Injury,12:00,Other/Unknown,N
Usa,Florida,"Daytona Beach Shores, Volusia County",Swimming / Body surfing,11-sep-2000,2000,Unprovoked,September,M,25.0,Injury,13:20,Other/Unknown,N
Usa,Florida,"Vero Beach, Indian River County",Swimming,10-sep-2000,2000,Unprovoked,September,M,8.0,Minor injury,17:42,Other/Unknown,N
South Africa,Western Cape Province,Dyer Island,Free diving,10-sep-2000,2000,Unprovoked,September,M,48.0,Injury,11:00,White Shark,N
Tanzania,,"Coco Beach, Dar-Es-Salaam (Reported As The 5Th Fatality In 3 Months At Coco Beach)",Swimming,08-sep-2000,2000,Unprovoked,September,M,28.0,Fatal,No time specified,Other/Unknown,Y
Usa,Florida,"New Smyrna Beach, Volusia County",Wading,08-sep-2000,2000,Unprovoked,September,M,40.0,Injury,11:45,Other/Unknown,N
Reunion,Saint-Pierre,Pic Du Diable,Surfing,08-sep-2000,2000,Unprovoked,September,M,27.0,Injury,18:05,Tiger Shark,N
Tanzania,,"Coco Beach, Dar-Es-Salaam",Swimming,early sep-2000,2000,Unprovoked,September,Unknown,,Fatal,No time specified,Other/Unknown,Y
Usa,Florida,"New Smyrna Beach, Volusia County",Swimming,31-aug-2000,2000,Unprovoked,August,M,47.0,Injury,12:35,Other/Unknown,N
Usa,Florida,"Boca Ciega Bay, Tampa, Pinellas County",Jumped into the water,30-aug-2000,2000,Unprovoked,August,M,69.0,Fatal,16:00,Bull Shark,Y
Usa,Alaska,Prince William Sound,Conducting research,reported 27-aug-2000,2000,Provoked,August,M,,Injury,No time specified,Other/Unknown,N
Usa,North Carolina,"Bouges Bank, Emerald Isle, Carteret County",Swimming out to porpoises,21-aug-2000,2000,Unprovoked,August,M,,Severe injury,No time specified,Other/Unknown,N
Usa,Hawaii,"Kanaha Beach, Maui","Windsurfing, but sitting on his board",15-aug-2000,2000,Unprovoked,August,M,53.0,Injury,11:50,Tiger Shark,N
Usa,Florida,"South Jacksonville Beach, Duval County",Surfing / Wading,13-aug-2000,2000,Unprovoked,August,M,27.0,Minor injury,16:30,Other/Unknown,N
Usa,Florida,"St. Augustine, St. Johns County",Standing,12-aug-2000,2000,Unprovoked,August,F,44.0,Severe injury,16:45,Blacktip Shark,N
Usa,North Carolina,"Emerald Isle, Carteret County",Swimming,11-aug-2000,2000,Invalid,August,M,,Fatal,20:00,Other/Unknown,UNKNOWN
Usa,Florida,Florida Keys,Attempting to illegally enter the USA,10-aug-2000,2000,Invalid,August,M,,Other,No time specified,Other/Unknown,UNKNOWN
Tanzania,,"Coco Beach, Dar-Es-Salaam",Swimming,aug-2000,2000,Unprovoked,August,Unknown,,Fatal,No time specified,Other/Unknown,Y
Usa,Florida,"New Smyrna Beach, Volusia County",,25-jul-2000,2000,Unprovoked,July,M,5.0,Minor injury,No time specified,Other/Unknown,N
Usa,Florida,"Big Pine Key, Monroe County",Snorkeling,22-jul-2000,2000,Unprovoked,July,F,45.0,Other,No time specified,Nurse Shark,N
Usa,North Carolina,"Oceanic Pier, Wrightsville Beach, New Hanover County",Surfing,17-jul-2000,2000,Unprovoked,July,M,16.0,Injury,No time specified,Other/Unknown,N
Usa,North Carolina,"Holden Beach, Brunswick County",Surfing,16-jul-2000,2000,Unprovoked,July,M,14.0,Minor injury,No time specified,Other/Unknown,N
South Africa,Eastern Cape Province,"Nahoon, East London",Surfing,16-jul-2000,2000,Unprovoked,July,M,15.0,Injury,No time specified,Other/Unknown,N
South Africa,Eastern Cape Province,Cape Recife,Surfing,15-jul-2000,2000,Unprovoked,July,M,18.0,No injury,No time specified,Other/Unknown,N
South Africa,Kwazulu-Natal,South Of Durban,Surfing,15-jul-2000,2000,Unprovoked,July,M,,No injury,No time specified,Other/Unknown,N
Tonga,Minerva Reef,Treated At Nuku-Alofa,Scuba diving,12-jul-2000,2000,Unprovoked,July,M,69.0,Injury,No time specified,Other/Unknown,N
Usa,Florida,"Daytona  Beach, Volusia County",Wading,10-jul-2000,2000,Unprovoked,July,M,13.0,Minor injury,15:45,Other/Unknown,N
Usa,Florida,"Neptune Avenue, Ormond Beach, Volusia County",Swimming,09-jul-2000,2000,Unprovoked,July,M,41.0,Injury,18:00,Other/Unknown,N
Usa,Texas,"Mustang Island, Corpus Christi",Jumping,07-jul-2000,2000,Unprovoked,July,M,5.0,Injury,No time specified,Lemon Shark,N
Usa,North Carolina,"Pine Island, Corolla, Currituck County",Playing,06-jul-2000,2000,Unprovoked,July,F,12.0,Injury,16:30,Tiger Shark,N
Usa,Florida,"Daytona Beach, Volusia County",Wading,04-jul-2000,2000,Unprovoked,July,F,20.0,Other,18:00,Other/Unknown,N
Usa,Florida,"Artifical Reef 3 Miles Off Manatee Beach, Manatee County","Spearfishing, holding mesh bag with speared fish",04-jul-2000,2000,Unprovoked,July,F,55.0,Injury,12:00,Nurse Shark,N
Usa,Florida,"Smyrna Dunes  Park, New Smyrna Beach, Volusia County",Wading,02-jul-2000,2000,Unprovoked,July,F,13.0,Injury,17:00,Other/Unknown,N
Usa,Florida,"Smyrna Dunes Park, New Smyrna Beach, Volusia County",Standing,02-jul-2000,2000,Unprovoked,July,F,19.0,Injury,14:45,Blacktip Shark,N
Tanzania,,"Coco Beach, Dar-Es-Salaam",Swimming,jul-2000,2000,Unprovoked,July,Unknown,,Fatal,No time specified,Other/Unknown,Y
Papua New Guinea,Madang Province,"Long Island Near Madang, About 500 Km (310 Miles) North Of The South Pacific Nation'S Capital Of Port Moresby",,30-jun-2000,2000,Unprovoked,June,M,,Fatal,No time specified,Other/Unknown,Y
New Zealand,North Island,"Papamoa Beach, Bay Of Plenty",Fishing,29-jun-2000,2000,Watercraft,June,M,,No injury,No time specified,Other/Unknown,N
Usa,Florida,"Seminole Avenue, Ormond Beach, Volusia County",Standing,19-jun-2000,2000,Unprovoked,June,M,52.0,Injury,07:50,Other/Unknown,N
Usa,Florida,"Pensacola Bay, Escambia County",Sailing,13-jun-2000,2000,Watercraft,June,Unknown,,No injury,14:30,Bull Shark,N
Usa,Texas,"J.P. Luby Surf Park, Corpus Christi",Surfing,10-jun-2000,2000,Unprovoked,June,M,17.0,Injury,16:00,Blacktip Shark,N
Usa,Alabama,"Gulf Shores, Baldwin County",Swimming,09-jun-2000,2000,Unprovoked,June,M,55.0,Injury,06:45,Bull Shark,N
Usa,Alabama,"Gulf Shores, Baldwin County",Swimming,09-jun-2000,2000,Unprovoked,June,M,44.0,Severe injury,06:45,Bull Shark,N
Usa,Florida,"27Th Avenue, New Smyrna Beach, Volusia County",Snorkeling,02-jun-2000,2000,Unprovoked,June,M,13.0,Injury,14:55,Other/Unknown,N
Tanzania,,"Coco Beach In Oyster Bay, 7 Km North Of Dar-Es-Salaam",Swimming,early jun-2000,2000,Unprovoked,June,M,,Fatal,No time specified,Other/Unknown,Y
New Caledonia,South Province,Mont Dore,"Air Disaster - Piper aircraft crashed into the sea, killing all on board",13-may-2000,2000,Sea Disaster,May,Unknown,,Other,No time specified,Tiger Shark,Y
Australia,Victoria,"Koonya Beach, Melbourne",,09-may-2000,2000,Invalid,May,Unknown,,Other,No time specified,Other/Unknown,UNKNOWN
Papua New Guinea,Madang Province,"Long Island Near Madang, About 500 Km (310 Miles) North Of The South Pacific Nation'S Capital Of Port Moresby",Standing,07-may-2000,2000,Unprovoked,May,M,9.0,Injury,No time specified,Other/Unknown,N
Papua New Guinea,Madang Province,"Long Island Near Madang, About 500 Km (310 Miles) North Of The South Pacific Nation'S Capital Of Port Moresby",Diving,07-may-2000,2000,Unprovoked,May,M,,Fatal,No time specified,Other/Unknown,Y
Usa,Florida,"On The South Side Of Ponce Inlet, Volusia County",Walking,14-apr-2000,2000,Unprovoked,April,M,34.0,Injury,11:57,Other/Unknown,N
Usa,Florida,"Municipal Beach, Riviera Beach, Palm Beach County",Boogie boarding / wading,09-apr-2000,2000,Unprovoked,April,M,,Injury,14:30,Other/Unknown,N
Usa,Florida,Santa Rosa Sound Escambia County,Fishing,31-mar-2000,2000,Unprovoked,March,M,,No injury,No time specified,Other/Unknown,N
Australia,Queensland,"Main Beach, Gold Coast",Swimming,30-mar-2000,2000,Unprovoked,March,M,26.0,Injury,14:00,Other/Unknown,N
Usa,Florida,"Juno Beach, Palm Beach County",Boogie boarding,26-mar-2000,2000,Unprovoked,March,F,14.0,Injury,11:15,Other/Unknown,N
Usa,Florida,"Floridana Beach, Brevard County",Surfing,24-mar-2000,2000,Unprovoked,March,M,37.0,Injury,14:00,Other/Unknown,N
New Caledonia,North Province,Poum,Spearfishing,15-mar-2000,2000,Unprovoked,March,M,35.0,Fatal,No time specified,Tiger Shark,Y
Australia,New South Wales,"Mcmasters Beach, Central Coast",Surfing,14-mar-2000,2000,Unprovoked,March,M,,No injury,19:30,Tiger Shark,N
Australia,New South Wales,Parramatta River,Rowing,10-mar-2000,2000,Watercraft,March,Unknown,,No injury,No time specified,Other/Unknown,N
Australia,New South Wales,Parramatta River,Rowing,09-mar-2000,2000,Watercraft,March,Unknown,,No injury,No time specified,Other/Unknown,N
New Zealand,North Island,Between The Kakanui River And Campbell'S Bay,Kayaking,reported      03-mar-2000,2000,Invalid,March,M,27.0,Other,No time specified,Other/Unknown,UNKNOWN
Australia,New South Wales,"Taronga Wharf, Athol Bay, Sydney Harbor",Swimming,02-mar-2000,2000,Unprovoked,March,M,,Other,No time specified,Other/Unknown,N
Usa,Louisiana,Midnight Lump (38 Miles Offshore),Spearfishing,mar-2000,2000,Unprovoked,March,M,39.0,No injury,16:00,Other/Unknown,N
Usa,Florida,"Riviera Beach, Palm Beach County",,21-feb-2000,2000,Unprovoked,February,M,27.0,Injury,No time specified,Other/Unknown,N
South Africa,Western Cape Province,Struis Bay,Body surfing,19-feb-2000,2000,Unprovoked,February,M,,Injury,14:00,White Shark,N
England,Worcestershire,The Fountain Pub In Tenbury Wells,Feeding prawns to captive sharks,14-feb-2000,2000,Provoked,February,M,,Injury,No time specified,Blacktip Shark,N
New Zealand,South Island,Oreti Beach (Reported As The 4Th Person Bitten In Nz In 2000),Surfing,03-feb-2000,2000,Unprovoked,February,M,12.0,No injury,No time specified,Other/Unknown,N
Australia,South Australia,"Point Sinclair, Cactus Beach Near Penong",Surfing,01-feb-2000,2000,Unprovoked,February,M,26.0,Injury,No time specified,Other/Unknown,N
Reunion,,Saint Pierre,Canoe with 3 men onboard sank,reported 28-jan-2000,2000,Watercraft,January,M,,Fatal,No time specified,Other/Unknown,Y
Thailand,Phang Nga Province,Phang Nga Island,Diving,05-jan-2000,2000,Unprovoked,January,M,35.0,Fatal,No time specified,Other/Unknown,Y
Usa,Florida,"Boca Grande, Lee County",Fishing for tarpon,2000,2000,Watercraft,,M,,No injury,No time specified,Other/Unknown,N
New Zealand,South Island,Oreti Beach,Surfing,31-dec-1999,1999,Unprovoked,December,M,15.0,Injury,No time specified,Other/Unknown,N
New Zealand,South Island,Oreti Beach,Swimming,31-dec-1999,1999,Unprovoked,December,F,13.0,Injury,No time specified,Other/Unknown,N
New Zealand,South Island,Oreti Beach,Bathing,31-dec-1999,1999,Unprovoked,December,F,12.0,Injury,No time specified,Other/Unknown,N
Brazil,Pernambuco,"Boa Viagem Beach, Recife",Surfing,26-dec-1999,1999,Unprovoked,December,M,18.0,Severe injury,No time specified,White Shark,N
Usa,California,"Off Ventura, Anacapa & Santa Cruz Islands",Scuba diving,14-dec-1999,1999,Invalid,December,M,,Other,No time specified,Other/Unknown,UNKNOWN
Brazil,Rio De Janeiro,"Rio De Janeiro, Guanabara Bay",Spearfishing,06-dec-1999,1999,Invalid,December,M,39.0,Injury,09:30,Other/Unknown,N
Usa,Florida,"Boynton Beach, Palm Beach County",Surfing,02-dec-1999,1999,Unprovoked,December,M,35.0,Injury,12:30,Other/Unknown,N
Usa,Florida,"Palm Beach, Palm Beach County",Surfing,30-nov-1999,1999,Unprovoked,November,M,19.0,Injury,15:30,Other/Unknown,N
Usa,Hawaii,"Big Island Off Kona Village Resort, North Kona",Swimming,23-nov-1999,1999,Unprovoked,November,F,51.0,Injury,17:20,Tiger Shark,N
Usa,California,"Waddell Reef, Santa Cruz County",Surfing (sitting on his board),15-nov-1999,1999,Unprovoked,November,M,,No injury,No time specified,White Shark,N
South Africa,Kwazulu-Natal,Umtentweni,Surfing,13 -nov-1999,1999,Unprovoked,November,M,35.0,Injury,No time specified,White Shark,N
Brazil,Rio De Janeiro,"Rio De Janeiro, Guanabara Bay","Spearfishing, but swimming at surface",06-nov-1999,1999,Unprovoked,November,M,39.0,Injury,10:30,Other/Unknown,N
Marshall Islands,Alinglaplap Atoll,Island J4H,Swimming,nov-1999,1999,Unprovoked,November,M,12.0,Injury,No time specified,Other/Unknown,N
Marshall Islands,Alinglaplap Atoll,Island J4H,Swimming,nov-1999,1999,Unprovoked,November,M,12.0,Injury,No time specified,Other/Unknown,N
Usa,Florida,"Daytona Beach, Volusia County",Body boarding,30-oct-1999,1999,Unprovoked,October,M,45.0,Injury,17:30,Other/Unknown,N
Usa,Florida,"Gulfstream Park Beach, Palm Beach County",Body surfing,30-oct-1999,1999,Unprovoked,October,M,13.0,Other,15:00,Other/Unknown,N
Usa,Florida,"Pet Den, Satellite Beach, Brevard County",Surfing,20-oct-1999,1999,Unprovoked,October,M,,Injury,No time specified,Lemon Shark,N
Usa,Hawaii,Old Kona Airport State Park,"Surfing, lying on surfboard",01-oct-1999,1999,Unprovoked,October,M,16.0,Injury,18:30,Tiger Shark,N
Usa,Florida,"South Side Of Ponce De Leon Inlet, Volusia County",Wading to shore after surfing,29-sep-1999,1999,Unprovoked,September,M,22.0,Injury,18:45,Other/Unknown,N
Italy,Adriatic Sea,San Benedetto,Fishing,24-sep-1999,1999,Watercraft,September,Unknown,,No injury,No time specified,White Shark,N
Usa,California,"North Of Pidgeon Point, San Mateo County",Kayaking,19-sep-1999,1999,Watercraft,September,M,37.0,No injury,18:30,White Shark,N
Usa,Florida,"Cape Canaveral, Brevard County",Wading,reported 16-sep-1999,1999,Unprovoked,September,F,61.0,Injury,No time specified,Other/Unknown,N
Usa,South Carolina,"Isle Of Palms, Charleston County",Wading,10-sep-1999,1999,Unprovoked,September,F,10.0,Injury,No time specified,Other/Unknown,N
Usa,Florida,"Fort Pierce Inlet, St. Lucie County",Surfing,05-sep-1999,1999,Unprovoked,September,M,13.0,Injury,No time specified,Other/Unknown,N
Usa,Florida,"World Typhoon Lagoon, Disney Water Park, Orange County",Wading,04-sep-1999,1999,Provoked,September,M,7.0,Other,No time specified,Other/Unknown,N
Usa,Florida,"Ponce Inlet, Volusia County",Wading with surfboard,04-sep-1999,1999,Unprovoked,September,M,39.0,Injury,19:00,Other/Unknown,N
Usa,Florida,"Bethune Beach, South Of New Smyrna Beach, Volusia County",Surfing,26-aug-1999,1999,Unprovoked,August,M,28.0,Injury,14:30,Other/Unknown,N
Usa,North Carolina,"Fort Fisher, New Hanover County",Surfing,24-aug-1999,1999,Unprovoked,August,M,,Injury,No time specified,Other/Unknown,N
Marshall Islands,Ralik Chain,Kwajalein Atoll,Fishing,23-aug-1999,1999,Unprovoked,August,M,23.0,Injury,No time specified,Other/Unknown,N
Usa,Florida,"Ponce Inlet, Volusia County",Surfing,21-aug-1999,1999,Unprovoked,August,M,17.0,Injury,18:40,Other/Unknown,N
Usa,South Carolina,"Grand Strand, Myrtle Beach, Horry County",Lying prone in 2' of water,16-aug-1999,1999,Unprovoked,August,M,10.0,Injury,17:40,Other/Unknown,N
Usa,Florida,"New Smyrna Beach, Volusia County",Body surfing,05-aug-1999,1999,Unprovoked,August,M,62.0,Injury,11:25,Other/Unknown,N
Bahamas,Abaco Islands,Grand Cay,Spearfishing & holding catch,05-aug-1999,1999,Unprovoked,August,M,35.0,Injury,17:00,Bull Shark,N
South Africa,Western Cape Province,Kogebaai,Surfing,29-jul-1999,1999,Unprovoked,July,M,42.0,Injury,14:00,White Shark,N
Usa,Florida,"Two Miles Off Key Colony Beach, Monroe County",Swimming with dolphins,26-jul-1999,1999,Unprovoked,July,M,43.0,Injury,18:25,Bull Shark,N
Usa,Hawaii,Honoli'I In Hilo (West Side Of Big Island),Surfing,21-jul-1999,1999,Unprovoked,July,M,43.0,Injury,10:28,Tiger Shark,N
South Africa,Western Cape Province,Buffels Bay (Near Knysna),Boogie boarding,15-jul-1999,1999,Unprovoked,July,M,14.0,Fatal,11:15,White Shark,Y
Usa,South Carolina,Charleston,,06-jul-1999,1999,Unprovoked,July,M,,Injury,No time specified,Other/Unknown,N
Usa,Florida,"Pensacola  Beach, Escambia County",Wading in school of baitfish,04-jul-1999,1999,Unprovoked,July,F,30.0,Injury,No time specified,Blacktip Shark,N
South Africa,Eastern Cape Province,"Cintsa East, East London",Surfing,03-jul-1999,1999,Unprovoked,July,M,29.0,Injury,No time specified,White Shark,N
Usa,Florida,"11 Miles Off Dog Island In The Gulf Of Mexico, Franklin County",Adrift in a life jacket,19-jun-1999,1999,Unprovoked,June,M,20.0,Injury,No time specified,Other/Unknown,N
Usa,Florida,"South Of Ponce Inlet, Volusia County",Surfing,17-jun-1999,1999,Unprovoked,June,M,21.0,Injury,09:15,Other/Unknown,N
Usa,Florida,"Atlantiic Beach, Duval County",Swimming,12-jun-1999,1999,Unprovoked,June,M,41.0,Injury,13:15,Other/Unknown,N
Usa,Florida,"Atlantic Dunes Park, Delray Beach, Palm Beach County",Splashing / wading,09-jun-1999,1999,Unprovoked,June,M,5.0,Injury,16:00,Blacktip Shark,N
Australia,South Australia,"Hardwicke Bay, Yorke Peninsula",Windsurfing,29-may-1999,1999,Unprovoked,May,M,22.0,Fatal,14:30,White Shark,Y
Brazil,Pernambuco,"Boa Viagem Beach, Recife",Surfing,01-may-1999,1999,Unprovoked,May,M,21.0,Injury,No time specified,Tiger Shark,N
Mauritius,Grand Baie,Pointe Aux Canonniers,Swimming,22-apr-1999,1999,Unprovoked,April,F,41.0,Injury,06:00,Other/Unknown,N
Reunion,L' Etang Salé-Les-Bains,Roche-Aux-Oiseaux,Swimming after being swept into sea by a large wave,11-apr-1999,1999,Unprovoked,April,M,52.0,Fatal,10:30,Bull Shark,Y
Usa,Florida,"Hobe Sound Beach, Palm Beach County",Surfing,01-apr-1999,1999,Unprovoked,April,M,14.0,Injury,No time specified,Other/Unknown,N
New Zealand,South Island,Codfish Island (Whenua Hau) West Of Stewart Island,Spearfishing & diving for paua,reported 18-mar-1999,1999,Unprovoked,March,M,,No injury,No time specified,Other/Unknown,N
Brazil,Rio Grande De Norte,Atol Das Rochas,Scientific research (Dr. Sonny Gruber's student),18-mar-1999,1999,Provoked,March,M,,Other,No time specified,Other/Unknown,N
Usa,Hawaii,"Olowalu Side Of Lahina, Maui","Swimming, towing a kayak",18-mar-1999,1999,Unprovoked,March,F,29.0,Fatal,20:30,Other/Unknown,Y
New Caledonia,Loyalty Islands,Ouvea,Spearfishing,14-mar-1999,1999,Unprovoked,March,M,,Injury,No time specified,Other/Unknown,N
New Zealand,,,Fishing,14-mar-1999,1999,Provoked,March,M,28.0,Injury,No time specified,Other/Unknown,N
Usa,Hawaii,"Kealia Beach, Kaua'I",Body surfing or body boarding,08-mar-1999,1999,Unprovoked,March,M,18.0,Other,No time specified,Other/Unknown,N
Usa,Hawaii,"Quarter Mile Offshore In Kaanapali, West Maui",Swimming near pod of whales,05-mar-1999,1999,Unprovoked,March,F,29.0,Other,10:45,Other/Unknown,N
Usa,North Carolina,Frying Pan Shoals,Cruising,26-feb-1999,1999,Watercraft,February,Unknown,,No injury,No time specified,Other/Unknown,N
Australia,New South Wales,Scotts Head,Surfing,23-feb-1999,1999,Unprovoked,February,M,35.0,Injury,No time specified,Tiger Shark,N
Usa,Florida,"Hobe Sound, Martin County",Surfing,03-feb-1999,1999,Unprovoked,February,M,25.0,Injury,15:30,Other/Unknown,N
Mauritius,,Belle-Mare,Spearfishing,29-jan-1999,1999,Unprovoked,January,M,47.0,Injury,No time specified,Bull Shark,N
South Africa,Eastern Cape Province,Bonza Beach,Paddle Skiing,13-jan-1999,1999,Unprovoked,January,M,,No injury,No time specified,White Shark,N
New Zealand,North Island,"Papamoa, Near Tauranga, Bay Of Plenty",Inflatable boat,01-jan-1999,1999,Watercraft,January,Unknown,,No injury,No time specified,Other/Unknown,N
Australia,Northern Territory,Gulf Of Carpenteria,Fishing,reported 03-jan-1999,1999,Invalid,January,F,37.0,Injury,No time specified,Other/Unknown,UNKNOWN
Reunion,Saint-Leu,Pointe Au Sel,Spearfishing,03-jan-1999,1999,Unprovoked,January,Unknown,,Fatal,No time specified,Bull Shark,Y
South Africa,Western Cape Province,"Hospital Rock, Dyers Island",Spearfishing,1999,1999,Unprovoked,,M,30.0,Injury,12:00,White Shark,N
Usa,Virginia,"Sandridge Beach, Virginia Beach, Princess Anne County",Body surfing,,1999,Invalid,,M,,Minor injury,No time specified,Other/Unknown,UNKNOWN
Usa,Florida,"Ormond Beach, Volusia County",Surfing,24-dec-1998,1998,Provoked,December,M,19.0,Injury,08:30,Other/Unknown,N
Australia,South Australia,Middleton Beach,Standing,22-dec-1998,1998,Unprovoked,December,F,21.0,Injury,15:30,Other/Unknown,N
South Africa,Eastern Cape Province,"King'S Beach, Port Elizabeth",Surfing,reported 20-dec-1998,1998,Unprovoked,December,M,18.0,Injury,17:00,White Shark,N
South Africa,Eastern Cape Province,Kei River Mouth,Splashing,18-dec-1998,1998,Unprovoked,December,M,14.0,Injury,No time specified,Other/Unknown,N
Australia,South Australia,Middleton Beach,Surfing,15-dec-1998,1998,Unprovoked,December,F,21.0,Injury,No time specified,Other/Unknown,N
Usa,Florida,"Ocean Beach, Jaycee Park, Vero Beach, Indian River County",Swimming,21-nov-1998,1998,Unprovoked,November,M,9.0,Fatal,14:00,Tiger Shark,Y
Usa,Florida,"New Smyrna Beach, Volusia County",Surfing,14-nov-1998,1998,Unprovoked,November,M,14.0,Injury,08:45,Other/Unknown,N
Usa,Florida,"South Beach Park, Indian River County",Walking,11-nov-1998,1998,Unprovoked,November,M,13.0,Other,17:00,Other/Unknown,N
Usa,Oregon,Winchester Bay,Surfing,05-nov-1998,1998,Unprovoked,November,M,32.0,No injury,No time specified,White Shark,N
Japan,Southern Japan,460 Miles Off Iwakuni,Fishing for tuna,02-nov-1998,1998,Provoked,November,M,52.0,Injury,No time specified,Other/Unknown,N
Brazil,Pernambuco,"Boa Viagem Beach, Recife",Surfing,02-nov-1998,1998,Unprovoked,November,M,22.0,Fatal,No time specified,White Shark,Y
Usa,Florida,"Jupiter Beach, Palm Beach County",Swimming,24-oct-1998,1998,Unprovoked,October,F,17.0,Minor injury,No time specified,Other/Unknown,N
South Africa,Eastern Cape Province,Glengariff,Surfing,18-oct-1998,1998,Unprovoked,October,M,30.0,No injury,No time specified,Other/Unknown,N
Usa,Florida,"Sebastian Inlet, Indian River County",Surfing,10-oct-1998,1998,Unprovoked,October,M,,Injury,No time specified,Other/Unknown,N
Brazil,Pernambuco,"Boa Viagem Beach, Recife",Surfing,04-oct-1998,1998,Unprovoked,October,M,17.0,Injury,No time specified,Other/Unknown,N
Reunion,Saint-Benoît,,Diving,01-oct-1998,1998,Unprovoked,October,Unknown,,Other,No time specified,Other/Unknown,N
Usa,Florida,"New Smyrna Beach, Volusia County",,01-oct-1998,1998,Unprovoked,October,M,28.0,Injury,14:30,Other/Unknown,N
Usa,Florida,"The Rocks, Hutchinson Island, Martin County",Surfing,27-sep-1998,1998,Unprovoked,September,M,6.0,Injury,No time specified,Other/Unknown,N
Usa,Florida,"New Smyrna Beach, Volusia County",Surfing,22-sep-1998,1998,Unprovoked,September,M,18.0,Injury,15:35,Other/Unknown,N
South Africa,Eastern Cape Province,Kowie River,Fishing / washing bait off hands,reported 16-sep-1998,1998,Unprovoked,September,M,,Injury,No time specified,Other/Unknown,N
Usa,Florida,"Stuart Beach, Martin County",Surfing,14-sep-1998,1998,Unprovoked,September,M,28.0,Injury,No time specified,Other/Unknown,N
Senegal,Cap Vert Peninsula,Yoff Island,Spearfishing,sep-1998,1998,Provoked,September,M,25.0,Injury,No time specified,Other/Unknown,N
Usa,Florida,"Ponce Inlet, Volusia County",Surfing,30-aug-1998,1998,Unprovoked,August,M,26.0,Injury,20:15,Other/Unknown,N
Italy,Marches Region,12 Miles Off Senigallia (Adriatic Sea),Fishing,27-aug-1998,1998,Invalid,August,Unknown,,No injury,No time specified,Other/Unknown,UNKNOWN
Usa,California,"Stinson Beach, Marin County",Boogie boarding,26-aug-1998,1998,Unprovoked,August,M,16.0,Injury,14:16,White Shark,N
Usa,Virginia,Virginia Beach,Spearfishing,reported      23-aug-1998,1998,Unprovoked,August,M,,Injury,No time specified,Other/Unknown,N
Bahamas,Berry Islands,Ambergris Cay,Spearfishing,15-aug-1998,1998,Unprovoked,August,M,28.0,Injury,16:30,Other/Unknown,N
Usa,Florida,"Ponce Inlet, Volusia County",Body-boarding,13-aug-1998,1998,Unprovoked,August,M,11.0,Injury,No time specified,Other/Unknown,N
South Africa,Transvaal,"National Zoological Gardens Aquarium, Pretoria",Moving a shark in a net,12-aug-1998,1998,Provoked,August,M,,Injury,No time specified,Tiger Shark,N
South Africa,Western Cape Province,"Buffalo Bay, Near Knysna",Surfing (or body boarding),01-aug-1998,1998,Unprovoked,August,M,19.0,Injury,No time specified,White Shark,N
South Africa,Western Cape Province,Pringle Bay,Spearfishing,01-aug-1998,1998,Unprovoked,August,M,24.0,Injury,13:00,White Shark,N
Brazil,Pernambuco,"Boa Viagem, Recife",Surfing,26-jul-1998,1998,Unprovoked,July,M,,Injury,17:30,Other/Unknown,N
Usa,Florida,"New Smyrna Beach, Volusia County",Surfing,25-jul-1998,1998,Unprovoked,July,M,13.0,Injury,No time specified,Other/Unknown,N
South Africa,Western Cape Province,Plettenberg Bay,Wading,06-jul-1998,1998,Unprovoked,July,M,47.0,Injury,No time specified,Raggedtooth Shark,N
South Africa,Eastern Cape Province,St. Francis Bay,Surfing,11-jul-1998,1998,Unprovoked,July,M,16.0,Injury,No time specified,Other/Unknown,N
South Africa,Western Cape Province,Plettenberg Bay,Surfing,06-jul-1998,1998,Unprovoked,July,M,10.0,Injury,No time specified,Raggedtooth Shark,N
Australia,South Australia,South Neptune Island,Free diving for abalone,28-jun-1998,1998,Unprovoked,June,M,26.0,Fatal,14:00,White Shark,Y
South Africa,Eastern Cape Province,"Gonubie, 13 Km Northeast Of East London",Body Boarding,22-jun-1998,1998,Unprovoked,June,M,20.0,Fatal,09:55,White Shark,Y
Usa,Florida,"Daytona Beach, Volusia County",Surfing,08-jun-1998,1998,Unprovoked,June,M,18.0,Injury,18:00,Other/Unknown,N
South Africa,Eastern Cape Province,Jeffrey'S Bay,Surfing,05-jun-1998,1998,Unprovoked,June,M,,Other,No time specified,Other/Unknown,N
South Africa,Eastern Cape Province,Pollock Beach,Surfing,30-may-1998,1998,Unprovoked,May,M,17.0,Minor injury,No time specified,Other/Unknown,N
South Africa,Eastern Cape Province,Sardinia Bay Near Port Elizabeth,Body boarding,29-may-1998,1998,Unprovoked,May,M,15.0,Injury,No time specified,White Shark,N
South Africa,Eastern Cape Province,Jeffreys Bay,Body boarding,29-may-1998,1998,Unprovoked,May,M,16.0,Injury,No time specified,Other/Unknown,N
Usa,Florida,"New Smyrna Beach, Volusia County",Surfing,25-may-1998,1998,Unprovoked,May,M,40.0,Injury,11:10,Lemon Shark,N
Usa,Florida,"Pecks Lake, Martin County",Swimming,16-may-1998,1998,Unprovoked,May,F,14.0,Injury,14:30,Blacktip Shark,N
Usa,Florida,"Walden Rocks, St. Lucie County",Swimming / surfing,16-may-1998,1998,Unprovoked,May,M,24.0,Injury,15:00,Other/Unknown,N
South Africa,Western Cape Province,Keurbooms,Body boarding,16-may-1998,1998,Unprovoked,May,M,22.0,Severe injury,14:45,White Shark,N
Mozambique,Gaza,"Bilene Bay, 180 Km North Of Maputo",Towing rubber dinghy,26-apr-1998,1998,Unprovoked,April,F,35.0,Fatal,15:05,Other/Unknown,Y
Usa,Oregon,Gleneden Beach,Surfing (lying prone on his board),21-apr-1998,1998,Unprovoked,April,M,50.0,Injury,09:30,White Shark,N
Usa,Florida,"Marathon, Monroe County",Scuba diving,17-apr-1998,1998,Provoked,April,M,16.0,Other,No time specified,Nurse Shark,N
Brazil,Pernambuco,"Boa Viagem, Recife",Swimming,01-apr-1998,1998,Unprovoked,April,M,,Fatal,No time specified,Other/Unknown,Y
New Caledonia,,Île De Sable,,apr-1998,1998,Unprovoked,April,Unknown,,Injury,No time specified,Other/Unknown,N
Usa,Florida,"Jensen Beach Park, Martin County",Swimming,31-mar-1998,1998,Unprovoked,March,M,40.0,Injury,15:30,Other/Unknown,N
South Africa,Western Cape Province,Saldanha Bay,Snorkeling – hunting crayfish and abalone,15-mar-1998,1998,Unprovoked,March,M,33.0,Injury,17:30,White Shark,N
Usa,Florida,"Loggerhead Park, Juno Beach, Palm Beach County",Swimming or paddle boarding,08-mar-1998,1998,Unprovoked,March,M,32.0,Injury,No time specified,Other/Unknown,N
Usa,Florida,"Jensen Beach, Martin County",Swimming,23-feb-1998,1998,Unprovoked,February,M,,Injury,09:35,Other/Unknown,N
Australia,New South Wales,Whale Beach,Spearfishing,reported 28-jan-1998,1998,Invalid,January,M,31.0,Other,20:00,Other/Unknown,UNKNOWN
New Caledonia,South Province,L'Anse-Vata,Windsurfing,jan-1998,1998,Unprovoked,January,M,,No injury,No time specified,Other/Unknown,N
Reunion,Grand'Anse,,Bathing,25-jan-1998,1998,Unprovoked,January,M,,Fatal,No time specified,Other/Unknown,Y
South Africa,Eastern Cape Province,East London,Surfing,25-jan-1998,1998,Unprovoked,January,M,21.0,Injury,No time specified,Other/Unknown,N
Australia,South Australia,Middleton Beach,Surfing,17-jan-1998,1998,Unprovoked,January,M,,Injury,No time specified,Other/Unknown,N
Mozambique,Maputo Province,Ponta Do Ouro,Surfing,14-jan-1998,1998,Unprovoked,January,M,23.0,Injury,13:15,Other/Unknown,N
South Africa,Eastern Cape Province,Hole-In-The Wall,Surfing,1998,1998,Unprovoked,,M,28.0,Fatal,No time specified,Other/Unknown,Y
Reunion,Beaufonds,,Diving,,1998,Unprovoked,,Unknown,,Fatal,No time specified,Other/Unknown,Y
Usa,Virginia,"Wreck Of The Navy Barge, 22 Miles Se Of Rudee",Spearfishing on scuba & transferring fish onto a stringer,1998,1998,Unprovoked,,M,,Other,No time specified,Tiger Shark,N
South Africa,Western Cape Province,"Pringle Bay, 44 Miles Southeast Of Cape Town",Spearfishing,28-dec-1997,1997,Unprovoked,December,M,39.0,Fatal,14:00,White Shark,Y
South Africa,Eastern Cape Province,St. Francis Bay,Sitting on surfboard,28-dec-1997,1997,Unprovoked,December,M,,Injury,No time specified,Other/Unknown,N
Usa,Florida,"Fort Lauderdale, Broward County",,25-dec-1997,1997,Invalid,December,F,29.0,Injury,No time specified,Other/Unknown,UNKNOWN
Usa,Florida,"Hollywood Beach, Broward County",Swimming,25-dec-1997,1997,Unprovoked,December,M,8.0,Injury,No time specified,Other/Unknown,N
Australia,Western Australia,Albany,Scuba diving (submerged riding a scooter),09-nov-1997,1997,Unprovoked,November,M,42.0,Injury,No time specified,White Shark,N
Usa,Florida,,Swimming,reported 05-nov-1997,1997,Unprovoked,November,M,32.0,Injury,No time specified,Other/Unknown,N
Australia,New South Wales,Botany Bay?,Unknown,05-nov-1997,1997,Invalid,November,M,21.0,Other,No time specified,Other/Unknown,UNKNOWN
Australia,Western Australia,"Cottesloe Beach, Perth",Surf-skiing,28-oct-1997,1997,Unprovoked,October,M,51.0,Minor injury,No time specified,White Shark,N
Usa,Hawaii,"Waiokapua Bay/Majors Bay, Brennecke Beach, Poipu, Kaua'I Island",Body boarding or surfing,28-oct-1997,1997,Unprovoked,October,M,19.0,Severe injury,07:20,Tiger Shark,N
Usa,Florida,"North Jetty, Fort Pierce Inlet State Park, St. Lucie County",Surfing,24-oct-1997,1997,Unprovoked,October,M,23.0,Injury,17:15,Blacktip Shark,N
Usa,Florida,"North Jetty, Fort Pierce Inlet State Park, St. Lucie County",Surfing,21-oct-1997,1997,Unprovoked,October,M,12.0,Injury,18:00,Other/Unknown,N
South Africa,Eastern Cape Province,Off Port Alfred,Fishingat,reported 11-oct-1997,1997,Watercraft,October,Unknown,,No injury,No time specified,Other/Unknown,N
Usa,Florida,"Daytona Beach, Volusia County",Swimming,04-oct-1997,1997,Unprovoked,October,F,14.0,Injury,08:30,Other/Unknown,N
Brazil,Pernambuco,"Boa Viagem, Recife",Swimming,16-sep-1997,1997,Unprovoked,September,M,20.0,Fatal,No time specified,Other/Unknown,Y
Usa,Florida,Volusia County,Surfing,09-sep-1997,1997,Unprovoked,September,M,12.0,Injury,17:15,Other/Unknown,N
Usa,Florida,"New Smyrna Beach, Volusia County",Surfing,08-sep-1997,1997,Unprovoked,September,Unknown,17.0,Injury,No time specified,Blacktip Shark,N
Usa,Florida,"New Smyrna Beach, Volusia County",Surfing,06-sep-1997,1997,Unprovoked,September,M,20.0,Injury,15:20,Other/Unknown,N
Usa,Florida,"New Smyrna Beach, Volusia County",Surfing,30-aug-1997,1997,Unprovoked,August,M,18.0,Injury,13:00,Other/Unknown,N
Usa,Florida,"New Smyrna Beach, Volusia County",Walking / surfing,27-aug-1997,1997,Unprovoked,August,M,22.0,Injury,11:20,Other/Unknown,N
Usa,California,"Clam Beach, Near Eureka, Humboldt County",Surfing (sitting on his board),24-aug-1997,1997,Unprovoked,August,M,29.0,Injury,12:30,White Shark,N
Mexico,Quintana Roo,"Santa Rosa, Cozumel",SCUBA diving,14-aug-1997,1997,Invalid,August,M,28.0,Fatal,No time specified,Other/Unknown,UNKNOWN
Mexico,Quintana Roo,"Santa Rosa, Cozumel",SCUBA diving,14-aug-1997,1997,Unprovoked,August,M,33.0,Fatal,No time specified,Tiger Shark,Y
Usa,Florida,"New Smyrna Beach, Volusia County",Floating on raft,11-aug-1997,1997,Unprovoked,August,F,12.0,Injury,14:16,Other/Unknown,N
Egypt,Red Sea,Safaga,Fishing,11-aug-1997,1997,Unprovoked,August,M,17.0,Injury,No time specified,Other/Unknown,N
Egypt,Red Sea,Safaga,Fishing,11-aug-1997,1997,Unprovoked,August,M,16.0,Fatal,No time specified,White Shark,Y
Usa,Florida,"New Smyrna Beach, Volusia County",Boogie boarding,10-aug-1997,1997,Unprovoked,August,M,17.0,Injury,11:48,Other/Unknown,N
Usa,Florida,"New Smyrna Beach, Volusia County",Surfing,09-aug-1997,1997,Unprovoked,August,M,,Injury,17:15,Other/Unknown,N
Usa,Texas,"East Beach, Galveston",Wading,05-aug-1997,1997,Unprovoked,August,F,10.0,Injury,No time specified,Other/Unknown,N
Usa,Florida,"Carysfort Lighthouse, Key Largo, Monroe County",Wade-fishing,04-aug-1997,1997,Unprovoked,August,M,,Injury,No time specified,Other/Unknown,N
Usa,Florida,"New Smyrna Beach, Volusia County",Body surfing,02-aug-1997,1997,Unprovoked,August,M,17.0,Injury,15:45,Other/Unknown,N
Usa,Florida,"New Smyrna Beach, Volusia County",Wading / Surfing,02-aug-1997,1997,Unprovoked,August,M,19.0,Injury,09:15,Other/Unknown,N
Australia,Queensland,"Pincushion, North Of Maroochydore Beach",Surfing,27-jul-1997,1997,Unprovoked,July,M,19.0,Injury,14:25,Other/Unknown,N
South Africa,Eastern Cape Province,"Breezy Point, Ntlonyana",Surfing,21-jul-1997,1997,Unprovoked,July,M,25.0,Fatal,12:45,White Shark,Y
Brazil,Pernambuco,"Boa Viagem, Recife",Surfing,17-jul-1997,1997,Unprovoked,July,M,,Other,No time specified,Other/Unknown,N
Usa,South Carolina,"Myrtle Beach, Horry County",Standing,14-jul-1997,1997,Unprovoked,July,M,50.0,Injury,No time specified,Blacktip Shark,N
Okinawa,Miyako,Hirara,Fishing for octopus,12-jul-1997,1997,Unprovoked,July,M,55.0,Fatal,No time specified,White Shark,Y
Brazil,Pernambuco,Paiva,Surfing,2-jul-1997,1997,Unprovoked,July,Unknown,,Injury,No time specified,Other/Unknown,N
Usa,Hawaii,"Sunset Beach, Oahu",Spearfishing / night diving,24-jun-1997,1997,Unprovoked,June,M,,Injury,23:00,Other/Unknown,N
Fiji,Taveuni,Off A Small Island 5 Km From Garden Island Resort,Snorkeling,15-jun-1997,1997,Unprovoked,June,F,47.0,Severe injury,14:30,Tiger Shark,N
Usa,Florida,Palm Beach County,Surfing,09-jun-1997,1997,Unprovoked,June,M,18.0,Injury,18:00,Other/Unknown,N
Brazil,Rio De Janeiro,"Copacabana, Rio De Janeiro",Bathing,07-jun-1997,1997,Unprovoked,June,M,,Unknown,No time specified,Other/Unknown,UNKNOWN
Usa,Florida,"Daytona Beach Shores,  Volusia County","Body surfing, stood up on sandbar",02-jun-1997,1997,Unprovoked,June,M,33.0,Injury,10:25,Other/Unknown,N
Usa,Florida,In Gulf Of Mexico 17 Miles Off Weeki Wachee,Spearfishing,31-may-1997,1997,Unprovoked,May,M,35.0,Injury,No time specified,Other/Unknown,N
Usa,Florida,"Flagler Beach, Flagler County",Surfing,31-may-1997,1997,Unprovoked,May,M,34.0,Injury,11:00,Other/Unknown,N
Usa,Florida,"Flagler Beach, Flagler County",Surfing,31-may-1997,1997,Unprovoked,May,M,12.0,Injury,11:00,Other/Unknown,N
Bahamas,Abaco Islands,Powell Cay,Spearfishing,26-may-1997,1997,Unprovoked,May,M,54.0,Injury,No time specified,Other/Unknown,N
Bahamas,Abaco Islands,Walkers Cay,Spearfishing,17-may-1997,1997,Unprovoked,May,M,,Injury,No time specified,Other/Unknown,N
Brazil,Rio De Janeiro,"Manguinhos, Ilha Feia, Búzios",Windsurfing,20-apr-1997,1997,Unprovoked,April,M,22.0,Injury,No time specified,White Shark,N
Australia,Queensland,"Carrara, Nerang River",Swimming,28-feb-1997,1997,Unprovoked,February,F,21.0,Injury,No time specified,Other/Unknown,N
Australia,Queensland,Whitsunday Passage,Scuba diving,28-feb-1997,1997,Unprovoked,February,M,30.0,Injury,No time specified,Tiger Shark,N
Usa,Hawaii,"Sunset Beach, O'Ahu",,21-feb-1997,1997,Unprovoked,February,M,,Unknown,No time specified,Other/Unknown,UNKNOWN
Reunion,L'Etang-Sale,,,20-feb-1997,1997,Unprovoked,February,M,,Injury,No time specified,Other/Unknown,N
Australia,New South Wales,"Iron Cove, Sydney",Rowing,03-feb-1997,1997,Watercraft,February,F,49.0,Other,No time specified,Other/Unknown,N
Australia,Queensland,"Whitehaven Beach, Whitsundays Island",Snorkeling,25-jan-1997,1997,Unprovoked,January,M,27.0,Injury,11:00,Other/Unknown,N
Australia,Western Australia,Geraldton,Windsurfing,20-jan-1997,1997,Unprovoked,January,M,41.0,Fatal,18:00,Tiger Shark,Y
Reunion,,La Pointe-Au-Sel,Spearfishing,03-jan-1997,1997,Unprovoked,January,M,,Fatal,No time specified,Bull Shark,Y
Australia,Victoria,"Seal Rocks, Phillip Island",Watching seals,01-jan-1997,1997,Watercraft,January,Unknown,,No injury,No time specified,White Shark,N
Australia,Queensland,Coolum Beach,Surfing,29-dec-1996,1996,Unprovoked,December,M,18.0,Unknown,18:00,Other/Unknown,UNKNOWN
South Africa,Eastern Cape Province,"Duck Pond, Sardina Bay Near Port Elizabeth",Surfing,10-dec-1996,1996,Unprovoked,December,M,,Injury,16:15,White Shark,N
New Caledonia,,,Spearfishing,dec-1996,1996,Unprovoked,December,M,,Fatal,No time specified,Other/Unknown,Y
New Caledonia,South Province,L'Llot Maetre,Attempting to attract dolphins,dec-1996,1996,Unprovoked,December,F,,Injury,No time specified,Other/Unknown,N
Usa,California,"Salmon Creek Beach, Sonoma County",Surfing,29-nov-1996,1996,Unprovoked,November,M,45.0,Injury,08:30,White Shark,N
Usa,Florida,"Coral Cove Park, Palm Beach County",Surfing,18-nov-1996,1996,Unprovoked,November,M,26.0,Injury,17:00,Other/Unknown,N
Brazil,Pernambuco,Barra De Jangada,Surfing,28-oct-1996,1996,Unprovoked,October,Unknown,,Injury,No time specified,Other/Unknown,N
Brazil,Pernambuco,Barra De Jangada,Surfing,28-oct-1996,1996,Unprovoked,October,M,,Other,No time specified,Other/Unknown,N
Okinawa,Miyako Island,Boragawa Beach,Swimming or snorkeling,09-oct-1996,1996,Unprovoked,October,M,,Fatal,No time specified,Other/Unknown,Y
Usa,California,"Dillon Beach, Marin County",Surfing,05-oct-1996,1996,Unprovoked,October,M,22.0,Injury,13:00,White Shark,N
Usa,Florida,"Cocoa Beach, Brevard County",Surfing,03-oct-1996,1996,Unprovoked,October,M,21.0,Injury,08:30,Other/Unknown,N
Usa,California,"North Salmon Creek Beach, Sonoma County",Surfing,03-oct-1996,1996,Unprovoked,October,M,31.0,No injury,07:19,White Shark,N
Brazil,Pernambuco,,,oct-1996,1996,Unprovoked,October,Unknown,,Other,No time specified,Other/Unknown,N
Usa,Florida,"New Smyrna Beach, Volusia County",Swimming,18-sep-1996,1996,Unprovoked,September,M,14.0,Injury,13:37,Other/Unknown,N
New Zealand,Chatham Islands,Waihere Bay,Diving for abalone,06-sep-1996,1996,Unprovoked,September,M,23.0,Severe injury,10:00,White Shark,N
Usa,Florida,"New Smyrna Beach, Volusia County",Surfing / Swimming,06-sep-1996,1996,Unprovoked,September,M,19.0,Injury,12:15,Other/Unknown,N
Usa,Florida,"Behune Beach, Volusia County",Standing,02-sep-1996,1996,Unprovoked,September,M,5.0,Injury,18:05,Other/Unknown,N
Usa,Florida,"Bethune Beach, Volusia County",Sitting on surfboard,02-sep-1996,1996,Unprovoked,September,M,28.0,Injury,13:25,Other/Unknown,N
Usa,South Carolina,"Garden City Beach, Horry County",Boogie boarding,01-sep-1996,1996,Invalid,September,F,28.0,Minor injury,No time specified,Other/Unknown,UNKNOWN
South Africa,Kwazulu-Natal,Hibberdene,Spearfishing,01-sep-1996,1996,Provoked,September,M,29.0,No injury,07:19,White Shark,N
Usa,Hawaii,"Paukukalo, Maui",Body Boarding,29-aug-1996,1996,Unprovoked,August,M,19.0,Injury,16:00,Tiger Shark,N
Usa,California,"Bird Rock, Tomales Point",Free diving for abalone,13-aug-1996,1996,Unprovoked,August,M,36.0,Injury,11:15,White Shark,N
Usa,Florida,"Bayshore Garden, Sarasota Bay, Sarasota County",Wade fishing,11-aug-1996,1996,Unprovoked,August,M,21.0,No injury,14:00,Other/Unknown,N
Usa,Florida,"Wiggins Pass, Collier County",Standing,26-jul-1996,1996,Unprovoked,July,F,8.0,Other,19:30,Other/Unknown,N
Okinawa,Miyako,Hirara City,Swimming,23-jul-1996,1996,Unprovoked,July,M,52.0,Fatal,No time specified,White Shark,Y
Egypt / Israel,"South Sinai, Gulf Of Aqaba","1 Km Off The Mouth Of Marsa Bereika, North Of Ras Mohammed",Free diving with a pod of dolphins,23-jul-1996,1996,Unprovoked,July,M,,Injury,18:00,White Shark,N
Usa,Massachusetts,"Truro (Cape Cod), Barnstable County",Swimming,21-jul-1996,1996,Unprovoked,July,M,46.0,Injury,No time specified,Other/Unknown,N
Usa,Florida,"New Smyrna Beach, Volusia County",Swimming,20-jul-1996,1996,Unprovoked,July,M,9.0,Injury,13:30,Other/Unknown,N
Usa,Hawaii,"Nakalele Point, Maui",,14-jul-1996,1996,Unprovoked,July,Unknown,,Unknown,No time specified,Other/Unknown,UNKNOWN
Usa,Florida,"New Smyrna Beach, Volusia County",,10-jul-1996,1996,Unprovoked,July,M,18.0,Injury,13:45,Other/Unknown,N
Usa,Florida,"Public Beach, Siesta Key, Sarasota County",Standing,04-jul-1996,1996,Unprovoked,July,F,63.0,Injury,14:00,Other/Unknown,N
Bahamas,Cat Cay,,Diving,04-jul-1996,1996,Unprovoked,July,M,24.0,Injury,No time specified,Other/Unknown,N
Usa,South Carolina,"Fripp Island, Beaufort County",Body surfing,25-jun-1996,1996,Unprovoked,June,F,24.0,Injury,No time specified,Other/Unknown,N
Australia,Victoria,"Suicide Point, Point Leo",Surfing,06-jun-1996,1996,Unprovoked,June,M,,No injury,17:30,White Shark,N
South Africa,Kwazulu-Natal,Lamercy,Surfing,04-jun-1996,1996,Unprovoked,June,M,,Other,No time specified,Other/Unknown,N
South Africa,Western Cape Province,"The Steps, Wilderness",Surfing,28-may-1996,1996,Unprovoked,May,M,17.0,Injury,14:45,White Shark,N
Australia,New South Wales,"Wreck Of Paddle Steamer, Koputai, 6 Km Off Bondi Beach",Tech diving,24-may-1996,1996,Invalid,May,M,45.0,Fatal,No time specified,Other/Unknown,Y
Usa,Florida,"South Of Ponce Inlet, Volusia County",Surfing,18-may-1996,1996,Unprovoked,May,M,22.0,Injury,13:40,Other/Unknown,N
South Korea,,,Shell Diving,10-may-1996,1996,Unprovoked,May,M,33.0,Fatal,11:00,Other/Unknown,Y
Usa,Florida,"Shark Shallows, Ponce Inlet, Volusia County",Surfing,07-may-1996,1996,Unprovoked,May,M,27.0,Injury,11:06,Blacktip Shark,N
Usa,Hawaii,"La'Ie Point, O'Ahu",,28-apr-1996,1996,Unprovoked,April,M,,Unknown,No time specified,Other/Unknown,UNKNOWN
Australia,New South Wales,Mona Vale,Swimming,25-apr-1996,1996,Unprovoked,April,M,11.0,Injury,No time specified,Wobbegong Shark,N
Australia,New South Wales,Mona Vale,Swimming,25-apr-1996,1996,Unprovoked,April,F,16.0,Injury,No time specified,Wobbegong Shark,N
Brazil,Pernambuco,"Boa Viagem, Recife",Swimming,07-apr-1996,1996,Unprovoked,April,M,,Fatal,No time specified,Other/Unknown,Y
Australia,Queensland,Heron Island,Swimming breast stoke,05-mar-1996,1996,Unprovoked,March,F,47.0,Injury,07:00,Tiger Shark,N
Australia,New South Wales,Lord Howe Island,Fishing in knee-deep water,mar-1996,1996,Unprovoked,March,M,7.0,Injury,No time specified,Other/Unknown,N
Australia,New South Wales,"Charles Street Wharf, Parramatta River",Dived naked into the water on a bet,26-feb-1996,1996,Unprovoked,February,M,24.0,Injury,No time specified,Bronze Whaler Shark,N
Usa,Missouri,St. Louis,Swimming in fish tank,reported      19-feb-1996,1996,Provoked,February,F,32.0,Injury,No time specified,Nurse Shark,N
Papua New Guinea,Madang Province,Madang,,09-feb-1996,1996,Unprovoked,February,M,,Fatal,No time specified,Other/Unknown,Y
Papua New Guinea,Madang Province,Madang,,09-feb-1996,1996,Unprovoked,February,Unknown,,Other,No time specified,Other/Unknown,N
Papua New Guinea,Madang Province,Madang,Diving,09-feb-1996,1996,Unprovoked,February,Unknown,14.0,Fatal,No time specified,Other/Unknown,Y
Dominican Republic,12 Miles Off The North Coast,Boeing 757 Enroute From Porta Plata,Boeing 757 enroute from Porta Plata plunged into the sea,05-feb-1996,1996,Sea Disaster,February,Unknown,,Injury,No time specified,Other/Unknown,Y
Australia,New South Wales,"Ned'S Beach, Lord Howe Island",Swimming,04-feb-1996,1996,Unprovoked,February,M,7.0,Injury,No time specified,Other/Unknown,N
Usa,Florida,"Florida Keys, Monroe County",Wading,23-jan-1996,1996,Provoked,January,M,33.0,Other,No time specified,Nurse Shark,N
Australia,Queensland,"Brown'S Inlet, Broadwater",Swimming,22-jan-1996,1996,Unprovoked,January,F,13.0,Injury,No time specified,Bronze Whaler Shark,N
Usa,Hawaii,"Ka’Eleki’I Point, Maui",Swimming with mask & snorkel,16-jan-1996,1996,Unprovoked,January,M,53.0,Injury,15:45,Tiger Shark,N
Australia,Western Australia,"Mutton Bird Island, Albany",,14-jan-1996,1996,Unprovoked,January,Unknown,,Unknown,No time specified,Other/Unknown,UNKNOWN
Australia,New South Wales,Eight-Mile Reef Off Port Kembla,Chumming for sharks,12-jan-1996,1996,Watercraft,January,Unknown,,No injury,10:00,Other/Unknown,N
Reunion,Saint-Paul,Embouchure De L'Étang De Saint Paul,Surfing,10-jan-1996,1996,Unprovoked,January,M,25.0,Fatal,16:00,Tiger Shark,Y
Fiji,Taveuni,,,1996,1996,Unprovoked,,M,,Fatal,No time specified,Tiger Shark,Y
Usa,North Carolina,,Surfing,1996,1996,Unprovoked,,M,,Other,No time specified,Tiger Shark,N
Usa,Hawaii,Southwest Of O'Ahu,,18-dec-1995,1995,Unprovoked,December,M,,Unknown,No time specified,Other/Unknown,UNKNOWN
New Zealand,"Chatham Islands, East Of New  Zealand",,"Diving, gathering shellfish",11-nov-1995,1995,Unprovoked,November,M,22.0,Injury,No time specified,White Shark,N
Usa,Hawaii,"Ha'Ena, Kaua'I",,25-nov-1995,1995,Invalid,November,M,,Minor injury,No time specified,Other/Unknown,UNKNOWN
Northern Arabian Sea,,,Fell off aircraft carrier,25-nov-1995,1995,Unprovoked,November,M,,Minor injury,No time specified,Other/Unknown,N
Australia,Queensland,Great Keppel Island,,17-nov-1995,1995,Unprovoked,November,M,,Other,No time specified,Other/Unknown,N
Usa,Florida,,Boogie boarding,reported 28-oct-1995,1995,Unprovoked,October,M,13.0,Injury,No time specified,Other/Unknown,N
Usa,Florida,"North Beach, St. Lucie County",Surfing,21-oct-1995,1995,Unprovoked,October,M,17.0,Injury,No time specified,Other/Unknown,N
Australia,Queensland,"Pialba, Hervey Bay",Playing / standing,11-oct-1995,1995,Unprovoked,October,F,15.0,Injury,14:30,Other/Unknown,N
Usa,Florida,"Ormond Beach, Volusia County",Surfing,01-oct-1995,1995,Unprovoked,October,M,39.0,Injury,11:30,Other/Unknown,N
Usa,Florida,"Crescent Beach, St. Augustine, St. Johns County",Surfing,30-sep-1995,1995,Unprovoked,September,M,14.0,Injury,No time specified,Other/Unknown,N
Usa,Florida,"North Beach, Hutchinson Island, St. Lucie County",Surfing,30-sep-1995,1995,Unprovoked,September,M,17.0,Injury,No time specified,Other/Unknown,N
Usa,California,"Davenport Landing, Santa Cruz County",Windsurfing,28-sep-1995,1995,Unprovoked,September,M,25.0,Injury,17:30,White Shark,N
Usa,Florida,"Matanzas Bay Inlet, St. Johns County",Surfing,19-sep-1995,1995,Unprovoked,September,M,19.0,Injury,No time specified,Other/Unknown,N
Usa,Florida,"Daytona Beach, Volusia County",Swimming,17-sep-1995,1995,Unprovoked,September,F,19.0,Injury,15:40,Other/Unknown,N
Reunion,Saint-Denis,,Body-boarding,16-sep-1995,1995,Unprovoked,September,M,,Fatal,No time specified,Other/Unknown,Y
Usa,Florida,"Alligator Reef, Off Islamorada, Monroe County",Scuba diving,13-sep-1995,1995,Unprovoked,September,M,25.0,Fatal,No time specified,Bull Shark,Y
Australia,Western Australia,"Honeymoon Island, Near Hopetown",Abalone diving using Hookah (near calving whales),11-sep-1995,1995,Unprovoked,September,M,29.0,Fatal,15:00,White Shark,Y
Usa,California,"Shelter Cove, Humboldt County",Abalone diving using Hookah (resting on the surface),03-sep-1995,1995,Unprovoked,September,M,32.0,Injury,16:00,White Shark,N
Usa,North Carolina,"Bald Head Island, Brunswick County",Swimming,03-sep-1995,1995,Invalid,September,M,9.0,Injury,No time specified,Other/Unknown,UNKNOWN
Usa,Florida,"North Beach Inlet, St. Lucie County",Surfing,31-aug-1995,1995,Unprovoked,August,M,19.0,Injury,No time specified,Other/Unknown,N
Usa,South Carolina,"Myrtle Beach, Horry County",On a float,31-aug-1995,1995,Unprovoked,August,M,44.0,Injury,No time specified,Other/Unknown,N
Brazil,Pernambuco,"Boa Viagem, Recife",Surfing,27-aug-1995,1995,Unprovoked,August,M,,Other,No time specified,Other/Unknown,N
Usa,Florida,"Crescent Beach, St. Johns County",Surfing,26-aug-1995,1995,Unprovoked,August,M,16.0,Injury,18:30,Other/Unknown,N
Usa,Florida,"Ponce De Leon Inlet, Volusia County",Surfing,26-aug-1995,1995,Unprovoked,August,M,18.0,Injury,14:10,Other/Unknown,N
Usa,North Carolina,"Off Masonboro Island, New Hanover County",Swimming,25-aug-1995,1995,Unprovoked,August,M,16.0,Injury,No time specified,Other/Unknown,N
Usa,North Carolina,"Wrightsville Beach, New Hanover County",Swimming,22-aug-1995,1995,Unprovoked,August,M,23.0,Injury,No time specified,Other/Unknown,N
Usa,Florida,"Ponce De Leon Inlet, Volusia County",Surfing,22-aug-1995,1995,Unprovoked,August,M,19.0,Injury,19:00,Other/Unknown,N
Usa,North Carolina,Cape Lookout Bight,Diving,21-aug-1995,1995,Unprovoked,August,Unknown,,No injury,No time specified,Other/Unknown,N
Tonga,Vava’U,Near Tapana Island,Fishing,19-aug-1995,1995,Unprovoked,August,M,18.0,Other,15:00,Other/Unknown,N
Usa,Florida,"Daytona Beach, Volusia County",Wading,15-aug-1995,1995,Unprovoked,August,M,20.0,Injury,08:30,Other/Unknown,N
Usa,North Carolina,"Emerald Isle, Carteret County",Swimming,13-aug-1995,1995,Invalid,August,M,15.0,Injury,No time specified,Other/Unknown,UNKNOWN
Usa,Florida,"Ponce Inlet, Volusia County",Surfing,10-aug-1995,1995,Unprovoked,August,M,20.0,Injury,13:30,Other/Unknown,N
Usa,South Carolina,"Ocean Lakes Campground, South Of Myrtle Beach, Horry County","""Riding waves on a board""",10-aug-1995,1995,Unprovoked,August,F,14.0,Injury,No time specified,Blacktip Shark,N
Usa,Florida,"Ponce De Leon Inlet, Volusia County",Body boarding,07-aug-1995,1995,Unprovoked,August,M,12.0,Injury,14:10,Other/Unknown,N
Tonga,Vava’U,Neiafu,Fishing,01-aug-1995,1995,Invalid,August,M,,Other,No time specified,Other/Unknown,UNKNOWN
Usa,California,"Carmel, Monterey County",Diving,aug-1995,1995,Invalid,August,M,,Injury,No time specified,Other/Unknown,UNKNOWN
Usa,Florida,"New Smyrna Beach, Volusia County",Surfing,28-jul-1995,1995,Unprovoked,July,M,,Injury,16:30,Other/Unknown,N
Usa,Florida,"New Smyrna Beach, Volusia County",Surfing,28-jul-1995,1995,Unprovoked,July,M,,Minor injury,14:45,Other/Unknown,N
Usa,Florida,"New Smyrna Beach, Volusia County",Surfing,28-jul-1995,1995,Unprovoked,July,M,18.0,Injury,14:10,Other/Unknown,N
Usa,Florida,"New Smyrna Beach, Volusia County",Standing,28-jul-1995,1995,Unprovoked,July,M,18.0,Injury,13:40,Other/Unknown,N
Usa,South Carolina,"Pawleys Island, Georgetown County",,28-jul-1995,1995,Unprovoked,July,M,12.0,Minor injury,No time specified,Other/Unknown,N
Usa,South Carolina,"Pawleys Island, Georgetown County",Swimming,24-jul-1995,1995,Unprovoked,July,F,7.0,Injury,No time specified,Other/Unknown,N
Usa,Florida,"South Jetty, New Smyrna Beach, Volusia County",Body boarding,23-jul-1995,1995,Unprovoked,July,M,47.0,Injury,No time specified,Other/Unknown,N
Brazil,Pernambuco,Candeias,Surfing,07-jul-1995,1995,Unprovoked,July,M,18.0,Fatal,No time specified,Other/Unknown,Y
South Africa,Eastern Cape Province,Gonubie River Mouth,Surfing,08-nov-1984,1984,Unprovoked,November,M,14.0,Injury,17:00,Other/Unknown,N
Usa,Texas,Port Aransas,Surfing,06-jul-1995,1995,Unprovoked,July,M,34.0,Injury,No time specified,Other/Unknown,N
Usa,Mississippi,"Cat Island, Harrison County",Fishing,03-jul-1995,1995,Provoked,July,F,32.0,Minor injury,No time specified,Blacktip Shark,N
Usa,South Carolina,"Off 29Th Avenue, Myrtle Beach, Horry County",Jumped off surfboard & landed on the shark,early jul-1995,1995,Provoked,July,M,,Injury,No time specified,Other/Unknown,N
Usa,California,"Bluefish Cove, Pt. Lobos State Park, Monterey County",Scuba diving (ascending using scooter),30-jun-1995,1995,Unprovoked,June,M,31.0,Injury,17:30,White Shark,N
Usa,California,"Lajolla Shores, San Diego County",Kayaking,24-jun-1995,1995,Unprovoked,June,F,,Minor injury,No time specified,White Shark,N
Usa,Georgia,"Tybee Island, Chatham County",Playing / jumping,23-jun-1995,1995,Unprovoked,June,M,13.0,Injury,No time specified,Other/Unknown,N
Usa,South Carolina,"Garden City Beach, Horry County",Surfing,17-jun-1995,1995,Unprovoked,June,M,,Injury,No time specified,Other/Unknown,N
Usa,Florida,"Jensen Beach Park, Martin County",Swimming,17-jun-1995,1995,Unprovoked,June,M,45.0,Injury,18:30,Other/Unknown,N
Usa,Florida,"Tiger Shores Beach, Martin County",Swimming,16-jun-1995,1995,Unprovoked,June,F,10.0,Injury,14:00,Other/Unknown,N
Usa,Hawaii,"Opposite Grand Wailea Resort, Wailea, Maui",Swimming,14-jun-1995,1995,Unprovoked,June,M,38.0,Minor injury,11:50,Tiger Shark,N
Hong Kong,Clearwater Bay,First Beach,Swimming,13-jun-1995,1995,Unprovoked,June,F,45.0,Fatal,No time specified,Tiger Shark,Y
Hong Kong,New Territories,Sheung Sze Wan Beach,Swimming,02-jun-1995,1995,Unprovoked,June,M,29.0,Fatal,14:30,Other/Unknown,Y
Hong Kong,New Territories,Sai Kung Beach,Diving,31-may-1995,1995,Unprovoked,May,Unknown,44.0,Fatal,No time specified,Other/Unknown,Y
Usa,Florida,"Vero Beach, Indian River County",Surfing,26-may-1995,1995,Unprovoked,May,M,15.0,Injury,No time specified,Bull Shark,N
Fiji,Yasawa Islands,Waya Island,Sleeping in anchored boat,24-may-1995,1995,Unprovoked,May,M,69.0,Fatal,No time specified,Other/Unknown,Y
Australia,Western Australia,"Bernier Island, Shark Bay",,18-may-1995,1995,Unprovoked,May,Unknown,,Unknown,No time specified,Other/Unknown,UNKNOWN
South Korea,,Jangkodo Island,Diving for abalone,12-may-1995,1995,Unprovoked,May,F,44.0,Fatal,No time specified,Other/Unknown,Y
Usa,Florida,"New Smyrna Beach, Volusia County",,16-apr-1995,1995,Invalid,April,M,12.0,Injury,10:35,Other/Unknown,UNKNOWN
Usa,Florida,"Ormond Beach, Volusia County",,13-apr-1995,1995,Unprovoked,April,M,20.0,Injury,13:20,Other/Unknown,N
Australia,New South Wales,"Honeysuckle Point, Eden",Diving,09-apr-1995,1995,Unprovoked,April,M,,No injury,No time specified,Wobbegong Shark,N
Japan,Aichi Prefecture,Atsumi Peninsula,Scuba diving for bivalves,09-apr-1995,1995,Unprovoked,April,M,47.0,Fatal,10:15,White Shark,Y
Australia,New South Wales,"Clark Island, Sydney Harbour",Surf skiing,21-mar-1995,1995,Unprovoked,March,F,,No injury,No time specified,Other/Unknown,N
Australia,South Australia,Cactus Beach,Surfing,11-mar-1995,1995,Unprovoked,March,M,35.0,Injury,07:30,Bronze Whaler Shark,N
Brazil,Maranhão,"Praia Do Olho D'Água, São Luis",Swimming,05-mar-1995,1995,Unprovoked,March,Unknown,,Fatal,No time specified,Other/Unknown,Y
South Africa,Eastern Cape Province,Kidd’S Beach,Swimming,19-feb-1995,1995,Unprovoked,February,M,22.0,Injury,17:15,Raggedtooth Shark,N
Venezuela,,,Wind surfing,feb-1995,1995,Unprovoked,February,M,,Injury,No time specified,Other/Unknown,N
South Africa,Kwazulu-Natal,Isipingo,Swimming,24-jan-1995,1995,Unprovoked,January,M,14.0,Fatal,18:00,Tiger Shark,Y
Brazil,Pernambuco,Piedade,Surfing,02-jan-1995,1995,Unprovoked,January,M,17.0,Injury,No time specified,Other/Unknown,N
South Africa,,,Diving,1995,1995,Invalid,,M,33.0,Severe injury,No time specified,Other/Unknown,UNKNOWN
Australia,Queensland,Gladstone Reef,Snorkeling,1995,1995,Provoked,,M,,No injury,No time specified,Other/Unknown,N
Usa,North Carolina,Carolina Beach,Scuba diving,1995,1995,Invalid,,M,,Injury,No time specified,Other/Unknown,UNKNOWN
Usa,South Carolina,"Pawleys Island, Georgetown County",,,1995,Unprovoked,,M,,Unknown,No time specified,Other/Unknown,UNKNOWN
South Africa,Western Cape Province,Mossel Bay,Body boarding,30-dec-1994,1994,Unprovoked,December,M,26.0,No injury,16:00,White Shark,N
Usa,Hawaii,"Kinikini, Mana, Kaua'I","Surfing, sitting on board",18-dec-1994,1994,Unprovoked,December,Unknown,,No injury,14:45,Other/Unknown,N
Brazil,Pernambuco,Piedade,Surfing,13-dec-1994,1994,Unprovoked,December,M,,Other,No time specified,Other/Unknown,N
Brazil,Pernambuco,Paiva,Surfing,11-dec-1994,1994,Unprovoked,December,M,,Injury,No time specified,Other/Unknown,N
Vanuatu,Tafea Province,Aniwa Island,,reported      10-dec-1994,1994,Unprovoked,December,Unknown,,Unknown,No time specified,Other/Unknown,UNKNOWN
Usa,,1200 Miles East Of New Jersey,,09-dec-1994,1994,Sea Disaster,December,M,,Other,No time specified,Other/Unknown,Y
Australia,Queensland,"Hinchinbrook Channel, Queensland",Murder victim,09-dec-1994,1994,Invalid,December,M,44.0,Other,No time specified,Other/Unknown,UNKNOWN
Usa,California,"San Miguel Island, Santa Barbara County",Commercial diver (submerged or treading water),09-dec-1994,1994,Unprovoked,December,M,42.0,Fatal,08:45,White Shark,Y
Brazil,Pernambuco,Paiva,Surfing,01-dec-1994,1994,Unprovoked,December,M,,Fatal,No time specified,Other/Unknown,Y
South Africa,Western Cape Province,Mossel Bay,Spearfishing,25-nov-1994,1994,Unprovoked,November,M,,No injury,No time specified,Raggedtooth Shark,N
Usa,Hawaii,"Off The Hanalei River, Kaua'I","Surfing, paddling seawards",13-nov-1994,1994,Unprovoked,November,F,34.0,Injury,09:45,Other/Unknown,N
Usa,Hawaii,"Kealia Beach, Kaua'I",Surfing,06-nov-1994,1994,Unprovoked,November,Unknown,,No injury,16:00,Other/Unknown,N
Brazil,Pernambuco,Piedade,Surfing,18-oct-1994,1994,Unprovoked,October,Unknown,,Other,No time specified,Other/Unknown,N
Brazil,Pernambuco,Piedade,Surfing,17-oct-1994,1994,Unprovoked,October,M,,Other,No time specified,Other/Unknown,N
Usa,Florida,"Bill Baggs Cape Florida State Recreation Area, Miami-Dade County",Wading,09-oct-1994,1994,Provoked,October,F,9.0,Injury,13:00,Other/Unknown,N
Usa,Florida,"Indialantic, Brevard County",Surfing,05-oct-1994,1994,Unprovoked,October,M,16.0,Injury,12:00,Other/Unknown,N
Usa,South Carolina,"North Forest Beach, Near Hilton Head, Beaufort County",Swimming,26-sep-1994,1994,Unprovoked,September,F,30.0,Injury,No time specified,Other/Unknown,N
Usa,Oregon,"Short Sand Beach, Oswald West State Park",Surfing,21-sep-1994,1994,Unprovoked,September,M,43.0,No injury,16:30,White Shark,N
Usa,Florida,Florida Straits,Adrift on refugee raft,reported 11-sep-1994,1994,Sea Disaster,September,M,,Fatal,No time specified,Other/Unknown,Y
Usa,Hawaii,Makaha Surf Beach,Jumped off rocks into white water,05-sep-1994,1994,Unprovoked,September,F,12.0,Injury,11:15,Other/Unknown,N
Japan,Kagoshima Prefecture,Tatsugo-Cho,,22-aug-1994,1994,Unprovoked,August,Unknown,,Other,No time specified,Other/Unknown,N
Brazil,Pernambuco,"Boa Viagem, Recife",Surfing,24-jul-1994,1994,Unprovoked,July,M,15.0,Severe injury,No time specified,Other/Unknown,N
Brazil,Pernambuco,"Boa Viagem, Recife",Swimming,09-jul-1994,1994,Unprovoked,July,M,,Fatal,No time specified,Other/Unknown,Y
Reunion,Saint-Denis,Barachois,Windsurfing,09-jul-1994,1994,Unprovoked,July,M,24.0,Fatal,13:45,Bull Shark,Y
South Africa,Eastern Cape Province,"Nahoon Beach, East London",Surfing,09-jul-1994,1994,Unprovoked,July,M,22.0,Fatal,13:26,White Shark,Y
South Africa,Eastern Cape Province,"Nahoon Beach, East London",Surfing,09-jul-1994,1994,Unprovoked,July,M,31.0,Injury,13:25,White Shark,N
Brazil,Pernambuco,"Boa Viagem, Recife",Surfing,08-jul-1994,1994,Unprovoked,July,M,,Other,No time specified,Other/Unknown,N
Usa,Florida,"New Smyrna Beach, Volusia County",Surfing,08-jul-1994,1994,Unprovoked,July,M,15.0,Injury,15:00,Other/Unknown,N
Bahamas,Grand Bahama Island,Freeport,Spearfishing,24-jun-1994,1994,Unprovoked,June,M,30.0,Severe injury,15:30,Other/Unknown,N
Usa,Florida,"Ponce Inlet, Volusia County",Surfing,31-may-1994,1994,Unprovoked,May,M,24.0,Injury,10:30,Other/Unknown,N
Usa,Florida,"Daytona Beach, Volusia County",Surfing,31-may-1994,1994,Unprovoked,May,M,28.0,Injury,08:00,Other/Unknown,N
Usa,Florida,"3 Miles East Of Jacksonville Beach, Duval County",Spearfishing,28-may-1994,1994,Unprovoked,May,M,35.0,Injury,No time specified,Other/Unknown,N
Usa,Florida,"Spessard Holland Park, Melbourne Beach, Brevard County",Wading,24-may-1994,1994,Unprovoked,May,F,36.0,Injury,No time specified,Other/Unknown,N
Usa,Florida,"New Smyrna Beach, Volusia County",Wading,23-may-1994,1994,Unprovoked,May,M,26.0,Injury,No time specified,Other/Unknown,N
Usa,Florida,"New Smyrna Beach, Volusia County",Surfing,15-may-1994,1994,Unprovoked,May,M,22.0,Injury,08:30,Other/Unknown,N
Usa,California,"Sunset Cliffs, San Diego, San Diego County",?,reported 16-apr-1994,1994,Invalid,April,F,25.0,Severe injury,No time specified,Other/Unknown,UNKNOWN
Reunion,Saint-Joseph,Lieu-Dit Cayenne,?,15-apr-1994,1994,Unprovoked,April,Unknown,,Fatal,No time specified,Bull Shark,Y
Bahamas,,Rum Cay,Wading,06-apr-1994,1994,Unprovoked,April,M,,Injury,10:30,Other/Unknown,N
Usa,Florida,"Miami Beach, Dade County",Freediving for seashells,03-apr-1994,1994,Unprovoked,April,M,71.0,Injury,15:00,Other/Unknown,N
South Africa,Western Cape Province,Arniston,Spearfishing,02-apr-1994,1994,Unprovoked,April,M,,Fatal,No time specified,White Shark,Y
Chile,,300 Miles East Of Easter Island,Swimming alongside NOAA research vessel Discoverer,23-mar-1994,1994,Unprovoked,March,F,19.0,Severe injury,11:58,White Shark,N
Chile,,300 Miles East Of Easter Island,Swimming alongside NOAA research vessel Discoverer,23-mar-1994,1994,Unprovoked,March,M,,Injury,11:51,White Shark,N
Usa,California,,Removing shark from tank in nightclub,07-mar-1994,1994,Provoked,March,M,33.0,Injury,No time specified,Lemon Shark,N
Brazil,Pernambuco,"Boa Viagem, Recife",Surfing,01-mar-1994,1994,Unprovoked,March,M,25.0,Injury,No time specified,Other/Unknown,N
South Africa,Western Cape Province,Saxon Reef,Spearfishing,27-feb-1994,1994,Unprovoked,February,M,,Injury,11:00,Other/Unknown,N
Usa,Florida,"Juno Beach, Palm Beach County",Surfing,19-feb-1994,1994,Unprovoked,February,M,23.0,Injury,13:00,Other/Unknown,N
Usa,Hawaii,Kailua Bay,Fishing,13-feb-1994,1994,Provoked,February,M,,Injury,17:00,Other/Unknown,N
South Africa,Eastern Cape Province,Beachview Holiday Resort,Surfing,12-feb-1994,1994,Unprovoked,February,M,15.0,Injury,16:30,White Shark,N
New Caledonia,South Province,Cap Goulvain,Fishing,feb-1994,1994,Unprovoked,February,Unknown,,Fatal,No time specified,Other/Unknown,Y
Brazil,Pernambuco,Piedade,Swimming,31-jan-1994,1994,Unprovoked,January,M,,Injury,No time specified,Other/Unknown,N
Usa,Hawaii,"Velzyland, North Shore Of O'Ahu",Surfing,31-jan-1994,1994,Unprovoked,January,M,,Fatal,No time specified,Tiger Shark,Y
South Africa,Eastern Cape Province,"Nahoon Beach, East London",Windsurfing,30-jan-1994,1994,Unprovoked,January,M,44.0,Injury,13:30,Other/Unknown,N
Australia,Western Australia,Albany,Fishing,reported 12-jan-1994,1994,Watercraft,January,Unknown,,No injury,07:30,White Shark,N
Australia,Queensland,"Katana Downs Reach, Brisbane River","Swimming, after falling off towed kneeboard",09-jan-1994,1994,Unprovoked,January,M,23.0,Injury,No time specified,Other/Unknown,N
South Africa,Kwazulu-Natal,Hibberdene,Swimming,03-jan-1994,1994,Unprovoked,January,M,33.0,Injury,16:15,Other/Unknown,N
Hong Kong,,,Playing volleyball with friends,last incident of 1994 in hong kong,1994,Unprovoked,,F,,Injury,No time specified,Tiger Shark,N
Usa,Florida,"Flagler Beach, Flagler County",Surfing,1994,1994,Unprovoked,,M,,Injury,No time specified,Blacktip Shark,N
Usa,Hawaii,Waipo,Surfing,dec-1993,1993,Unprovoked,December,M,,Fatal,No time specified,Tiger Shark,Y
Usa,Florida,"North Beach Jetty, St Lucie County",Swimming,28-nov-1993,1993,Unprovoked,November,M,30.0,Minor injury,No time specified,Other/Unknown,N
Australia,Western Australia,A Pearl  Farm In Roebuck Bay,Hookah diving,21-nov-1993,1993,Unprovoked,November,M,27.0,Fatal,15:15,Tiger Shark,Y
Usa,Hawaii,"Horners, Wailua, Kaua'I","Surfing, paddling shorewards",12-nov-1993,1993,Unprovoked,November,M,,Severe injury,10:55,Other/Unknown,N
Somalia,Banaadir Region,Mogadishu,Stamding,nov-1993,1993,Unprovoked,November,M,,Fatal,No time specified,Other/Unknown,Y
Usa,California,"""Bunkers"" Eureka, Humboldt County",Surfing,30-oct-1993,1993,Unprovoked,October,M,26.0,Injury,16:30,White Shark,N
Usa,Florida,"Treasure Shores Beach, Indian River County",Swimming,26-oct-1993,1993,Unprovoked,October,F,26.0,Injury,10:00,Bull Shark,N
Usa,California,"Goat Rock, Bodega Bay, Sonoma County?",Kayaking,10-oct-1993,1993,Watercraft,October,F,34.0,No injury,14:30,White Shark,N
Usa,Hawaii,"Mouth Of Wallua River, Kaua'I",Surfing,oct-1993,1993,Unprovoked,October,Unknown,,Injury,No time specified,Tiger Shark,N
Somalia,Banaadir Region,Mogadishu,Swimming,30-sep-1993,1993,Unprovoked,September,M,21.0,Fatal,No time specified,Other/Unknown,Y
South Africa,Western Cape Province,Danger Point,Spearfishing,26-sep-1993,1993,Unprovoked,September,M,36.0,Injury,11:30,White Shark,N
El Salvador,La Libertad,Near El Cocal Beach,Surfing,16-sep-1993,1993,Unprovoked,September,Unknown,15.0,Injury,No time specified,White Shark,N
El Salvador,La Libertad,El Cocal Beach,Surfing,16-sep-1993,1993,Unprovoked,September,M,17.0,Fatal,No time specified,Other/Unknown,Y
Usa,Florida,"Huguenot Memorial Park, Duval County",Wading,14-sep-1993,1993,Unprovoked,September,M,19.0,Injury,No time specified,Other/Unknown,N
Usa,Florida,"Little Talbot Island, Jacksonville, Duval County",,09-sep-1993,1993,Unprovoked,September,M,16.0,Injury,No time specified,Other/Unknown,N
Spain,Costa Blanca,"Playa De Las Arenas, Valencia",Swimming,03-sep-1993,1993,Unprovoked,September,M,69.0,Severe injury,08:00,Other/Unknown,N
Bahamas,Walkers Cay,"Matinella Reef, 15 To 20 Miles West Of Walkers Cay",Spearfishing,21-aug-1993,1993,Unprovoked,August,M,51.0,Injury,17:15,Blacktip Shark,N
Usa,Florida,"Bethune Beach, Volusia County",Surfing,reported      19-aug-1993,1993,Unprovoked,August,Unknown,13.0,Injury,No time specified,Other/Unknown,N
Usa,Hawaii,"Paukukalo, Maui","Surfing, paddling seawards",19-aug-1993,1993,Unprovoked,August,M,,Minor injury,07:05,Other/Unknown,N
Usa,California,Between Santa Cruz Island And Santa Barbara,Watching the shark feeding on a dead pinniped,15-aug-1993,1993,Watercraft,August,Unknown,,No injury,11:30,White Shark,N
Usa,North Carolina,Pamlico Sound,Riding floatation device,15-aug-1993,1993,Unprovoked,August,F,19.0,Severe injury,10:00,Bull Shark,N
Australia,Western Australia,Off Rottnest Island,Fishing,14-aug-1993,1993,Watercraft,August,Unknown,,No injury,No time specified,White Shark,N
Usa,California,"Abalone Point, Westport Union Landing, Mendocino County",Free diving for abalone (ascending),12-aug-1993,1993,Unprovoked,August,M,39.0,Severe injury,14:00,White Shark,N
New Caledonia,South Province,Ile Moro,Fishing for lobsters,aug-1993,1993,Unprovoked,August,M,,Fatal,No time specified,Other/Unknown,Y
El Salvador,La Libertad,La Libertad,Oyster fishing,aug-1993,1993,Watercraft,August,Unknown,,Fatal,No time specified,White Shark,Y
South Africa,Eastern Cape Province,"Pollock Beach, Port Elizabeth",Surfing,30-jul-1993,1993,Unprovoked,July,M,28.0,Injury,15:00,White Shark,N
Usa,Florida,"Daytona Beach, Volusia County",Playing,07-jul-1993,1993,Unprovoked,July,F,12.0,Injury,18:12,Other/Unknown,N
Brazil,Pernambuco,"Boa Viagem, Recife",Swimming,30-jun-1993,1993,Unprovoked,June,M,,Fatal,No time specified,Other/Unknown,Y
Reunion,Saint-Paul,Cap De La Marianne,Body boarding,29-jun-1993,1993,Unprovoked,June,M,16.0,Other,No time specified,Other/Unknown,N
Hong Kong,New Territories,Silverstrand,Swimming,11-jun-1993,1993,Unprovoked,June,M,61.0,Fatal,07:15,Other/Unknown,Y
Mexico,Quintana Roo,"Santa Rosa Shallows, Cozumel",Scuba diving,11-jun-1993,1993,Unprovoked,June,F,42.0,Fatal,19:30,Other/Unknown,Y
Usa,Hawaii,"Goats Island (Moku’Auia Island), Malaekahana State Recreation Area, Laie, O'Ahu",Paddling on surfboard or body board,10-jun-1993,1993,Unprovoked,June,M,22.0,Injury,07:10,Tiger Shark,N
Australia,New South Wales,"Julian Rocks, Byron Bay",Scuba diving,09-jun-1993,1993,Unprovoked,June,M,31.0,Fatal,09:30,White Shark,Y
Australia,Tasmania,Tenth Island (King Island),Scuba diving at seal colony,05-jun-1993,1993,Unprovoked,June,F,34.0,Fatal,10:55,White Shark,Y
Hong Kong,New Territories,Sheung Sz Wan,Swimming,01-jun-1993,1993,Unprovoked,June,M,42.0,Fatal,No time specified,Other/Unknown,Y
Usa,North Carolina,"Hamstead, Pender County",Swimming,jun-1993,1993,Unprovoked,June,F,,No injury,No time specified,Other/Unknown,N
Hong Kong,"On The Kowloon Penisula, South Of Sai Kung",Silverstrand,,late may 1993,1993,Unprovoked,May,F,,Other,No time specified,Other/Unknown,Y
Somalia,Banaadir Region,"Arroyo Beach, Mogadishu",Swimming,may 1993,1993,Unprovoked,May,F,,Fatal,No time specified,Other/Unknown,Y
Australia,Tasmania,Barren Joey Island,Spearfishing,apr-1993,1993,Invalid,April,M,32.0,No injury,No time specified,Other/Unknown,UNKNOWN
Brazil,Pernambuco,Paiva,Surfing,27-mar-1993,1993,Unprovoked,March,M,,Other,No time specified,Other/Unknown,N
Usa,Florida,"Singer Island, Riviera Beach, Palm Beach County",Floating on his back,22-mar-1993,1993,Unprovoked,March,M,25.0,Injury,16:00,Other/Unknown,N
Japan,Ehime Prefecture,Iyo,,17-mar-1993,1993,Unprovoked,March,Unknown,,Other,No time specified,White Shark,N
Usa,Hawaii,"Paradise Bay (Next To Wailua Bay), Maui",Paddling on surfboard,14-mar-1993,1993,Unprovoked,March,M,35.0,Injury,15:45,Tiger Shark,N
Usa,California,"Linda Mar Beach, Pedro Point, San Mateo County",Free diving & spearfishing (ascending),12-mar-1993,1993,Unprovoked,March,M,55.0,No injury,14:30,White Shark,N
New Caledonia,South Province,Île De Casey,Swimming,mar-1993,1993,Unprovoked,March,Unknown,,Injury,No time specified,Other/Unknown,N
Tonga,Tongapatu Group,Between 'Ata And Tongapatu,Sea disaster,19-feb-1993,1993,Sea Disaster,February,M,,Injury,03:00,Other/Unknown,N
Tonga,Tongapatu Group,Between 'Ata And Tongapatu,Sea disaster,18-feb-1993,1993,Sea Disaster,February,M,,Injury,No time specified,Other/Unknown,N
Australia,Queensland,Mooloolaba,Fishing,04-feb 1993,1993,Provoked,February,M,69.0,Injury,13:45,Bronze Whaler Shark,N
Brazil,Pernambuco,Piedade,Body boarding,23-jan-1993,1993,Unprovoked,January,M,15.0,Injury,No time specified,Other/Unknown,N
Australia,Queensland,"Line Reef, Northeast Of Hamilton Island, Whitsundays",Spearfishing,05-jan-1993,1993,Unprovoked,January,M,21.0,Injury,09:00,Other/Unknown,N
Caribbean Sea,,Off Dominican Republic,,04-jan-1993,1993,Watercraft,January,M,,No injury,No time specified,White Shark,N
Usa,Oregon,"Bastendorf Beach, Coos County",Surfing,02-jan-1993,1993,Unprovoked,January,M,29.0,No injury,16:30,White Shark,N
Angola,West Africa,,Surfing,fall 1993,1993,Unprovoked,,M,,Injury,No time specified,White Shark,N
Somalia,Banaadir Region,Mogadishu,,between may & nov-1993,1993,Unprovoked,November,Unknown,,Fatal,No time specified,Other/Unknown,Y
Tonga,Vava’U,Between Ofu & Fafini Islands,Spearfishing,,1993,Unprovoked,,Unknown,30.0,Injury,No time specified,Other/Unknown,N
Usa,Florida,"Key West, Monroe County",Snorkeling,1993,1993,Unprovoked,,Unknown,,Other,No time specified,Lemon Shark,N
Usa,Hawaii,"Honomuni, Moloka'I","Standing in waist-deep water, helping his father tend a gill net containing dead fish",28-dec-1992,1992,Unprovoked,December,M,10.0,Other,No time specified,Tiger Shark,N
Usa,Hawaii,"Chun'S Reef, Laniakea, O'Ahu",Lying on surfboard,23-dec-1992,1992,Unprovoked,December,M,30.0,Minor injury,17:30,Tiger Shark,N
Usa,California,"San Onofre, San Diego County",Spearfishing / free diving,29-nov-1992,1992,Unprovoked,November,M,31.0,Injury,15:30,Other/Unknown,N
Usa,Florida,"Brevard County, A Mile North Of Sebastian Inlet",Surfing,25-nov-1992,1992,Unprovoked,November,M,19.0,Injury,07:30,Blacktip Shark,N
Usa,Florida,,Surfing,23-nov-1992,1992,Unprovoked,November,M,24.0,Injury,13:00,Other/Unknown,N
Usa,California,"Ano Nuevo, San Mateo County",Kayaking,14-nov-1992,1992,Watercraft,November,M,46.0,No injury,12:50,White Shark,N
Fiji,Wakaya Island,,Scuba diving,reported 12-nov-1992,1992,Unprovoked,November,M,30.0,Injury,No time specified,Other/Unknown,N
Usa,California,"San Nicholas Island, Santa Barbara County",Scuba diving (submerged),11-nov-1992,1992,Unprovoked,November,M,40.0,Injury,14:00,Other/Unknown,N
Usa,Florida,"North Jetty Park, Fort Pierce, St Lucie County",Surfing,06-nov-1992,1992,Unprovoked,November,M,17.0,Injury,14:15,Other/Unknown,N
Usa,Hawaii,"Kea'Au Beach Park, O'Ahu",Body boarding,05-nov-1992,1992,Unprovoked,November,M,18.0,Fatal,09:45,Tiger Shark,Y
Usa,California,"Castle Rock, San Miguel Island, Santa Barbara County",Hookah diving for sea urchins,29-oct-1992,1992,Unprovoked,October,M,40.0,Injury,11:00,White Shark,N
Usa,Hawaii,"Lanaikea, O'Ahu",Surfing,22-oct-1992,1992,Unprovoked,October,M,28.0,Minor injury,07:40,Tiger Shark,N
Australia,New South Wales,Avalon Beach,Scuba diving,15-oct-1992,1992,Unprovoked,October,M,,Minor injury,No time specified,Nurse Shark,N
Brazil,Maranhão,"Praia De São Marcus, Sáo Luiz",Boogie boarding,11-oct-1992,1992,Unprovoked,October,Unknown,,Injury,No time specified,Other/Unknown,N
Australia,Queensland,"North Point Beach, Moreton Island",Surfing,01-oct-1992,1992,Unprovoked,October,M,28.0,Fatal,14:30,White Shark,Y
Brazil,Pernambuco,"Boa Viagem, Recife",Body boarding,18-sep-1992,1992,Unprovoked,September,M,,Severe injury,No time specified,Other/Unknown,N
Usa,Oregon,"Gold Beach, Curry County",Surfing,13-sep-1992,1992,Unprovoked,September,M,20.0,Minor injury,17:00,White Shark,N
Usa,Florida,"South Jetty, New Smyrna Beach, Volusia County",Standing,11-sep-1992,1992,Unprovoked,September,F,18.0,Injury,15:00,Other/Unknown,N
Brazil,Pernambuco,"Boa Viagem, Recife",Swimming,10-sep-1992,1992,Unprovoked,September,M,,Fatal,No time specified,Other/Unknown,Y
Usa,Florida,St Lucie County,Surf fishing,sep-1992,1992,Unprovoked,September,M,,Injury,No time specified,Other/Unknown,N
Bahamas,Abaco Islands,Double Breasted Cays,"Snorkeling, carrying a speared fish in her hand",29-aug-1992,1992,Unprovoked,August,F,34.0,Injury,No time specified,Blacktip Shark,N
Australia,South Australia,"Lipson Cove, Tumby Bay",Surfing,25-aug-1992,1992,Unprovoked,August,M,17.0,Minor injury,17:50,White Shark,N
Usa,Hawaii,"Twin Arches, Hana Ranch, Maui",Fell from cliff while fishing & disappeared in strong current,21-aug-1992,1992,Invalid,August,M,,Injury,15:00,Other/Unknown,UNKNOWN
Usa,California,"Klamath River, Del Norte County",Surfing,18-aug-1992,1992,Unprovoked,August,M,22.0,No injury,17:00,White Shark,N
Usa,Florida,"Manalapan, Palm Beach County",Snorkeling,17-aug-1992,1992,Provoked,August,M,26.0,Other,No time specified,Nurse Shark,N
Usa,Florida,St. Lucie County,Fisherman,aug-1992,1992,Invalid,August,M,,Unknown,No time specified,Other/Unknown,UNKNOWN
Usa,Hawaii,"Wai'Anae, O'Ahu","Zosimo & his son, Jeffrey Popa, failed to return from overnight fishing trip in a 14' boat, Boat apparently sank, debris recovered but his son & boat were never found",23-jul-1992,1992,Invalid,July,M,,Injury,No time specified,Other/Unknown,UNKNOWN
Usa,Florida,"Manasota Beach, Sarasota County",Standing,21-jul-1992,1992,Unprovoked,July,F,42.0,Injury,12:33,Other/Unknown,N
Brazil,Maranhão,"Praia Da Marcela, São Marcos Bay",Surfing,08-jul-1992,1992,Unprovoked,July,M,,Injury,No time specified,Other/Unknown,N
Brazil,Maranhão,"Praia Da Marcela, São Marcos Bay",Surfing,08-jul-1992,1992,Unprovoked,July,M,,Severe injury,No time specified,Other/Unknown,N
Brazil,Pernambuco,Piedade,Swimming,28-jun-1992,1992,Unprovoked,June,M,,Fatal,No time specified,Other/Unknown,Y
Reunion,Saint-Paul,Cap De La Marianne,Surfing,28-jun-1992,1992,Unprovoked,June,M,16.0,Fatal,14:30,Bull Shark,Y
Vanuatu,Malampa Province,"Port Sandwich, Malakula",Swimming,19-jun-1992,1992,Unprovoked,June,F,21.0,Injury,No time specified,Other/Unknown,N
Japan,Ehime Prefecture,"1.5 Km North Of Igata-Cho, 60 Km South Of Matsyama",Preparing to fish for jack-mackerel,17-jun-1992,1992,Watercraft,June,Unknown,,Other,12:30,White Shark,N
Reunion,Saint-Paul,,Diving,jun-1992,1992,Unprovoked,June,Unknown,,Other,No time specified,Other/Unknown,N
Usa,North Carolina,Wreck Of The U-352,Scuba diving,31-may-1992,1992,Invalid,May,M,45.0,Other,No time specified,Other/Unknown,UNKNOWN
Reunion,Saint-Joseph,Lieu-Dit Cayenne,Surfing,22-may-1992,1992,Unprovoked,May,M,,Fatal,14:00,Tiger Shark,Y
Mexico,Mexico / Caribbean Sea,Isla Mujeres,Scuba diving & filming,may 1992,1992,Unprovoked,May,M,,Injury,No time specified,Other/Unknown,N
New Zealand,Antarctic Ocean,"Meteorologic Station On Campbell Island, 370 Nautical Miles South Of New Zealand",Snorkeling,24-apr-1992,1992,Unprovoked,April,M,,Severe injury,15:30,White Shark,N
South Africa,Eastern Cape Province,Nahoon,Surfing,09-apr-1992,1992,Unprovoked,April,M,35.0,Injury,13:20,Other/Unknown,N
Usa,Hawaii,"Cannons, At Ha'Ena On The North Shore Of Kaua'I Island","Surfing, paddling seawards",28-mar-1992,1992,Unprovoked,March,F,36.0,Injury,06:45,Tiger Shark,N
Australia,Victoria,Point Lonsdale,Surfing,10-mar-1992,1992,Unprovoked,March,M,17.0,Injury,No time specified,Bronze Whaler Shark,N
Japan,Ehime Prefecture,Matsuyama,Hookah diving for pen shells,08-mar-1992,1992,Unprovoked,March,M,41.0,Fatal,15:20,White Shark,Y
Japan,Ehime Prefecture,"Nagahama-Cho, 40 Km Southwest Of Matsuyama","Fishing for yellowtail, Seriola quinqueradiata",08-mar-1992,1992,Watercraft,March,Unknown,,No injury,10:15,Other/Unknown,N
Usa,Oregon,"Winchester Bay, Douglas County",Surfing (sitting on his board),08-mar-1992,1992,Unprovoked,March,M,21.0,Injury,09:45,White Shark,N
Usa,Hawaii,"Leftovers, Near Waimea Bay, O'Ahu",Body boarding,19-feb-1992,1992,Unprovoked,February,M,,Fatal,No time specified,Tiger Shark,Y
Japan,Ehime Prefecture,Matsuyama,Diving for pen shells,14-feb-1992,1992,Unprovoked,February,M,,No injury,10:00,Other/Unknown,N
Australia,Tasmania,"Clifton Beach, Southwest Of Hobart",Surfing,09-feb-1992,1992,Invalid,February,M,19.0,No injury,19:30,Other/Unknown,UNKNOWN
Reunion,La Saline-Les-Bains,Revine-3-Bassins,Spearfishing,29-jan-1992,1992,Unprovoked,January,M,,Other,16:30,Other/Unknown,N
Australia,New South Wales,Tweed Heads,Boogie boarding,29-jan-1992,1992,Unprovoked,January,M,19.0,Injury,20:00,Bronze Whaler Shark,N
South Africa,Kwazulu-Natal,Isipingo,Swimming,23-jan-1992,1992,Unprovoked,January,M,19.0,Injury,17:30,Other/Unknown,N
South Africa,Kwazulu-Natal,Sheffield Beach,Spearfishing,08-jan-1992,1992,Unprovoked,January,M,36.0,Injury,17:15,Blacktip Shark,N
Mauritius,,Mahebourg,Fishing,06-jan-1992,1992,Unprovoked,January,M,,Other,No time specified,Other/Unknown,N
Japan,Ehime Prefecture,Matsuyama,,03-jan-1992,1992,Unprovoked,January,M,,Other,No time specified,Other/Unknown,N
Japan,Sea Of Japan,Kanazawa?,,jan-1992,1992,Invalid,January,Unknown,,Other,No time specified,Other/Unknown,UNKNOWN
Fiji,Tavenui,,,1992,1992,Unprovoked,,M,33.0,Fatal,No time specified,Other/Unknown,Y
Usa,California,"Shelter Cover, North Of Fort Bragg, Shelter Cove, Mendocino County",Hookah diving for sea urchins,04-dec-1991,1991,Unprovoked,December,M,25.0,No injury,15:06,White Shark,N
Usa,Hawaii,"Olowalu, Maui",Snorkeling,26-nov-1991,1991,Unprovoked,November,F,41.0,Fatal,09:00,Tiger Shark,Y
Usa,Hawaii,"Olowalu, Maui",Snorkeling,26-nov-1991,1991,Unprovoked,November,F,,Other,09:00,Tiger Shark,N
Usa,Hawaii,"Maliko Point, Maui","Fishing from rocks, swept out to sea by large wave & treading water",19-nov-1991,1991,Unprovoked,November,M,,Injury,16:30,Tiger Shark,Y
Usa,Florida,Near Port Canaveral Coast Guard Base,Fishing,14-nov-1991,1991,Provoked,November,M,,Injury,12:54,Other/Unknown,N
Australia,Western Australia,"Backbeach, Halls Head",Boogie boarding,nov-1991,1991,Unprovoked,November,M,14.0,Minor injury,No time specified,Other/Unknown,N
Usa,Florida,"Melbourne Beach, Brevard County",Surfing,12-oct-1991,1991,Unprovoked,October,M,21.0,Injury,08:30,Other/Unknown,N
Usa,California,"Horseshoe Reef, Scott Creek, Davenport, Santa Cruz County",Surfing,05-oct-1991,1991,Unprovoked,October,M,32.0,Injury,07:30,White Shark,N
Bahamas,,Bimini,Spearfishing,19-sep-1991,1991,Invalid,September,M,32.0,Other,17:00,Other/Unknown,UNKNOWN
Australia,South Australia,"Snapper Point, Aldinga Beach, Adelaide",Scuba diving,08-sep-1991,1991,Unprovoked,September,M,19.0,Fatal,15:00,White Shark,Y
Australia,Queensland,"On Board The Japanese Longline Trawler Fukuya No.38, 100 Nm Northeast Of Brisbane",Finning the shark that bit him,30-aug-1991,1991,Provoked,August,M,36.0,Severe injury,No time specified,Other/Unknown,N
Usa,South Carolina,"Myrtle Beach, Horry County",Swimming,26-aug-1991,1991,Unprovoked,August,M,23.0,Injury,13:30,Other/Unknown,N
Usa,Florida,"Vero Beach, Indian River County",Wading,12-aug-1991,1991,Unprovoked,August,F,10.0,Injury,16:35,Other/Unknown,N
Usa,Florida,Florida Bay,Fishing,09-aug-1991,1991,Provoked,August,M,,Injury,No time specified,Lemon Shark,N
Italy,Ligurian Sea,"Portofino, 20 Miles Offshore, Tigullio Bay, Santa Margherita Ligure (Liguria)",Canoeing,30-jul-1991,1991,Watercraft,July,F,40.0,No injury,15:30,White Shark,N
Usa,Florida,"John Pennekamp Marine Park, Monroe County",Snorkeling,27-jul-1991,1991,Unprovoked,July,M,39.0,Injury,No time specified,Other/Unknown,N
Usa,Florida,150 Miles From Crystal River,Swimming from makeshift raft  to life vest after fishing boat sank,18-jul-1991,1991,Unprovoked,July,M,42.0,Injury,No time specified,Blacktip Shark,N
Usa,,,Fishing,17-jul-1991,1991,Questionable,July,M,70.0,Injury,No time specified,Other/Unknown,N
Usa,Florida,"South Miami Beach, Dade County",Swimming,07-jul-1991,1991,Unprovoked,July,M,22.0,Injury,18:45,Other/Unknown,N
Reunion,L'Etang-Salé,"Ravine Des Sables, Saint Leu",Surfing,01-jul-1991,1991,Unprovoked,July,M,30.0,Severe injury,17:30,Tiger Shark,N
Usa,California,"8.5 Miles South Of Ano Nuevo State Reserve, Davenport County",Surfing,01-jul-1991,1991,Unprovoked,July,M,32.0,Injury,09:30,White Shark,N
Usa,Virginia,"Croatan Beach, Virginia Beach,",Boogie boarding,july 1991,1991,Unprovoked,July,M,13.0,Severe injury,No time specified,Other/Unknown,N
Hong Kong,,"Basalt Island, 9Km From Silverstrand",,29-jun-1991,1991,Unprovoked,June,M,22.0,Fatal,No time specified,Other/Unknown,Y
Hong Kong,Kowloon Peninsula,Sai Kung,Fishing,28-jun-1991,1991,Unprovoked,June,M,,Fatal,No time specified,Other/Unknown,Y
Usa,Florida,"Jacksonville Beach, Duval County",Surfing,26-jun-1991,1991,Unprovoked,June,M,18.0,Injury,17:30,Other/Unknown,N
Usa,Florida,"Tampa Bay, Hillsborough County",Swimming behind sailboat,07-jun-1991,1991,Unprovoked,June,M,31.0,Injury,11:30,Bull Shark,N
Hong Kong,Port Shelter,"Silverstrand Beach, Near Hung Hau",Swimming,07-jun-1991,1991,Unprovoked,June,F,65.0,Fatal,06:00,Tiger Shark,Y
Usa,Hawaii,"Ma'Ili Beach, O'Ahu",Sitting on surfboard,26-may-1991,1991,Unprovoked,May,M,23.0,Injury,16:45,Other/Unknown,N
South Africa,Western Cape Province,Gordon’S Bay,Scuba diving,19-may-1991,1991,Unprovoked,May,M,,No injury,13:00,White Shark,N
Brazil,Pernambuco,"Praia De Pau Amarelo, Recife",Fishing,24-apr-1991,1991,Provoked,April,Unknown,,Severe injury,No time specified,Other/Unknown,N
Usa,Maryland,Baltimore Aquarium,Diving,16-apr-1991,1991,Provoked,April,Unknown,,Minor injury,09:55,Other/Unknown,N
Usa,Florida,"South Of Ponce Inlet, New Smyrna Beach, Volusia County","Surfing, collided with shark",16-apr-1991,1991,Unprovoked,April,M,22.0,Other,11:00,Other/Unknown,N
Usa,Hawaii,"One'Ula Beach Park, 'Ewa Beach, O'Ahu",Sitting on surfboard,03-apr-1991,1991,Unprovoked,April,M,,Injury,17:30,Other/Unknown,N
Australia,New South Wales,Bass Point,Scuba diving,03-mar-1991,1991,Unprovoked,March,M,18.0,Injury,No time specified,Nurse Shark,N
Usa,Oregon,"Neskowin, Tillamook County",Surfing,24-feb-1991,1991,Unprovoked,February,M,38.0,Injury,09:30,White Shark,N
South Africa,Western Cape Province,Miller’S Point,Spearfishing,12-feb-1991,1991,Unprovoked,February,M,20.0,Injury,12:30,White Shark,N
Australia,Queensland,Mermaid Waters,Swimming,19-jan-1991,1991,Unprovoked,January,M,35.0,Injury,08:10,Other/Unknown,N
Australia,Western Australia,Scarborough,Surf-skiing,09-jan-1991,1991,Unprovoked,January,M,,No injury,No time specified,Other/Unknown,N
Australia,Queensland,Pelican Banks Near Gladstone,Surfing (or sailboarding),jan-1991,1991,Unprovoked,January,M,22.0,Other,No time specified,Other/Unknown,N
South Africa,Eastern Cape Province,Port Elizabeth,,26-dec-1990,1990,Invalid,December,M,,Other,No time specified,Other/Unknown,UNKNOWN
Australia,Queensland,Nerang River,Swimming,28-nov-1990,1990,Unprovoked,November,M,26.0,Injury,No time specified,Other/Unknown,N
Usa,California,"Monastery Beach, Carmel Bay, Monterey County",Scuba diving (but on surface),03-nov-1990,1990,Unprovoked,November,F,,Injury,15:00,White Shark,N
Usa,Florida,"Spanish River Park Beach, Palm Beach County",Surfing,01-nov-1990,1990,Unprovoked,November,M,24.0,Injury,09:30,Other/Unknown,N
Usa,Florida,"Melbourne Beach, Brevard County",Surfing,30-oct-1990,1990,Unprovoked,October,M,50.0,Injury,16:55,Other/Unknown,N
Usa,Florida,"Indialantic, Brevard County",Surfing,30-oct-1990,1990,Unprovoked,October,M,18.0,Injury,15:30,Other/Unknown,N
Australia,Queensland,Mermaid Waters,Swimming,27-oct-1990,1990,Unprovoked,October,M,26.0,Injury,20:30,Other/Unknown,N
Australia,South Australia,Goolwa Beach,Surfing,25-oct-1990,1990,Unprovoked,October,M,,Injury,10:30,Other/Unknown,N
Usa,Florida,"North End Of County Beach, Palm Beach County",Surfing,20-oct-1990,1990,Unprovoked,October,M,25.0,Injury,16:00,Other/Unknown,N
Usa,Hawaii,"Hanalei Point, Kaua'I",Surfing,15-oct-1990,1990,Unprovoked,October,M,43.0,No injury,15:00,Tiger Shark,N
Usa,Florida,"Stuart Beach, Martin County",Surfing,12-oct-1990,1990,Unprovoked,October,M,19.0,Injury,12:30,Other/Unknown,N
South Africa,Western Cape Province,Oudekraal,Spearfishing,15-sep-1990,1990,Unprovoked,September,M,26.0,Injury,13:20,White Shark,N
Usa,California,"Russian Gulch, Jenner, Sonoma County","Free diving / spearfishing, from paddleboard & floating on the surface",08-sep-1990,1990,Unprovoked,September,M,49.0,Injury,13:00,White Shark,N
Usa,California,"Trinidad State Beach, Humboldt County",Kayaking,05-sep-1990,1990,Watercraft,September,M,44.0,No injury,17:00,White Shark,N
Usa,Florida,"Juno Beach / North Palm Beach, Palm Beach County",SCUBA diving,30-aug-1990,1990,Invalid,August,M,30.0,Injury,No time specified,Other/Unknown,UNKNOWN
Usa,California,"Trinidad Head, Humboldt County",Surfing,28-aug-1990,1990,Unprovoked,August,M,22.0,Injury,16:50,White Shark,N
Usa,Texas,"Mustang Island, Nueces County",Surfing,19-aug-1990,1990,Unprovoked,August,M,,Minor injury,No time specified,Other/Unknown,N
Usa,Texas,"Near Port Aransas, Nueces County",Wade fishing,19-aug-1990,1990,Unprovoked,August,M,18.0,Minor injury,13:30,Other/Unknown,N
Bahamas,,,Fishing,05-aug-1990,1990,Provoked,August,M,51.0,Injury,No time specified,Other/Unknown,N
Usa,Texas,"Mustang Island State Park, Nueces County",Wading,22-jul-1990,1990,Unprovoked,July,F,53.0,Injury,No time specified,Other/Unknown,N
Usa,Florida,"Perdido Key Near The Florida Panhandle, Escambia County",Surfing,08-jul-1990,1990,Unprovoked,July,M,17.0,Minor injury,No time specified,Other/Unknown,N
South Africa,Western Cape Province,Mossel Bay,Scuba diving (but on surface),24-jun-1990,1990,Unprovoked,June,F,21.0,Fatal,15:45,White Shark,Y
Bahamas,,Bimini,Spearfishing,23-jun-1990,1990,Unprovoked,June,M,38.0,Injury,14:30,Other/Unknown,N
South Africa,Kwazulu-Natal,Protea Reef,Fishing,13-may-1990,1990,Provoked,May,Unknown,,No injury,No time specified,Other/Unknown,N
Australia,Queensland,Outer Barrier Reef Near Port Douglas,Snorkeling,10-may-1990,1990,Unprovoked,May,F,,Injury,No time specified,Other/Unknown,N
Australia,Queensland,Outer Barrier Reef Near Port Douglas,"Snorkeling, possibly holding a fish",10-may-1990,1990,Unprovoked,May,M,,Injury,No time specified,Other/Unknown,N
South Africa,Eastern Cape Province,Cintsa East,Resting on surfboard,06-may-1990,1990,Unprovoked,May,M,22.0,Severe injury,12:00,White Shark,N
South Africa,Eastern Cape Province,Cape Recife,Lying on surfboard & paddling,14-apr-1990,1990,Unprovoked,April,M,23.0,Injury,14:00,White Shark,N
Australia,Queensland,Greenmount Beach,Surfing,09-apr-1990,1990,Unprovoked,April,M,31.0,Minor injury,05:40,Tiger Shark,N
Australia,Queensland,"Dingo Reef, 80 Nm Off Townsville",Free diving for trochus,08-apr-1990,1990,Unprovoked,April,M,37.0,Fatal,No time specified,Other/Unknown,Y
Australia,Queensland,Fingal Beach,Surfing,07-apr-1990,1990,Unprovoked,April,M,,No injury,No time specified,Other/Unknown,N
Australia,Queensland,Fingal Beach,Surfing,06-apr-1990,1990,Unprovoked,April,M,29.0,No injury,No time specified,Other/Unknown,N
Usa,Hawaii,"Silver (Silva) Channels, Waialua, O'Ahu",Sitting on surfboard,01-apr-1990,1990,Unprovoked,April,M,,Severe injury,07:30,Other/Unknown,N
Fiji,Laucala Island,,Swimming,24-mar-1990,1990,Unprovoked,March,M,30.0,Injury,No time specified,Other/Unknown,N
Reunion,Sainte-Marie,Baie De La Mare,Surfing,05-mar-1990,1990,Unprovoked,March,M,,Other,17:45,Bull Shark,N
Usa,Hawaii,"Mokapu, Kane'Ohe Marine Air Corps Station, O'Ahu",Scuba diving & spearfishing,17-feb-1990,1990,Unprovoked,February,M,,Fatal,21:30,Other/Unknown,Y
Usa,Florida,"Monster Hole, Sebastian Inlet, Indian River County",Board sailing,05-feb-1990,1990,Unprovoked,February,M,33.0,Injury,No time specified,Other/Unknown,N
Usa,California,"Montera Beach, San Mateo County",Surfing (sitting on his board),12-jan-1990,1990,Unprovoked,January,M,,No injury,No time specified,White Shark,N
Usa,Florida,"Pensacola, Escambia County",Surfing,1990,1990,Unprovoked,,M,17.0,Unknown,No time specified,Other/Unknown,UNKNOWN
Usa,Hawaii,"90 Miles East Of Hilo, Hawai'I",On board 51' fishing vessel One Ki,19-dec-1989,1989,Provoked,December,M,,Injury,No time specified,Other/Unknown,N
Australia,Northern Territory,Gove Peninsula Near Darwin,,03- dec-1989,1989,Unprovoked,December,M,17.0,Unknown,No time specified,Tiger Shark,UNKNOWN
Australia,Queensland,Fraser Island,Swimming,02-dec-1989,1989,Invalid,December,M,27.0,Other,No time specified,Other/Unknown,UNKNOWN
Australia,Victoria,Kilcunda,Surfing,22-nov-1989,1989,Unprovoked,November,M,32.0,Injury,No time specified,White Shark,N
South Africa,Western Cape Province,Melkbosstrand,Free diving & spearfishing,18-nov-1989,1989,Unprovoked,November,M,29.0,Fatal,12:05,White Shark,Y
Usa,Hawaii,"Ehukai Beach Park, Sunset Beach, O'Ahu","Wading, knocked down & swept away by large waves",12-nov-1989,1989,Invalid,November,M,,Other,18:00,Other/Unknown,UNKNOWN
Australia,Queensland,Mermaid Waters,Swimming in canal,02-nov-1989,1989,Unprovoked,November,M,10.0,Injury,No time specified,Bronze Whaler Shark,N
Australia,Northern Territory,Edith Falls,Swimming,reported 29-oct-1989,1989,Unprovoked,October,F,31.0,Injury,No time specified,Other/Unknown,N
Australia,Tasmania,Shelly Point,Surfing,22-oct-1989,1989,Unprovoked,October,M,17.0,No injury,14:20,White Shark,N
Usa,Hawaii,"Kahe Point, O'Ahu",Scuba diving,14-oct-1989,1989,Invalid,October,M,,Other,16:30,Other/Unknown,UNKNOWN
Usa,Texas,Surfside Beach,Surfing,11-oct-1989,1989,Unprovoked,October,M,12.0,Injury,No time specified,Other/Unknown,N
Usa,North Carolina,"Between Wrightsville Beach & Carolina Beach, New Hanover County",Diving,08-oct-1989,1989,Invalid,October,M,49.0,Fatal,No time specified,Other/Unknown,UNKNOWN
Australia,Victoria,"Surfers Point, Phillip Island",Surfing,01-oct-1989,1989,Unprovoked,October,M,,Unknown,No time specified,White Shark,UNKNOWN
South Africa,Western Cape Province,"Smitswinkel, False Bay",Free diving,17-sep-1989,1989,Unprovoked,September,M,29.0,Injury,14:30,White Shark,N
Usa,Florida,"Gulf Of Mexico, 22 Miles From Pensacola","Fishing, stepped on hooked shark's head",13-sep-1989,1989,Provoked,September,M,51.0,Injury,No time specified,Other/Unknown,N
Usa,California,"Off Palos Verdes Estates, Los Angeles",Observing a shark feeding on a carcass of a humpback whale,10-sep-1989,1989,Watercraft,September,Unknown,,No injury,No time specified,White Shark,N
Usa,California,"Southeast Farallon Island, Farallon Islands",Hookah diving for abalone (descending),09-sep-1989,1989,Unprovoked,September,M,38.0,Injury,12:30,White Shark,N
Usa,North Carolina,"Salvo, Dare County",Surfing,09-sep-1989,1989,Unprovoked,September,M,31.0,Fatal,No time specified,Other/Unknown,N
Usa,California,24 Km Off Santa Catalina Island In The Channel Islands,Filming 5' blue shark,03-sep-1989,1989,Provoked,September,M,46.0,Injury,No time specified,Other/Unknown,N
Australia,Queensland,Seaworld Theme Park,Feeding fish,29-aug-1989,1989,Provoked,August,M,30.0,Injury,No time specified,Nurse Shark,N
Usa,Florida,"St Augustine, St Johns County",Swimming,22-aug-1989,1989,Unprovoked,August,M,21.0,Injury,No time specified,Other/Unknown,N
South Africa,Western Cape Province,Mossel Bay,Surfing,22-aug-1989,1989,Unprovoked,August,M,21.0,Injury,10:45,White Shark,N
Australia,New South Wales,Lennox Head,Surfing,13-aug-1989,1989,Unprovoked,August,M,17.0,No injury,06:30,Bronze Whaler Shark,N
Bahamas,Great Exuma Island,Highborn Cay,Spearfishing,09-aug-1989,1989,Unprovoked,August,F,31.0,Severe injury,No time specified,Other/Unknown,N
Australia,Queensland,Moreton Bay,Fishing for sharks,reported    06-aug-1989,1989,Provoked,August,M,41.0,Injury,No time specified,White Shark,N
South Africa,Eastern Cape Province,Jeffreys Bay,Surfing,20-jul-1989,1989,Unprovoked,July,M,34.0,Injury,10:35,White Shark,N
Reunion,Sainte-Suzanne,Temple Tamoule,Surfing,19-jul-1989,1989,Unprovoked,July,M,,Fatal,17:00,Other/Unknown,Y
Usa,Florida,"Cocoa Beach, Brevard County",Surfing,14-jul-1989,1989,Unprovoked,July,M,16.0,Injury,No time specified,Other/Unknown,N
Usa,Texas,"Sargent Beach, Matagorda County",Playing,07-jul-1989,1989,Unprovoked,July,F,9.0,Injury,No time specified,Other/Unknown,N
Usa,Hawaii,"Anahola, Kaua'I",Fell off surfboard 20' from shore,29-jun-1989,1989,Unprovoked,June,M,,Severe injury,No time specified,Other/Unknown,N
Usa,Louisiana,40 Miles Off Cocodrie,Spearfishing,17-jun-1989,1989,Unprovoked,June,M,45.0,Injury,No time specified,Tiger Shark,N
Italy,Tuscany,"Marinella, Between Punta Blanca & Marine Del Carrara",Windsurfing (urinating on his board),06-jun-1989,1989,Unprovoked,June,M,,Injury,15:30,White Shark,N
South Africa,Eastern Cape Province,Jeffreys Bay,Surfing,05-jun-1989,1989,Unprovoked,June,M,16.0,No injury,16:15,White Shark,N
South Africa,Eastern Cape Province,Gonubie,Free diving,03-jun-1989,1989,Unprovoked,June,M,28.0,Injury,15:30,White Shark,N
Japan,Sea Of Japan,,,jun-1989,1989,Invalid,June,M,,Other,No time specified,Other/Unknown,UNKNOWN
Usa,Florida,"Loggerhead Park, Juno Beach, Palm Beach County",Swimming,23-apr-1989,1989,Unprovoked,April,M,19.0,Injury,No time specified,Other/Unknown,N
Usa,Washington,"Pacific Beach, Grays Harbor County",Surfing (lying prone on his board),12-apr-1989,1989,Unprovoked,April,M,,Injury,10:45,White Shark,N
Usa,California,"Monterey Bay, Monterey County",,09-apr-1989,1989,Watercraft,April,Unknown,,No injury,10:35,White Shark,N
Usa,Hawaii,"Ho'Okipa Beach, Pa'Ia, Maui",Paddling on surfboard,03-apr-1989,1989,Unprovoked,April,M,,Injury,No time specified,Other/Unknown,N
Usa,Hawaii,"Kekaha Beach, Kaua'I",Paddling on surfboard,apr-1989,1989,Unprovoked,April,M,,Severe injury,No time specified,Other/Unknown,N
Australia,South Australia,"Waitpinga Beach, Near Victor Harbor, Encounter Bay",Surfing,09-mar-1989,1989,Unprovoked,March,M,27.0,Fatal,20:15,White Shark,Y
Australia,Western Australia,Near Broome In Roebuck Bay,Kayaking,04-mar-1989,1989,Watercraft,March,M,,No injury,No time specified,Tiger Shark,N
South Africa,Western Cape Province,,Fishing,19-feb-1989,1989,Provoked,February,M,,Injury,No time specified,Other/Unknown,N
South Africa,Kwazulu-Natal,Richards Bay,Windsurfing,15-feb-1989,1989,Unprovoked,February,M,26.0,Minor injury,13:30,Other/Unknown,N
Italy,Tyrrhenian Sea,"Golfo Di Baratti, Near Piombino (Tuscany)","Scuba diving, but swimming on surface",02-feb-1989,1989,Unprovoked,February,M,47.0,Fatal,10:25,White Shark,Y
Usa,California,"Latigo Point / Paradise Cove, West Of Malibu, Los Angeles County",Kayaking,26-jan-1989,1989,Invalid,January,M,24.0,Other,10:15,Other/Unknown,UNKNOWN
Usa,California,"Latigo Point / Paradise Cove,West Of Malibu, Los Angeles County",Kayaking,26-jan-1989,1989,Unprovoked,January,F,24.0,Fatal,10:15,White Shark,Y
Usa,Hawaii,"Waialua Beach, Moloka'I",Body boarding,20-jan-1989,1989,Unprovoked,January,M,10.0,Injury,No time specified,Other/Unknown,N
South Africa,Kwazulu-Natal,Isipingo,Lifesaving drill,20-jan-1989,1989,Unprovoked,January,M,19.0,Injury,18:00,Other/Unknown,N
Usa,Hawaii,"Wailua, Kaua'I",Swimming in strong current with 3 others when he disappeared,08-jan-1989,1989,Unprovoked,January,M,,Other,No time specified,Other/Unknown,Y
Australia,New South Wales,"Half Tide Beach, Evans Head",Surfing with dolphins,03-jan-1989,1989,Unprovoked,January,M,17.0,Injury,17:15,Tiger Shark,N
Papua New Guinea,New Ireland,Kavieng,"Scuba diving, hand feeding sharks",1989,1989,Unprovoked,,F,,Injury,No time specified,Other/Unknown,N
Usa,Virginia,"Coral Gardens Reef, 6 Miles Sse Of Chicoteague Inlet",Spearfishing using scuba & trailing a string of bleeding fish,1989,1989,Unprovoked,,M,,No injury,No time specified,Other/Unknown,N
Chile,Valpariso Province,Valpariso,Skindiving,15-dec-1988,1988,Unprovoked,December,M,,Fatal,No time specified,White Shark,Y
Australia,Queensland,"Off North Keppel Island, Off Yeppoon","The Christie V sank on 11/6/1988, survivors were adrift on a dinghy",08-nov-1988,1988,Sea Disaster,November,M,17.0,Fatal,No time specified,Other/Unknown,Y
Australia,Queensland,"Off North Keppel Island, Off Yeppoon","The Christie V sank on 11/6/1988, survivors were adrift on a dinghy",07-nov-1988,1988,Sea Disaster,November,M,62.0,Fatal,No time specified,Other/Unknown,Y
Philippines,Viscayan Sea,,The MV Dona Marilyn sank in Typhoon Unsang with the loss of 389 lives,24-oct-1988,1988,Sea Disaster,October,Unknown,,Other,No time specified,Other/Unknown,Y
Usa,Oregon,"Indian Beach, Ecola State Park, Just North Of Cannon Beach, Clatsop County",Surfing (sitting on his board),23-oct-1988,1988,Unprovoked,October,M,21.0,Injury,17:30,White Shark,N
Australia,Victoria,Phillip Island,Surfing,22-oct-1988,1988,Unprovoked,October,M,38.0,Injury,No time specified,Other/Unknown,N
Usa,Florida,"Boca Raton, Palm Beach County",Surfing,14-oct-1988,1988,Unprovoked,October,M,15.0,Injury,No time specified,Other/Unknown,N
Usa,Florida,"Fort Pierce, St. Lucie County",Surfing,11-oct-1988,1988,Unprovoked,October,M,30.0,Injury,No time specified,Other/Unknown,N
Usa,Florida,"Playalinda, Brevard County",Surfing,10-oct-1988,1988,Unprovoked,October,M,23.0,Injury,18:30,Other/Unknown,N
Australia,South Australia,Moama Beach,Surfing,06-oct-1988,1988,Unprovoked,October,M,15.0,Injury,No time specified,Other/Unknown,N
Usa,Florida,"Sanibel Island, Lee County",Wading,oct-1988,1988,Unprovoked,October,F,23.0,Injury,No time specified,Other/Unknown,N
Usa,Florida,"New Smyrna Beach, Volusia County",Surfing,28-sep-1988,1988,Unprovoked,September,M,21.0,Injury,No time specified,Other/Unknown,N
Papua New Guinea,New Ireland,Between Nago And Makau,Diving,21-sep-1988,1988,Unprovoked,September,M,27.0,Fatal,No time specified,Other/Unknown,Y
Usa,Florida,"Shell Island Panama City Beach, Bay County",Walking,13-sep-1988,1988,Unprovoked,September,F,,Injury,15:45,Other/Unknown,N
Usa,Florida,"Shell Island Panama City Beach, Bay County",Snorkeling,13-sep-1988,1988,Unprovoked,September,M,38.0,Fatal,15:00,Bull Shark,Y
Usa,Louisiana,New Orleans,Diving in Sharkey's Reef restaurant’s aquarium,22-aug-1988,1988,Provoked,August,M,,Injury,No time specified,Tiger Shark,N
Italy,Manfredonia,Ippocampo,,22-aug-1988,1988,Unprovoked,August,M,16.0,Other,No time specified,Other/Unknown,N
Japan,Tokyo Prefecture,Ogasawara Islands,,19-aug-1988,1988,Unprovoked,August,M,,Other,No time specified,Other/Unknown,N
Usa,California,"Klamath River, Del Norte County",Surfing,11-aug-1988,1988,Unprovoked,August,M,27.0,Injury,09:30,White Shark,N
Bahamas,,,Free diving & spearfishing,23-jul-1988,1988,Unprovoked,July,M,,Injury,No time specified,Other/Unknown,N
Bahamas,,,Spearfishing on scuba,19-jul-1988,1988,Unprovoked,July,M,28.0,Injury,No time specified,Other/Unknown,N
Bahamas,,,Diving,17-jul-1988,1988,Unprovoked,July,M,35.0,Injury,No time specified,Other/Unknown,N
Usa,Florida,"Jensen Beach, Martin County",Swimming,11-jul-1988,1988,Unprovoked,July,F,15.0,Minor injury,10:30,Other/Unknown,N
Usa,Florida,"New Smyrna Beach, Volusia County",Boogie boarding,04-jul-1988,1988,Unprovoked,July,M,37.0,Injury,No time specified,Other/Unknown,N
Bahamas,,,Snorkeling,04-jul-1988,1988,Unprovoked,July,M,,Injury,No time specified,Other/Unknown,N
Bahamas,,,Spearfishing,jul-1988,1988,Unprovoked,July,M,,Injury,No time specified,Other/Unknown,N
South Africa,Western Cape Province,Sculphoek,Spearfishing,16-jun-1988,1988,Unprovoked,June,M,36.0,Injury,09:45,White Shark,N
Usa,North Carolina,"Ocracoke, Hyde County",Scuba diving,16-jun-1988,1988,Unprovoked,June,M,42.0,Other,No time specified,Tiger Shark,N
Usa,South Carolina,"Sea Pines Beach Club, Hilton Head, Beaufort County",Sittting in water with his child,09-jun-1988,1988,Unprovoked,June,M,37.0,Injury,16:00,Other/Unknown,N
Usa,Florida,"Daytona Beach, Volusia County",Swimming,05-jun-1988,1988,Unprovoked,June,M,12.0,Injury,12:00,Other/Unknown,N
Usa,Florida,"Daytona Beach, Volusia County",Surfing,01-jun-1988,1988,Unprovoked,June,M,25.0,Injury,08:57,Other/Unknown,N
South Korea,,,Shell diving,27-may-1988,1988,Unprovoked,May,F,38.0,Fatal,No time specified,Other/Unknown,Y
Usa,Florida,"Paradise Beach Park, Brevard County",Surfing,10-may-1988,1988,Unprovoked,May,M,31.0,Injury,18:30,Other/Unknown,N
Usa,Florida,"Melbourne Beach, Brevard County",Surfing / treading water,04-may-1988,1988,Unprovoked,May,M,29.0,Injury,11:45,Other/Unknown,N
Reunion,Saint-Louis,Embouchure De L'Étang Du Gol,pêcheur de bichiques,28-apr-1988,1988,Unprovoked,April,M,,Fatal,17:30,Other/Unknown,Y
Usa,California,"North Of Morro Rock, San Luis Obispo County",Surfing,24-apr-1988,1988,Unprovoked,April,M,,No injury,No time specified,White Shark,N
Usa,Florida,"Singer Island, Riviera Beach, Palm Beach County",Swimming,15-apr-1988,1988,Unprovoked,April,M,24.0,Injury,18:45,Other/Unknown,N
Usa,Hawaii,"Waihe'E, Maui",Onboard 21' powerboat that capsized in rough seas,15-apr-1988,1988,Invalid,April,M,,Severe injury,No time specified,Other/Unknown,UNKNOWN
Usa,Florida,"Singer Island, Riviera Beach, Palm Beach County",Surfing,14-apr-1988,1988,Unprovoked,April,M,14.0,Injury,No time specified,Other/Unknown,N
Usa,Florida,"Singer Island, Riviera Beach, Palm Beach County",Windsurfing,14-apr-1988,1988,Unprovoked,April,M,,Injury,No time specified,Other/Unknown,N
South Africa,Kwazulu-Natal,La Lucia,,10-apr-1988,1988,Invalid,April,F,,Minor injury,No time specified,Other/Unknown,UNKNOWN
Usa,Florida,"Singer Island, Riviera Beach, Palm Beach County",Standing,31-mar-1988,1988,Unprovoked,March,F,30.0,Injury,No time specified,Other/Unknown,N
Usa,Hawaii,"Running Waters Beach, Ninini Point, Kaua'I",Body surfing,25-mar-1988,1988,Unprovoked,March,M,,Injury,No time specified,Other/Unknown,N
South Africa,Kwazulu-Natal,Isipingo,Surfing,16-mar-1988,1988,Unprovoked,March,M,17.0,Injury,16:45,Other/Unknown,N
Reunion,Saint-Pierre,Pic Du Diable,Surfing,14-mar-1988,1988,Unprovoked,March,M,,Injury,18:30,Other/Unknown,N
South Africa,Kwazulu-Natal,"Brighton Beach, Durban",,15-feb-1988,1988,Watercraft,February,Unknown,,No injury,No time specified,Raggedtooth Shark,N
South Africa,Eastern Cape Province,Nahoon,Surfing,14-feb-1988,1988,Unprovoked,February,M,20.0,Injury,17:00,Other/Unknown,N
South Africa,Kwazulu-Natal,Mtunzini,Lying atop surfboard,13-feb-1988,1988,Unprovoked,February,F,15.0,Severe injury,07:40,Other/Unknown,N
Australia,Western Australia,18 Km West Of Bunbury,Drift fishing,12-feb-1988,1988,Watercraft,February,Unknown,,No injury,No time specified,Other/Unknown,N
Fiji,Vanua Levu,,Diving,02-feb-1988,1988,Unprovoked,February,M,22.0,Injury,No time specified,Tiger Shark,N
South Africa,Kwazulu-Natal,Durban,Surfing,27-jan-1988,1988,Invalid,January,M,22.0,Minor injury,06:30,Other/Unknown,UNKNOWN
Australia,Torres Strait,,Fell overboard  from the Taiwanese fishing trawler Lien Cheng Feu,21-jan-1988,1988,Invalid,January,M,,Other,No time specified,Other/Unknown,UNKNOWN
Usa,Louisiana,,Fishing,14-jan-1988,1988,Provoked,January,M,,Injury,No time specified,Other/Unknown,N
South Africa,Western Cape Province,Struisbaai,Attempting to lasso shark's tail,06-jan-1988,1988,Provoked,January,M,33.0,Injury,11:15,Other/Unknown,N
South Africa,Western Cape Province,Great Brak River,"Returning to shore, collided with shark",reported      05-jan-1988,1988,Provoked,January,Unknown,,No injury,No time specified,Other/Unknown,N
Australia,New South Wales,Sydney,Surfing,1988,1988,Unprovoked,,M,12.0,Injury,No time specified,Wobbegong Shark,N
Philippines,Mindoro,Off Manila,Ferry boat Dona Paz with 4431 passengers exploded & caught fire when she collided with an  oil tanker,20-dec-1987,1987,Sea Disaster,December,Unknown,,Other,No time specified,Other/Unknown,Y
Usa,Florida,"Palm Beach, Palm Beach County",Surfing,17-dec-1987,1987,Unprovoked,December,M,16.0,Injury,13:00,Blacktip Shark,N
Australia,New South Wales,Shoalhaven,,13-dec-1987,1987,Invalid,December,F,,Other,No time specified,Other/Unknown,UNKNOWN
Usa,Florida,"North Of Jupiter Inlet, Palm Beach County",Surfing,21-nov-1987,1987,Unprovoked,November,M,15.0,Injury,No time specified,Other/Unknown,N
South Africa,Kwazulu-Natal,St. Lucia,,nov-1987,1987,Invalid,November,M,,Other,No time specified,Other/Unknown,UNKNOWN
Usa,California,"Davenport Light, San Mateo County",Surfing,26-oct-1987,1987,Unprovoked,October,M,20.0,Injury,17:00,Other/Unknown,N
South Africa,Kwazulu-Natal,Richards Bay,Boogie boarding,25-oct-1987,1987,Invalid,October,M,14.0,Minor injury,16:00,Other/Unknown,UNKNOWN
South Africa,Western Cape Province,"Seal Island, False Bay",Spearfishing,11-oct-1987,1987,Unprovoked,October,M,21.0,Injury,12:15,White Shark,N
Dominican Republic,Between Dr And Puerto Rico,Mona Passage,"Vessel caught fire & capsized, survivors in the water",06-oct-1987,1987,Sea Disaster,October,Unknown,,Other,No time specified,Other/Unknown,Y
Australia,South Australia,"Merino Rocks, Adelaide",Scuba Diving for scallops,18-sep-1987,1987,Unprovoked,September,M,47.0,Fatal,No time specified,White Shark,Y
South Africa,Western Cape Province,Still Bay,Surfing,13-sep-1987,1987,Unprovoked,September,M,24.0,Injury,11:00,White Shark,N
Usa,Florida,"Satellite  Beach, Brevard County",Wading,20-aug-1987,1987,Unprovoked,August,M,12.0,Injury,11:30,Other/Unknown,N
Usa,California,"Tunitas Beach, San Mateo County",Surfing (sitting on his board),15-aug-1987,1987,Unprovoked,August,M,40.0,Injury,07:30,White Shark,N
Usa,Florida,"Ponce Inlet, New Smyrna Beach, Volusia County",Surfing,21-jul-1987,1987,Unprovoked,July,M,27.0,Injury,09:15,Other/Unknown,N
Usa,Texas,"Mustang Island, Near Port Aransas",Body surfing,12-jul-1987,1987,Unprovoked,July,F,32.0,Injury,18:30,Other/Unknown,N
Usa,Texas,"Mustang Island, Near Port Aransas",Wading,12-jul-1987,1987,Unprovoked,July,F,16.0,Injury,14:30,Other/Unknown,N
Usa,South Carolina,Winyah Bay,Dropping anchor,11-jul-1987,1987,Watercraft,July,Unknown,,No injury,No time specified,Other/Unknown,N
Bahamas,Exuma Islands,Sampson Cay,Snorkeling,09-jul-1987,1987,Unprovoked,July,M,35.0,Injury,13:30,Other/Unknown,N
Bahamas,,,Spearfishing,jul-1987,1987,Unprovoked,July,M,,Injury,No time specified,Other/Unknown,N
Usa,Florida,"Nest Key, Monroe County",Fishing,13-jun-1987,1987,Provoked,June,M,,Injury,No time specified,Blacktip Shark,N
Usa,South Carolina,"Myrtle Beach, Horry County",,25-may-1987,1987,Unprovoked,May,M,12.0,Injury,No time specified,Other/Unknown,N
Usa,Florida,"St Augustine, St. Johns County",Surfing,08-may-1987,1987,Unprovoked,May,M,,Injury,No time specified,Other/Unknown,N
Australia,New South Wales,,Fishing,06-may-1987,1987,Provoked,May,M,34.0,Severe injury,No time specified,Other/Unknown,N
South Africa,Kwazulu-Natal,Port Shepstone,Fishing,19-apr-1987,1987,Invalid,April,M,,Other,No time specified,Other/Unknown,UNKNOWN
Usa,Texas,"Mustang Island, Near Port Aransas",Swimming,18-apr-1987,1987,Unprovoked,April,F,16.0,Severe injury,18:00,Other/Unknown,N
Usa,Hawaii,"Kailua-Kona, Hawai'I",Swimming from shore to anchored sailboat,15-apr-1987,1987,Unprovoked,April,M,,Fatal,No time specified,Other/Unknown,Y
Vanuatu,Malampa Province,Vao Island,Swimming,01-apr-1987,1987,Unprovoked,April,M,8.0,Fatal,12:00,Other/Unknown,Y
Australia,Western Australia,Fourth Beach / Twilgth Beach,Surfing,30-mar-1987,1987,Unprovoked,March,M,18.0,Injury,No time specified,Bronze Whaler Shark,N
South Africa,Western Cape Province,Muizenberg,,30-mar-1987,1987,Provoked,March,Unknown,,No injury,No time specified,White Shark,N
Usa,Florida,"Singer Island, Riviera Beach, Palm Beach County",Windsurfing,28-feb-1987,1987,Unprovoked,February,M,,Injury,No time specified,Other/Unknown,N
Solomon Islands,Between Honiara & Isabel Island,,The inter-island ferry Vula sank in heavy weather,19-feb-1987,1987,Sea Disaster,February,Unknown,,Fatal,No time specified,Other/Unknown,Y
South Africa,Eastern Cape Province,Eerste River,Spearfishing,28-jan-1987,1987,Unprovoked,January,M,30.0,Injury,12:00,White Shark,N
Australia,Queensland,Lizard Island,Swimming,06-jan-1987,1987,Unprovoked,January,M,37.0,Injury,07:00,Other/Unknown,N
Montenegro,Adriatic Sea,"Mogren Beach, Budva",Jumped into the water from a cliff,1987,1987,Invalid,,M,,Fatal,No time specified,Other/Unknown,UNKNOWN
Italy,Tyrrhenian Sea,"Marciana Marina, Isola D'Elba",Boat,1987,1987,Watercraft,,M,,No injury,No time specified,White Shark,N
South Africa,Western Cape Province,Agulhas Banks,Spearfishing,31-dec-1986,1986,Unprovoked,December,M,,Injury,14:00,Raggedtooth Shark,N
South Africa,Western Cape Province,Saou Strand,Body boarding,22-dec-1986,1986,Unprovoked,December,M,21.0,Fatal,17:00,White Shark,Y
Usa,Florida,"Ponce Inlet, New Smyrna Beach, Volusia County",Surfing,11-dec-1986,1986,Unprovoked,December,M,40.0,Injury,14:00,Blacktip Shark,N
Bahamas,Florida Straits,Off Cay Sal  Banks,Adrift after ditching plane in the sea,06-dec-1986,1986,Unprovoked,December,M,37.0,No injury,No time specified,Other/Unknown,N
Usa,California,"Monastery Beach, Carmel River State Park, Monterey Peninsula, Monterey California",Free diving  & spearfishing (submerged),06-dec-1986,1986,Unprovoked,December,M,27.0,Injury,10:00,White Shark,N
South Africa,Western Cape Province,Platbank,Spearfishing,04-dec-1986,1986,Invalid,December,M,22.0,No injury,No time specified,Other/Unknown,UNKNOWN
New Caledonia,,I'Le Ouen,Spearfishing,dec-1986,1986,Unprovoked,December,Unknown,,Injury,No time specified,Tiger Shark,N
Usa,Florida,"Daytona Beach, Volusia County",Surfing,30-nov-1986,1986,Unprovoked,November,M,17.0,Injury,10:30,Other/Unknown,N
Usa,Florida,"Indiatlantic, Brevard County",Surfing,19-nov-1986,1986,Unprovoked,November,M,26.0,Injury,10:40,Other/Unknown,N
Usa,Florida,"Tiger Shores Beach, Martin County",Surfing,04-nov-1986,1986,Unprovoked,November,M,23.0,Injury,No time specified,Other/Unknown,N
South Africa,Kwazulu-Natal,Umhlanga,NSB Meshing,17-oct-1986,1986,Provoked,October,M,,Minor injury,No time specified,Raggedtooth Shark,N
Usa,Florida,"Sanibel Island, Lee County",Swimming,03-oct-1986,1986,Unprovoked,October,F,6.0,Injury,18:00,Lemon Shark,N
South Africa,Kwazulu-Natal,St. Michaels,Racing ski,05-oct-1986,1986,Unprovoked,October,M,32.0,No injury,11:00,Other/Unknown,N
Australia,Western Australia,"Direction Island, Cocos Islands",,01-oct-1986,1986,Unprovoked,October,Unknown,,Unknown,No time specified,Other/Unknown,UNKNOWN
Usa,Florida,"Floridana Beach, Brevard County",Surfing,oct-1986,1986,Unprovoked,October,M,28.0,Injury,No time specified,Bull Shark,N
Usa,Florida,"Pinellas Point, Tampa Bay",,reported 22-sep-1986,1986,Invalid,September,Unknown,,Other,No time specified,Other/Unknown,UNKNOWN
Usa,Florida,"Ormond Beach / Daytona Beach, Volusia County",Surfing,sep-1986,1986,Unprovoked,September,Unknown,,Other,No time specified,Other/Unknown,N
Usa,Florida,"Ponce Inlet, New Smyrna Beach, Volusia County",Surfing,sep-1986,1986,Unprovoked,September,Unknown,18.0,Injury,No time specified,Other/Unknown,N
Usa,North Carolina,"Masonboro Inlet, New Hanover County",Surfing,19-aug-1986,1986,Unprovoked,August,Unknown,16.0,Injury,No time specified,Other/Unknown,N
South Africa,Western Cape Province,Reef On Seaward Side Of Geyser Island,Spearfishing,10-aug-1986,1986,Invalid,August,M,35.0,No injury,11:30,Other/Unknown,UNKNOWN
Australia,New South Wales,"North Head, Sydney Harbour",Scuba diving,03-aug-1986,1986,Unprovoked,August,F,,Other,No time specified,Wobbegong Shark,N
France,Gulf Of Lyons,Gruissan,,aug-1986,1986,Unprovoked,August,Unknown,,Other,No time specified,Other/Unknown,N
Australia,Western Australia,3 Km West Of Rottnest Island,Fishing,26-jul-1986,1986,Watercraft,July,Unknown,,No injury,No time specified,White Shark,N
Usa,South Carolina,"Myrtle Beach, Horry County",,09-jul-1986,1986,Unprovoked,July,M,8.0,Injury,No time specified,Other/Unknown,N
South Africa,Kwazulu-Natal,Lamercy,Spearfishing,jul-1986,1986,Unprovoked,July,M,26.0,Minor injury,17:15,Other/Unknown,N
Australia,New South Wales,"North Head, Sydney Harbour",Scuba diving,18-may-1986,1986,Unprovoked,May,M,,Other,No time specified,Wobbegong Shark,N
South Korea,,,Shell diving,15-may-1986,1986,Unprovoked,May,M,,Fatal,No time specified,Other/Unknown,Y
Usa,Hawaii,"Kaliiwi, Kauai","Fishing, fell from rocks & disappeared",20-apr-1986,1986,Unprovoked,April,M,,Other,No time specified,Other/Unknown,Y
Spain,Catalonia,Lloret-De-Mar,Diving,apr-1986,1986,Unprovoked,April,M,,Minor injury,No time specified,Other/Unknown,N
Spain,Cádiz,Tarifa,Windsurfing,18-mar-1986,1986,Unprovoked,March,M,,Severe injury,10:55,White Shark,N
South Africa,Kwazulu-Natal,"North Beach, Durban",Treading water,15-mar-1986,1986,Unprovoked,March,M,26.0,Injury,16:15,Other/Unknown,N
South Africa,Eastern Cape Province,"The Fence, King'S Beach, Port Elizabeth",Surfing,5-mar-1986,1986,Unprovoked,March,M,23.0,No injury,No time specified,Other/Unknown,N
South Africa,Eastern Cape Province,East London,Surfing,18-feb-1986,1986,Unprovoked,February,M,21.0,No injury,12:00,White Shark,N
South Africa,Eastern Cape Province,Cape Recife,Surfing,17-feb-1986,1986,Unprovoked,February,M,,No injury,18:00,Other/Unknown,N
South Africa,Eastern Cape Province,"King'S Beach, Port Elizabeth",Swimming,07-feb-1986,1986,Unprovoked,February,M,46.0,Injury,18:30,Raggedtooth Shark,N
South Africa,Western Cape Province,Arniston,Spearfishing,06-feb-1986,1986,Unprovoked,February,M,29.0,Injury,13:30,Raggedtooth Shark,N
Australia,Victoria,Jan Juc Beach,Surfing,01-feb-1986,1986,Unprovoked,February,M,29.0,No injury,06:00,Bronze Whaler Shark,N
Usa,Florida,"Singer Island, Riviera Beach, Palm Beach County",Surfing,12-jan-1986,1986,Unprovoked,January,M,22.0,Injury,08:35,Blacktip Shark,N
Usa,California,"Linda Mar Beach, Pedro Point, San Mateo County",Surfing,1986,1986,Unprovoked,,M,16.0,No injury,13:00,Other/Unknown,N
South Africa,Kwazulu-Natal,Garvies Beach,Surfing,22-dec-1985,1985,Unprovoked,December,M,,Minor injury,No time specified,Other/Unknown,N
Usa,North Carolina,New Hanover County,,10-dec-1985,1985,Unprovoked,December,M,,Other,No time specified,Tiger Shark,N
Australia,Queensland,Gladstone,Fishing,11-nov-1985,1985,Provoked,November,M,,Injury,No time specified,Other/Unknown,N
Usa,California,"Southeast Farallon Island, Farallon Islands",Boat,05-nov-1985,1985,Watercraft,November,Unknown,,Injury,No time specified,White Shark,N
Usa,California,5 Miles South Of Redondo Beach,Fishing,03-nov-1985,1985,Provoked,November,M,24.0,Injury,No time specified,Other/Unknown,N
South Africa,Eastern Cape Province,East London,Body boarding,24-oct-1985,1985,Unprovoked,October,M,22.0,Severe injury,08:00,White Shark,N
Usa,California,"Point Conception, Santa Barbara County",Diving for abalone (Hookah),22-oct-1985,1985,Unprovoked,October,M,46.0,Minor injury,16:00,Other/Unknown,N
Usa,Hawaii,"Little Glass Shacks, Princeville, Kaua'I",Body boarding,18-oct-1985,1985,Unprovoked,October,M,33.0,Severe injury,No time specified,Tiger Shark,N
Usa,Hawaii,"Barbers Point, O'Ahu",Floating on inner tube after diving for lobster,12-oct-1985,1985,Unprovoked,October,M,24.0,Injury,No time specified,Other/Unknown,N
Usa,Alabama,"Gulf Shores, Baldwin County",Fishing,05-oct-1985,1985,Provoked,October,M,,Injury,No time specified,Other/Unknown,N
Usa,California,"Elephant Rock Near Tomales Point, Marin County",Free diving & spearfishing (descending),28-sep-1985,1985,Unprovoked,September,M,,No injury,No time specified,White Shark,N
South Africa,Kwazulu-Natal,T.O. Strand,Swimming,08-sep-1985,1985,Invalid,September,M,21.0,Other,No time specified,Other/Unknown,UNKNOWN
Usa,Florida,"Palm Beach, Palm Beach County",Scuba diving,08-sep-1985,1985,Unprovoked,September,M,,Injury,15:00,Other/Unknown,N
Usa,Florida,"Fort Pierce Inlet, St Lucie County",Swimming,05-sep-1985,1985,Invalid,September,M,17.0,Other,No time specified,Other/Unknown,UNKNOWN
Usa,South Carolina,"Palmetto Dunes, Hilton Head, Beaufort County",Wading,22-aug-1985,1985,Unprovoked,August,M,87.0,Injury,No time specified,Other/Unknown,N
Usa,Florida,"New Smyrna Beach, Volusia County",Wading,20-aug-1985,1985,Invalid,August,M,11.0,Injury,13:00,Other/Unknown,UNKNOWN
Usa,Florida,"Bayport, Hernando County",Scuba diving,17-aug-1985,1985,Invalid,August,M,67.0,Other,10:30,Other/Unknown,UNKNOWN
Usa,Florida,"Daytona Beach, Volusia County",Wading,25-jul-1985,1985,Unprovoked,July,F,13.0,Injury,17:00,Other/Unknown,N
Usa,Florida,"New Smyrna Beach, Volusia County",Surfing,25-jul-1985,1985,Unprovoked,July,M,15.0,Injury,10:22,Other/Unknown,N
Usa,California,"Off Shelter Cover (Between Fort Bragg & Eureka), Humboldt County",Bottom fishing for lingcod & had hooked a fish,21-jul-1985,1985,Watercraft,July,Unknown,,No injury,No time specified,White Shark,N
Usa,South Carolina,"Folly Beach, Charleston County",Playing in knee-deep water,19-jul-1985,1985,Unprovoked,July,F,10.0,Other,No time specified,Tiger Shark,N
Italy,Sicily,Punta Secca,Snorkeling,mid jul-1985 or mid jul-1986,1985,Unprovoked,July,M,13.0,Other,16:00,White Shark,N
Usa,California,"Long Beach, Los Angeles County","Surfing, but lying prone on his board",26-may-1985,1985,Unprovoked,May,M,,Injury,No time specified,Other/Unknown,N
South Africa,Kwazulu-Natal,Umdhloti,Spearfishing,08-may-1985,1985,Provoked,May,M,39.0,Other,No time specified,Other/Unknown,N
Usa,Florida,"Palm Beach, Palm Beach County",Surfing,16-mar-1985,1985,Unprovoked,March,M,25.0,Injury,No time specified,Other/Unknown,N
Australia,South Australia,"Wiseman’S Beach, Peake Bay, Port Lincoln",Free diving for scallops,03-mar-1985,1985,Unprovoked,March,F,33.0,Fatal,12:30,White Shark,Y
Usa,California,"San Miguel Island, Santa Barbara County",Scuba Diving for lobster (at surface),18-feb-1985,1985,Unprovoked,February,M,29.0,Other,12:45,White Shark,N
Usa,Florida,"15 Miles North Of Sebastian Inlet, Brevard County",Surfing,03-feb-1985,1985,Unprovoked,February,M,16.0,Injury,No time specified,Other/Unknown,N
South Africa,Western Cape Province,Struisbaai,Swimming,27-jan-1985,1985,Unprovoked,January,M,15.0,Injury,18:30,Raggedtooth Shark,N
South Africa,Kwazulu-Natal,Umzimkulu,,18-jan-1985,1985,Invalid,January,M,,Other,No time specified,Other/Unknown,UNKNOWN
South Africa,Kwazulu-Natal,Umbogintwini,Surfing,17-jan-1985,1985,Unprovoked,January,M,18.0,Injury,18:30,White Shark,N
New Zealand,South Island,Christchurch,Investigating shark sighting,16-jan-1985,1985,Watercraft,January,Unknown,,No injury,No time specified,Other/Unknown,N
South Africa,Western Cape Province,"Buffels Bay, False Bay",Spearfishing,04-jan-1985,1985,Unprovoked,January,M,34.0,Minor injury,11:30,White Shark,N
New Caledonia,South Province,Amedee Island,Spearfishing,jan-1985,1985,Unprovoked,January,Unknown,,Injury,No time specified,Tiger Shark,N
South Africa,Kwazulu-Natal,Salt Rock,Spearfishing,jan-1985,1985,Provoked,January,M,20.0,Injury,11:00,Other/Unknown,N
Vanuatu,Malampa Province,"Port Sandwich Bay, Lamap, Malakula",,1985,1985,Unprovoked,,M,,Fatal,No time specified,Other/Unknown,Y
Iran,,"Ramin, Near Ahvaz",Fishing,1985,1985,Unprovoked,,M,,Fatal,No time specified,Bull Shark,Y
Italy,Tyrrhenian Sea,"Marciana Marina, Isola D'Elba",Boat,03-dec-1984,1984,Watercraft,December,Unknown,,No injury,No time specified,White Shark,N
Australia,Queensland,1 Km Off Black'S Beach,Sailing on catamaran & fell into the water,30-nov-1984,1984,Unprovoked,November,M,16.0,Fatal,12:33,Tiger Shark,Y
Usa,Florida,"Jupiter Island Beach, Martin County",Surfing,11-nov-1984,1984,Unprovoked,November,M,13.0,Injury,No time specified,Other/Unknown,N
Usa,Florida,"Fowey Rock, Key Biscayne",Spearfishing,04-nov-1984,1984,Provoked,November,M,29.0,Injury,No time specified,Other/Unknown,N
Usa,Florida,"Wabasso Beach, Indian River County",Swimming,21-oct-1984,1984,Invalid,October,M,22.0,Injury,14:00,Other/Unknown,UNKNOWN
Usa,Florida,"3 Miles South Of Sebastian Inlet State Park, Indian River County",Surfing or body surfing,21-oct-1984,1984,Unprovoked,October,F,23.0,Injury,13:30,Other/Unknown,N
Usa,Florida,"Boynton Beach, Palm Beach County",Wading,17-oct-1984,1984,Invalid,October,F,77.0,Injury,12:05,Other/Unknown,UNKNOWN
Usa,Florida,"Bob Graham Beach, Martin County",Surfing,14-oct-1984,1984,Unprovoked,October,M,15.0,Injury,15:00,Blacktip Shark,N
Usa,Oregon,"""Turnaround"", Cape Kiwanda, Tillamook County",Surfing (sitting on his board),30-sep-1984,1984,Unprovoked,September,M,25.0,Minor injury,15:30,White Shark,N
Usa,California,"Tomales Point, Marin County","Free diving , but surfacing",30-sep-1984,1984,Unprovoked,September,M,,Injury,10:00,White Shark,N
Usa,Florida,Volusia County,Surfing,23-sep-1984,1984,Unprovoked,September,M,17.0,Injury,14:00,Other/Unknown,N
Usa,Florida,,Swimming,22-sep-1984,1984,Unprovoked,September,M,,Injury,No time specified,Other/Unknown,N
Usa,Florida,"Indiatlantic, Brevard County",Surfing,22-sep-1984,1984,Unprovoked,September,M,16.0,Injury,No time specified,Other/Unknown,N
Usa,Florida,Volusia County,Swimming,19-sep-1984,1984,Unprovoked,September,Unknown,,Unknown,No time specified,Other/Unknown,UNKNOWN
Usa,California,"Mission Beach, San Diego County",Wading,17-sep-1984,1984,Unprovoked,September,M,,Injury,15:30,Other/Unknown,N
Usa,California,"Pigeon Point, San Mateo County",Skindiving,15-sep-1984,1984,Unprovoked,September,M,28.0,Fatal,08:30,White Shark,Y
Mexico,Baja California,Guadalupe Island,Spearfishing,11-sep-1984,1984,Provoked,September,M,,No injury,17:50,White Shark,N
Usa,Florida,"Off Crystal River, Citrus County",Boat capsized?,24-aug-1984,1984,Invalid,August,F,31.0,Other,No time specified,Other/Unknown,UNKNOWN
Indonesia,,Bali,"Sea disaster, foundering of the cargo vessle M/V Dorolonda",07-aug-1984,1984,Unprovoked,August,M,,Fatal,No time specified,Other/Unknown,Y
Usa,Texas,South Padre Island,Swimming,24-jul-1984,1984,Unprovoked,July,F,13.0,Injury,14:30,Other/Unknown,N
Usa,Texas,South Padre Island,Swimming,24-jul-1984,1984,Unprovoked,July,F,18.0,Severe injury,12:00,Other/Unknown,N
South Africa,Western Cape Province,Cape Point,Spearfishing,22-jul-1984,1984,Invalid,July,M,21.0,Fatal,11:00,Other/Unknown,UNKNOWN
Usa,Florida,,"During a shark fishing tournament, the 18' Boatem was capsized by waves, throwing 3 men into the water",01-jul-1984,1984,Unprovoked,July,M,30.0,Other,18:00,Other/Unknown,N
South Africa,Kwazulu-Natal,Sodwana,Spearfishing,jul-1984,1984,Unprovoked,July,M,,No injury,No time specified,Raggedtooth Shark,N
South Africa,Western Cape Province,"Muizenberg, False Bay",Surfing,15-jun-1984,1984,Unprovoked,June,M,27.0,No injury,17:30,White Shark,N
Usa,Hawaii,"Kane'Ohe Bay, O'Ahu",Towing her sister on plastic ski board,03-jun-1984,1984,Unprovoked,June,F,13.0,Injury,17:00,Other/Unknown,N
Vanuatu,Malampa Province,"Atchin Island, Off Malakula",Swimming,03-jun-1984,1984,Unprovoked,June,M,,Fatal,No time specified,Other/Unknown,Y
South Africa,Western Cape Province,Arniston,Spearfishing,31-may-1984,1984,Unprovoked,May,M,28.0,Injury,13:30,Other/Unknown,N
Somalia,,,Murder,17-mar-1984,1984,Invalid,March,M,,Fatal,No time specified,Other/Unknown,UNKNOWN
South Africa,Kwazulu-Natal,Amanzimtoti,Surfing,14-mar-1984,1984,Unprovoked,March,M,,No injury,17:30,Other/Unknown,N
South Africa,Eastern Cape Province,Swartkops River Mouth,Rowing,10-mar-1984,1984,Watercraft,March,M,,No injury,No time specified,Other/Unknown,N
Australia,Western Australia,Coral Bay,,01-mar-1984,1984,Unprovoked,March,Unknown,,Unknown,No time specified,Other/Unknown,UNKNOWN
South Africa,Eastern Cape Province,"Paradise Beach, Jeffrey’S Bay",Fishing,18-feb-1984,1984,Provoked,February,M,,Injury,No time specified,Raggedtooth Shark,N
South Africa,Kwazulu-Natal,"Shark Tank At Oceanographic Research Insitute, Durban",Scuba diving,17-feb-1984,1984,Provoked,February,M,33.0,Injury,09:00,Other/Unknown,N
South Africa,Eastern Cape Province,St. George’S Strand,,12-feb-1984,1984,Invalid,February,Unknown,,Other,No time specified,Other/Unknown,UNKNOWN
Australia,Queensland,Derwent Island,Spearfishing,11-feb-1984,1984,Unprovoked,February,M,27.0,Injury,No time specified,White Shark,N
South Africa,Eastern Cape Province,Port Alfred,Swimming,05-jan-1984,1984,Unprovoked,January,M,14.0,Injury,09:30,Raggedtooth Shark,N
South Africa,Kwazulu-Natal,Umlaas Canal,,04-jan-1984,1984,Unprovoked,January,F,14.0,Injury,No time specified,Other/Unknown,Y
Usa,California,San Francisco,Steinhart Aquarium,1984,1984,Provoked,,M,,Other,No time specified,Other/Unknown,N
Usa,Florida,"Indiatlantic, Brevard County",Surfing,1984,1984,Unprovoked,,M,,Injury,No time specified,Other/Unknown,N
Greece,Andikira Fokithes,,Spearfishing,30-dec-1983,1983,Invalid,December,M,36.0,Other,02:45,Other/Unknown,UNKNOWN
Usa,Florida,"Riviera Beach, Palm Beach County",Surfing,25-dec-1983,1983,Unprovoked,December,M,17.0,Injury,15:30,Other/Unknown,N
Australia,South Australia,"Dangerous Reef, South Neptune Island",Scuba diving for abalone,24-dec-1983,1983,Unprovoked,December,M,48.0,Injury,No time specified,White Shark,N
South Africa,Eastern Cape Province,Great Fish River,Swimming,22-dec-1983,1983,Unprovoked,December,M,16.0,Injury,12:30,Other/Unknown,N
South Africa,Eastern Cape Province,Nahoon,Swimming,21-dec-1983,1983,Unprovoked,December,M,47.0,Injury,08:15,Raggedtooth Shark,N
South Africa,Kwazulu-Natal,Lamercy,,07-dec-1983,1983,Invalid,December,M,,Other,No time specified,Other/Unknown,UNKNOWN
Philippines,Central Philippines,,Ferry boat sank,21-nov-1983,1983,Sea Disaster,November,M,,Other,No time specified,Other/Unknown,N
Usa,Florida,"Melbourne Beach, Brevard County",Surfing,reported      10-nov-1983,1983,Unprovoked,November,M,15.0,Injury,No time specified,Tiger Shark,N
South Africa,Kwazulu-Natal,Tongaat,Swimming,10-nov-1983,1983,Invalid,November,F,,Other,No time specified,Other/Unknown,UNKNOWN
Usa,Florida,"Stuart Beach, Martin County",Surfing,17-oct-1983,1983,Unprovoked,October,M,16.0,Injury,No time specified,Other/Unknown,N
Usa,Florida,"Daytona Beach, Volusia County",Wading,13-oct-1983,1983,Unprovoked,October,M,20.0,Injury,No time specified,Other/Unknown,N
Usa,Florida,"Off Lake Worth, Palm Beach County",Standing,04-sep-1983,1983,Unprovoked,September,M,15.0,Minor injury,No time specified,Other/Unknown,N
Usa,Oregon,"Cape Kiwanda,Tillamook County",Surfing,20-aug-1983,1983,Unprovoked,August,M,,No injury,10:00,White Shark,N
South Africa,Western Cape Province,"Seal Island, False Bay",Spearfishing,20-aug-1983,1983,Unprovoked,August,M,29.0,Injury,10:00,White Shark,N
Usa,Virginia,"Virginia Beach, Princess Anne County",Swimming,15-aug-1983,1983,Unprovoked,August,F,14.0,Injury,No time specified,Other/Unknown,N
Usa,Florida,"Riviera Beach, Palm Beach County",Skindiving,13-aug-1983,1983,Provoked,August,M,14.0,Other,No time specified,Nurse Shark,N
Usa,Florida,"6 Miles South Of Boca Chica Key, Monroe County",Diving,13-aug-1983,1983,Unprovoked,August,F,22.0,Severe injury,No time specified,Bull Shark,N
Usa,Rhode Island,,Fishing,06-aug-1983,1983,Watercraft,August,Unknown,,No injury,No time specified,Other/Unknown,N
Australia,Queensland,"Off Lodestone Reef, Great Barrier Reef, North Of Townsville",Swimming from the New Venture,26-jul-1983,1983,Sea Disaster,July,F,21.0,Fatal,04:00,Tiger Shark,Y
Australia,Queensland,"Off Lodestone Reef, Great Barrier Reef, North Of Townsville",Swimming from the New Venture,25-jul-1983,1983,Sea Disaster,July,M,24.0,Fatal,No time specified,Tiger Shark,Y
Australia,Queensland,"Off Lodestone Reef, Great Barrier Reef, North Of Townsville",14 m prawn trawler New Venture capsized  & sank in heavy seas Three people in the water,25-jul-1983,1983,Sea Disaster,July,M,28.0,Injury,No time specified,Tiger Shark,N
South Africa,Eastern Cape Province,"Seal Point, Cape St. Francis",Surfing,15-jul-1983,1983,Unprovoked,July,M,,Injury,No time specified,Other/Unknown,N
Usa,Florida,"Caloosahatchee River, Lee County",Windsurfing,12-jul-1983,1983,Unprovoked,July,F,39.0,Injury,No time specified,Other/Unknown,N
Bahamas,Abaco Islands,Green Turtle Cay,Spearfishing,08-jul-1983,1983,Unprovoked,July,M,13.0,Injury,12:00,Other/Unknown,N
Usa,Florida,"Riviera Beach, Palm Beach County",Floating on air mattress,05-jul-1983,1983,Unprovoked,July,M,17.0,No injury,No time specified,Other/Unknown,N
Usa,Florida,"Off 12Th Street, Miami Beach",Swimming,29-jun-1983,1983,Unprovoked,June,M,42.0,Injury,11:00,Other/Unknown,N
Bahamas,Abaco Islands,"Off Sandy Point, Great Abaco Island",Spearfishing,22-jun-1983,1983,Unprovoked,June,M,15.0,Fatal,16:00,Other/Unknown,Y
Usa,Florida,"Cocoa Beach, Brevard County",Surfing & dangling foot in water amid baitfish,20-jun-1983,1983,Unprovoked,June,M,21.0,Injury,16:30,Other/Unknown,N
Bahamas,,Carter Cay,,15-jun-1983,1983,Unprovoked,June,M,30.0,Injury,11:00,Blacktip Shark,N
Italy,Northwest Italy,Riomaggiore (Ligura),Scuba diving,15-jun-1983,1983,Invalid,June,M,,No injury,No time specified,Other/Unknown,UNKNOWN
Bahamas,Berry Islands,Whale Cay,Spearfishing,june 1983,1983,Unprovoked,June,M,,Injury,17:00,Other/Unknown,N
Usa,Florida,"Intracoastal Waterway, Boca Raton, Palm Beach County",Water-skiing,31-may-1983,1983,Unprovoked,May,M,21.0,Injury,No time specified,Other/Unknown,N
Usa,Florida,"Riviera Beach, Palm Beach County",Surfing,24-may 1983,1983,Unprovoked,May,M,15.0,No injury,No time specified,Other/Unknown,N
Usa,Florida,"Haulover Inlet, Dade County",Surfing,21-may-1983,1983,Unprovoked,May,M,22.0,Injury,14:00,Other/Unknown,N
Usa,Florida,,Surfing,19-apr-1983,1983,Unprovoked,April,M,,Unknown,No time specified,Other/Unknown,UNKNOWN
South Africa,Eastern Cape Province,Bonza Bay,Fishing,12-apr-1983,1983,Unprovoked,April,M,27.0,Injury,19:30,Raggedtooth Shark,N
Usa,Florida,"Lake Worth Beach, Palm Beach County",Surfing,02-apr-1983,1983,Unprovoked,April,M,16.0,Injury,11:00,Other/Unknown,N
South Africa,Kwazulu-Natal,Mpande,,02-apr-1983,1983,Invalid,April,M,,Other,No time specified,Other/Unknown,UNKNOWN
South Africa,Kwazulu-Natal,Scottburgh,Spearfishing,30-mar-1983,1983,Unprovoked,March,M,17.0,Injury,11:15,Other/Unknown,N
South Africa,Eastern Cape Province,Nahoon,Surfing,22-mar-1983,1983,Unprovoked,March,M,,No injury,12:30,Blacktip Shark,N
Usa,Florida,"Juno Beach, Palm Beach County",Surfing,10-mar-1983,1983,Unprovoked,March,M,,No injury,No time specified,Other/Unknown,N
New Caledonia,Loyalty Islands,"We, Lifou",,mar-1983,1983,Unprovoked,March,Unknown,,Injury,No time specified,Other/Unknown,N
South Africa,Kwazulu-Natal,Mtunzini,Paddleskiing,20-feb-1983,1983,Unprovoked,February,M,16.0,Injury,12:30,Other/Unknown,N
Usa,South Carolina,60 Miles Southeast Of Beaufort,Fishing,24-jan-1983,1983,Provoked,January,M,43.0,Injury,No time specified,Other/Unknown,N
South Africa,Kwazulu-Natal,Amanzimtoti,,15-jan-1983,1983,Invalid,January,M,,Fatal,No time specified,Other/Unknown,UNKNOWN
South Africa,Western Cape Province,Muizenberg,Windsurfing,10-jan-1983,1983,Unprovoked,January,M,22.0,Injury,18:15,Other/Unknown,N
South Africa,Western Cape Province,Holbaai,Spearfishing,08-jan-1983,1983,Unprovoked,January,M,32.0,No injury,13:00,White Shark,N
,English Channel,,Swimming,ca. 1983,1983,Unprovoked,,M,,Injury,No time specified,Other/Unknown,N
Vanuatu,Malampa Province,"Off The Beach Opposite Atchin Island, Malakula",Ran into the water,1983,1983,Unprovoked,,M,,Fatal,No time specified,Other/Unknown,Y
Usa,North & South Carolina,,Fishing,1983,1983,Provoked,,M,,Injury,No time specified,Other/Unknown,N
Australia,New South Wales,Suffolk Park,Surfing,26-dec-1982,1982,Unprovoked,December,M,27.0,No injury,No time specified,Bronze Whaler Shark,N
Usa,South Carolina,"Isle Of Palms, Charleston County",In waist-deep water,nov-1982,1982,Unprovoked,November,M,,Injury,No time specified,Other/Unknown,N
Usa,Carolina Coast,,Yacht Trashman capsized in storm,23-oct-1962,1982,Sea Disaster,October,Unknown,,Fatal,No time specified,Other/Unknown,Y
Usa,Florida,North Dade- Interama Area Of Biscayne Bay,Windsurfing,13-oct-1982,1982,Unprovoked,October,M,26.0,Injury,11:00,Other/Unknown,N
South Africa,Eastern Cape Province,"Nahoon, East London",Surfing,30-sep-1982,1982,Unprovoked,September,M,16.0,No injury,16:00,Other/Unknown,N
South Africa,Eastern Cape Province,"Nahoon, East London",Surfing,30-sep-1982,1982,Unprovoked,September,M,16.0,No injury,14:50,White Shark,N
Usa,Florida,"Patrick Air Force Base, Brevard County",Surfing,27-sep-1982,1982,Unprovoked,September,M,20.0,Injury,13:30,Other/Unknown,N
Usa,California,"Monastery Beach, Carmel Bay, Monterey County",Diving,25-sep-1982,1982,Unprovoked,September,M,36.0,Injury,No time specified,White Shark,N
Usa,California,"Bear Harbor, Mendocino County",Free diving for abalone from Zodiac (submerged),19-sep-1982,1982,Unprovoked,September,M,28.0,Injury,14:30,White Shark,N
Usa,Florida,"Hollywood Beach, Broward County",,04-sep-1982,1982,Invalid,September,M,,Unknown,No time specified,Other/Unknown,UNKNOWN
Japan,Kumamoto Prefecture,Ariake Bay,,29-aug-1982,1982,Unprovoked,August,M,,Fatal,No time specified,Other/Unknown,Y
Usa,California,"Morro Rock, Morro Bay, San Obispo County",Surfing,29-aug-1982,1982,Invalid,August,M,17.0,No injury,10:20,Other/Unknown,UNKNOWN
South Africa,Western Cape Province,Langebaan,Swimming,29-aug-1982,1982,Unprovoked,August,F,18.0,Injury,12:00,Other/Unknown,N
Tunisia,,"Skanes, Near Monaster",Windsurfing,late aug-1982,1982,Unprovoked,August,M,,Injury,No time specified,Other/Unknown,N
South Africa,Kwazulu-Natal,Amanzimtoti,Boogie boarding,31-jul-1982,1982,Invalid,July,M,20.0,No injury,16:00,Other/Unknown,UNKNOWN
South Africa,Eastern Cape Province,"Nahoon, East London",Paddleskiing,24-jul-1982,1982,Unprovoked,July,M,38.0,No injury,16:00,White Shark,N
Usa,California,"Point Buchon, San Luis Obispo County",Paddle Boarding,24-jul-1982,1982,Unprovoked,July,M,26.0,No injury,11:00,White Shark,N
Usa,Florida,"Stuart Beach, Martin County",Swimming,19-jul-1982,1982,Unprovoked,July,M,17.0,Injury,No time specified,Other/Unknown,N
Usa,California,"Malibu, Los Angeles County",Swimming,11-jul-1982,1982,Invalid,July,M,43.0,Injury,No time specified,Other/Unknown,UNKNOWN
Usa,Florida,"Daytona Beach, Volusia County",Swimming,01-jul-1982,1982,Unprovoked,July,F,19.0,Injury,14:30,Other/Unknown,N
New Caledonia,South Province,"Sarcelle, Isle Of Pines",,jul-1982,1982,Unprovoked,July,Unknown,,Injury,No time specified,Other/Unknown,N
South Africa,Eastern Cape Province,Ntlonyana Bay,Surfing,29-jun-1982,1982,Unprovoked,June,M,27.0,Fatal,09:30,White Shark,Y
Usa,South Carolina,"Isle Of Palms, Charleston County",Swimming,26-jun-1982,1982,Unprovoked,June,M,20.0,Injury,16:30,Other/Unknown,N
Bahamas,Andros Islands,North Rat Cay Reef,Spearfishing,26-jun-1982,1982,Unprovoked,June,M,19.0,Severe injury,No time specified,Lemon Shark,N
Usa,Florida,"Ormond Beach / Daytona Beach, Volusia County",,25-jun-1982,1982,Unprovoked,June,F,8.0,Injury,11:00,Other/Unknown,N
Usa,Hawaii,"Ho'Okipa Beach, Pa'Ia, Maui","Sailboarding, fell into water 100 yards outside the breakwater",13-jun-1982,1982,Unprovoked,June,M,,Injury,No time specified,Other/Unknown,N
Usa,South Carolina,"Daws Island, Broad River (Near Beaufort)",,may 1982,1982,Invalid,May,F,,Other,No time specified,Other/Unknown,UNKNOWN
Usa,Florida,"Palm Beach, Palm Beach County",Surfing,10-mar-1982,1982,Unprovoked,March,M,16.0,Injury,14:00,Other/Unknown,N
Australia,New South Wales,"Tallow Beach, Byron Bay",Surfing,07-mar-1982,1982,Unprovoked,March,M,20.0,Fatal,12:00,Other/Unknown,Y
New Caledonia,,,Spearfishing,mar-1982,1982,Unprovoked,March,M,,Injury,No time specified,Other/Unknown,N
Australia,Tasmania,South Cape Bay,Spearfishing,28-feb-1982,1982,Unprovoked,February,M,32.0,Fatal,No time specified,White Shark,Y
Usa,Florida,"Hobe Sound, Palm Beach County",Surfing,27-feb-1982,1982,Unprovoked,February,M,18.0,Injury,No time specified,Other/Unknown,N
South Africa,Western Cape Province,Mossel Bay,Fishing,17-feb-1982,1982,Provoked,February,M,,Injury,No time specified,Other/Unknown,N
Usa,Hawaii,"White Plains Beach, Barbers Point, O'Ahu",Wading,14-feb-1982,1982,Unprovoked,February,F,,Injury,No time specified,Other/Unknown,N
Usa,Hawaii,"White Plains Beach, Barbers Point, O'Ahu",Swimming,14-feb-1982,1982,Unprovoked,February,F,,Injury,No time specified,Other/Unknown,N
Usa,Florida,"Palm Beach, Palm Beach County",Swimming,13-feb-1982,1982,Unprovoked,February,F,75.0,Injury,10:37,Other/Unknown,Y
Usa,California,"Stillwater Cove, Sonoma County",Scuba diving (submerged),07-feb-1982,1982,Unprovoked,February,M,,Injury,11:00,White Shark,N
Usa,Florida,Elliot Key,Diving,07-feb-1982,1982,Unprovoked,February,M,29.0,Fatal,No time specified,Other/Unknown,Y
South Africa,Eastern Cape Province,Mpekeweni,Swimming,29-jan-1982,1982,Unprovoked,January,M,20.0,Injury,16:30,Raggedtooth Shark,N
Italy,Tyrrhenian Sea,"Lacona, Isola D'Elba",Boat,,1982,Watercraft,,M,,Unknown,No time specified,White Shark,UNKNOWN
Italy,Tyrrhenian Sea,"Biodola, Isola D'Elba",Fishing on a boat,,1982,Watercraft,,M,,No injury,No time specified,White Shark,N
Tunisia,Biserta,Bechateur,Spearfishing,,1982,Unprovoked,,Unknown,,Unknown,No time specified,Other/Unknown,UNKNOWN
Usa,California,"South Moss Beach, Spanish Bay, Monterey Peninsula",Surfing,19-dec-1981,1981,Unprovoked,December,M,24.0,Fatal,No time specified,White Shark,Y
Australia,Queensland,Green Island,,13-dec-1981,1981,Unprovoked,December,Unknown,,Injury,No time specified,Other/Unknown,N
Usa,Hawaii,"Nimitz Beach, Barbers Point, O'Ahu","Spearfishing, but swimming on surface",13-dec-1981,1981,Unprovoked,December,M,,Severe injury,No time specified,Tiger Shark,N
Reunion,Saint-Philippe,Vicendo,Spearfishing,30-nov-1981,1981,Unprovoked,November,M,,Other,No time specified,Other/Unknown,N
South Africa,Western Cape Province,Mossel Bay,Inspecting teeth of supposedly dead (hooked & shot) shark,19-oct-1981,1981,Provoked,October,M,,Injury,No time specified,White Shark,N
Usa,Hawaii,"La'Au Point, Moloka'I",Diving to untangle a crab trap line from boat's propeller,09-nov-1981,1981,Unprovoked,November,M,59.0,Injury,No time specified,Other/Unknown,N
Usa,Florida,"Jupiter Island, Brevard County",Swimming,19-oct-1981,1981,Unprovoked,October,M,19.0,Injury,11:30,Other/Unknown,N
Usa,Florida,"Palm Beach, Palm Beach County",Surfing,17-oct-1981,1981,Unprovoked,October,M,,Unknown,09:45,Other/Unknown,UNKNOWN
Usa,Florida,"Cocoa Beach, Brevard County",Surfing,16-oct-1981,1981,Unprovoked,October,M,17.0,Injury,No time specified,Other/Unknown,N
Usa,Florida,"Playalinda Beach, Brevard County",Surfing,01-oct-1981,1981,Unprovoked,October,M,24.0,Injury,No time specified,Other/Unknown,N
Usa,Florida,"Cocoa Beach, Brevard County",Surfing,28-sep-1981,1981,Unprovoked,September,M,28.0,Injury,18:00,Other/Unknown,N
Usa,Florida,"Melbourne Beach, Brevard County",Surfing,27-sep-1981,1981,Unprovoked,September,M,,Injury,No time specified,Other/Unknown,N
Usa,Florida,"Tampa Bay, Manatee County",Swimming,15-sep-1981,1981,Unprovoked,September,M,26.0,Fatal,No time specified,Tiger Shark,Y
Usa,Florida,"Patrick Air Force Base, Brevard County",Surfing,03-sep-1981,1981,Unprovoked,September,M,25.0,Injury,12:00,Other/Unknown,N
Usa,Florida,"Cocoa Beach, Brevard County",Surfing,03-sep-1981,1981,Unprovoked,September,M,24.0,Injury,No time specified,Other/Unknown,N
Usa,Florida,"New Smyrna Beach, Volusia County",Surfing,29-aug-1981,1981,Unprovoked,August,M,15.0,Injury,No time specified,Other/Unknown,N
Usa,Florida,Gulf Island National Seashore Park,Spearfishing,24-aug-1981,1981,Provoked,August,M,19.0,Injury,No time specified,Other/Unknown,N
Usa,Hawaii,"Keaukaha, Hilo, Hawai'I",Fishing,24-aug-1981,1981,Invalid,August,M,,Other,No time specified,Other/Unknown,UNKNOWN
Usa,Florida,"Marathon, Monroe County",Diving,10-aug-1981,1981,Unprovoked,August,M,,Injury,No time specified,Nurse Shark,N
Usa,Florida,"Ormond Beach / Daytona Beach, Volusia County","16' catamaran capsized previous night, occupants stayed with wreckage until morning, then attempted to swim ashore",10-aug-1981,1981,Unprovoked,August,F,19.0,Fatal,No time specified,Other/Unknown,Y
Bahamas,Grand Bahama Island,"Gingerbread Reef, East Of Little Isaac Island",Snorkeling on surface,07-aug-1981,1981,Unprovoked,August,M,53.0,Injury,12:00,Other/Unknown,N
Usa,Florida,"St. Petersburg Beach, Pinellas County",Swimming,20-jul-1981,1981,Unprovoked,July,F,16.0,Injury,No time specified,Other/Unknown,N
South Africa,Eastern Cape Province,Nahoon,Surfing,18-jul-1981,1981,Unprovoked,July,M,32.0,Injury,10:15,Other/Unknown,N
Usa,Florida,Carter Cay,Spearfishing,07-jul-1981,1981,Unprovoked,July,M,,Injury,18:10,Other/Unknown,N
South Africa,Kwazulu-Natal,Clansthal,Catching sardines,01-jul-1981,1981,Unprovoked,July,M,,Injury,No time specified,Other/Unknown,N
England,,Isle Of Wight,Fishing,reported 15-jun-1981,1981,Watercraft,June,M,,Minor injury,No time specified,Other/Unknown,N
Usa,Hawaii,"Honoli'I Pali, Hilo Bay ('Alae Point), Hawai'I",,12-jun-1981,1981,Invalid,June,M,,Other,No time specified,Other/Unknown,UNKNOWN
Usa,Hawaii,"Ha'Ena Beach Park, Kaua'I","Scuba diving, reportedly also spearfishing",24-may-1981,1981,Unprovoked,May,M,,Fatal,No time specified,Other/Unknown,Y
South Korea,Chungnam,Wae-Yeon Island,Shell diving,23-may-1981,1981,Unprovoked,May,F,27.0,Fatal,12:30,White Shark,Y
South Africa,Eastern Cape Province,Nahoon,Surfing,20-may-1981,1981,Unprovoked,May,M,27.0,No injury,08:30,Raggedtooth Shark,N
Usa,Florida,"Sands Cut, Elliot Key",Free diving,19-may-1981,1981,Unprovoked,May,M,32.0,Other,No time specified,Other/Unknown,N
Usa,Florida,"Jacksonville, Duval County",Diving,16-may-1981,1981,Unprovoked,May,M,,Injury,No time specified,Lemon Shark,N
South Africa,Eastern Cape Province,King’S Beach,Surfing,10-may-1981,1981,Unprovoked,May,M,19.0,No injury,14:45,Raggedtooth Shark,N
Namibia,Eronogo Region,Walvis Bay,Finning the shark that bit him,07-may-1981,1981,Provoked,May,M,,Injury,No time specified,Other/Unknown,N
Bermuda,,,Foundering of the Israeli freighter Mezada,08-mar-1981,1981,Sea Disaster,March,Unknown,,Other,No time specified,Other/Unknown,N
South Africa,Eastern Cape Province,Ntlonyane Bay,Surfing,05-may-1981,1981,Unprovoked,May,M,24.0,Severe injury,09:00,Tiger Shark,N
Usa,Florida,"Singer Island, Riviera Beach, Palm Beach County",Standing / Wading,25-mar-1981,1981,Unprovoked,March,M,19.0,Injury,15:00,Bull Shark,N
Usa,Florida,"Singer Island, Riviera Beach, Palm Beach County",Surfing,24-mar-1981,1981,Unprovoked,March,M,24.0,Injury,17:30,Other/Unknown,N
Chile,Coquimbo,"Bahia Totoralillo, 80  Km North Of Coquimbo",Free diving Spearfishing,04-mar-1981,1981,Unprovoked,March,M,,Injury,10:30,White Shark,N
Brazil,Rio De Janeiro,Cabo Frio,Diving,mar-1981,1981,Unprovoked,March,Unknown,,Unknown,No time specified,White Shark,UNKNOWN
South Africa,Kwazulu-Natal,Umtentweni,Swimming,19-feb-1981,1981,Unprovoked,February,M,30.0,Injury,17:20,Blacktip Shark,N
Australia,Western Australia,"Leighton Beach, North Of Freemantle",Exercising his dog in the shallows,16-feb-1981,1981,Unprovoked,February,M,,Injury,No time specified,Other/Unknown,N
Australia,Western Australia,"Parker'S Point, Rottnest Island",,07-feb-1981,1981,Unprovoked,February,Unknown,,Unknown,No time specified,Other/Unknown,UNKNOWN
Usa,Florida,"Juno Beach, Palm Beach County",Surfing,02-feb-1981,1981,Unprovoked,February,M,15.0,Injury,13:30,Other/Unknown,N
Brazil,Rio De Janeiro,Cabo Frio,Spearfishing,feb-1981,1981,Unprovoked,February,Unknown,,Injury,No time specified,Other/Unknown,N
Usa,Florida,20 Miles From Mayport,Commercial spearfishing,30-jan-1981,1981,Unprovoked,January,M,25.0,Injury,No time specified,Tiger Shark,N
South Africa,Kwazulu-Natal,Widenham,Swimming,01-jan-1981,1981,Invalid,January,M,23.0,Other,No time specified,Other/Unknown,UNKNOWN
Australia,New South Wales,Byron Bay,Surf-skiing,1981,1981,Unprovoked,,M,27.0,No injury,07:00,Tiger Shark,N
Greece,Pagasitikos Gulf,,"Free diving / spearfishing,",summer of 1981,1981,Unprovoked,,M,,Minor injury,No time specified,Other/Unknown,N
South Africa,Eastern Cape Province,Nahoon,Paddleskiing,12-30-1980,1980,Unprovoked,December,M,25.0,No injury,17:15,Other/Unknown,N
South Africa,Eastern Cape Province,Port Elizabeth,,26-dec-1980,1980,Invalid,December,Unknown,,Other,No time specified,Other/Unknown,UNKNOWN
Reunion,Grand'Anse,Petite-Ile,Spearfishing,24-nov-1980,1980,Unprovoked,November,M,22.0,Injury,15:00,White Shark,N
Australia,Western Australia,Lancelin,Swimming,18-nov-1980,1980,Unprovoked,November,M,,Injury,No time specified,Other/Unknown,N
South Africa,Kwazulu-Natal,Mnini,Swimming,17-nov-1980,1980,Invalid,November,M,,Other,No time specified,Other/Unknown,UNKNOWN
Brazil,Pernambuco,Piedade,Swimming,11-nov-1980,1980,Unprovoked,November,M,16.0,Fatal,No time specified,Other/Unknown,Y
Usa,Oregon,Off Umpqua River,Surfing,27-oct-1980,1980,Unprovoked,October,M,29.0,Injury,15:45,White Shark,N
Usa,California,"Moonstone Beach, Humboldt County",Surfing,17-oct-1980,1980,Unprovoked,October,M,19.0,No injury,09:30,White Shark,N
Mexico,,,Diving in tuna net,reported 22-aug-1980,1980,Unprovoked,August,M,22.0,Fatal,No time specified,Other/Unknown,Y
Usa,Louisiana,"Grand Isle, Jefferson Parish",Wading,reported 03-aug-1980,1980,Unprovoked,August,M,,Injury,No time specified,Other/Unknown,N
Usa,North Carolina,"Ocean Isle, Brunswick County",Wading,10-aug-1980,1980,Unprovoked,August,F,10.0,Injury,No time specified,Other/Unknown,N
Usa,Hawaii,"Puamana, Lahaina, Maui",Resting on body board,04-aug-1980,1980,Unprovoked,August,M,,Injury,No time specified,Tiger Shark,N
Spain,Canary Islands,"San Juan De La Rambla, Tenerife",Skin diving,26-jul-1980,1980,Unprovoked,July,M,,Injury,No time specified,Other/Unknown,N
Usa,New Jersey,"Ocean City, Cape May County",Body surfing,27-jul-1980,1980,Unprovoked,July,M,15.0,Injury,15:00,Other/Unknown,N
Usa,Delaware,Dewey Beach,Standing,23-jul-1980,1980,Unprovoked,July,F,22.0,No injury,No time specified,Other/Unknown,N
Usa,North Carolina,"Emerald Isle Pier (Near Morehead City), Carteret County",Surfing,late jul-1980,1980,Unprovoked,July,M,,No injury,No time specified,Other/Unknown,N
Usa,Florida,"New Smyrna Beach, Volusia County",Surfing,early jul-1980,1980,Unprovoked,July,M,,Injury,No time specified,Other/Unknown,N
Usa,California,"Off San Clemente Island, Los Angeles County",Scuba diving,26-jun-1980,1980,Provoked,June,F,44.0,Injury,No time specified,Other/Unknown,N
South Africa,Eastern Cape Province,Fuller’S Bay,Surfing,15-may-1980,1980,Unprovoked,May,M,22.0,No injury,08:00,Other/Unknown,N
Jamaica,St. Mary'S Parish,"Priestman'S River Area, East Portland",Spearfishing,25-apr-1980,1980,Provoked,April,M,,Injury,No time specified,Other/Unknown,N
Philippines,Romblon Province,"Maestre De Campo Island, 120 Miles South Of Manila",Sinking of the ferryboat Don Juan,22-apr-1980,1980,Sea Disaster,April,Unknown,,Fatal,No time specified,Other/Unknown,Y
Mexico,Sinaloa,Mazatlán,Body surfing,apr-1980,1980,Unprovoked,April,F,13.0,Injury,No time specified,Tiger Shark,N
South Africa,Kwazulu-Natal,Umdhloti,Free diving,29-mar-1980,1980,Unprovoked,March,M,52.0,Fatal,No time specified,Tiger Shark,Y
Brazil,Rio De Janeiro,"Copacabana Beach, Rio De Janiero",Swimming,28-mar-1980,1980,Unprovoked,March,M,,Injury,No time specified,Other/Unknown,N
Philippines,,250 Miles Southwest Of Manila,Sinking of the ferryboat Bongbong 1,15-mar-1980,1980,Sea Disaster,March,F,,Fatal,No time specified,Other/Unknown,Y
South Africa,Western Cape Province,Velddrif,Fishing,11-mar-1980,1980,Provoked,March,M,61.0,Injury,No time specified,Other/Unknown,N
South Africa,Kwazulu-Natal,Ballito,Body boarding,31-jan-1980,1980,Unprovoked,January,M,24.0,Severe injury,14:45,White Shark,N
Kenya,Lamu Archipelago,South Of Lamu Island,Spearfishing,25-jan-1980,1980,Unprovoked,January,M,29.0,Injury,No time specified,Other/Unknown,N
South Africa,Kwazulu-Natal,Anstey’S,Spearfishing,15-jan-1980,1980,Provoked,January,M,29.0,No injury,05:00,Other/Unknown,N
South Africa,Eastern Cape Province,Sardinia Bay,Swimming,13-jan-1980,1980,Unprovoked,January,M,,Minor injury,No time specified,Other/Unknown,N
South Africa,Eastern Cape Province,King’S Beach,Swimming,10-jan-1980,1980,Unprovoked,January,M,25.0,Injury,18:30,Raggedtooth Shark,N
Chile,Los Vilos,"Punta Negra, Pichidangui",Hookah Diving,05-jan-1980,1980,Unprovoked,January,M,,Fatal,11:00,White Shark,Y
North Atlantic Ocean,,Onboard Swordfish Trawler,Gaffing netted shark,summer 1980,1980,Provoked,,M,34.0,Injury,No time specified,Other/Unknown,N
Greece,Island Of Kos,,Surfing,1980s,1980,Invalid,,M,,Injury,No time specified,White Shark,UNKNOWN
South Africa,Eastern Cape Province,Bonza Bay,Spearfishing,,1980,Invalid,,M,20.0,No injury,No time specified,Other/Unknown,UNKNOWN
Tonga,Ha'Api,Ha'Ano Island,Spearfishing,1980s,1980,Unprovoked,,M,,Injury,No time specified,Other/Unknown,N
South Africa,Eastern Cape Province,Kenton-On-Sea,Swimming,21-dec-1979,1979,Unprovoked,December,M,18.0,Injury,16:20,Other/Unknown,N
Portugal,Madeira Islands,"Sao Jorge, Madeira Island",Spearfishing,05-dec-1979,1979,Invalid,December,M,19.0,Fatal,No time specified,White Shark,Y
South China Sea,,,Diving,01-dec-1979,1979,Unprovoked,December,M,32.0,Other,No time specified,Other/Unknown,N
Usa,Oregon,"Haystack Rock, Cannon Beach, Clatsop County",Surfing,27-nov-1979,1979,Unprovoked,November,M,20.0,Injury,10:20,White Shark,N
South Africa,Western Cape Province,Macassar,Shark fishing,12-nov-1979,1979,Provoked,November,Unknown,,No injury,No time specified,White Shark,N
South Africa,Eastern Cape Province,Algoa Bay,Fishing,22-oct-1979,1979,Provoked,October,M,,Injury,No time specified,Raggedtooth Shark,N
Australia,New South Wales,Byron Bay,Scuba diving,14-sep-1979,1979,Unprovoked,September,M,18.0,Injury,No time specified,Other/Unknown,N
Hong Kong,,Mirs Bay,Freedom swimming,28-aug-1979,1979,Unprovoked,August,M,21.0,Fatal,No time specified,Other/Unknown,Y
Hong Kong,Ho Ha Wan Marine Park,,,26-aug-1979,1979,Unprovoked,August,M,16.0,Fatal,No time specified,Other/Unknown,Y
Usa,Florida,"Daytona Beach, Volusia County",Kayaking,05-aug-1979,1979,Unprovoked,August,M,49.0,Injury,No time specified,Other/Unknown,N
Thailand,Southern Thailand,,Murdered by Thai pirates,03-aug-1979,1979,Unprovoked,August,M,,Fatal,No time specified,Other/Unknown,Y
Usa,Florida,10 Miles Off Cape Canaveral,Floating with life preserver after his boat foundered,19-jun-1979,1979,Sea Disaster,June,M,56.0,Injury,No time specified,Other/Unknown,N
Usa,Florida,"Fort Walton Beach, Okaloosa County",Scuba diving,27-may-1979,1979,Invalid,May,M,36.0,Fatal,No time specified,Other/Unknown,UNKNOWN
South Africa,Western Cape Province,"Hangklip, False Bay",Spearfishing,05 may 1979,1979,Provoked,May,M,25.0,Other,14:00,White Shark,N
South Africa,Kwazulu-Natal,Mbibi,Scuba diving,03-may-1979,1979,Unprovoked,May,M,,Fatal,12:00,Other/Unknown,Y
New Caledonia,North Province,Ile Yandé (Between Poum And Bélep),Fishing,may 1979,1979,Unprovoked,May,Unknown,,Severe injury,No time specified,Other/Unknown,N
New Caledonia,North Province,Balade,,may 1979,1979,Unprovoked,May,M,,Fatal,No time specified,Other/Unknown,Y
Usa,Florida,"Public Beach (Carlin Park), Jupiter, Palm Beach County",Swimming,08-apr-1979,1979,Unprovoked,April,M,24.0,Injury,13:20,Other/Unknown,N
Usa,Florida,"Municipal Beach, Boyton Beach, Palm Beach County",Body surfing,08-apr-1979,1979,Unprovoked,April,M,8.0,Injury,10:30,Other/Unknown,N
Usa,Florida,"Singer Island, Riviera Beach, Palm Beach County",Surfing,24-mar-1979,1979,Unprovoked,March,M,27.0,Injury,11:30,Blacktip Shark,N
Usa,California,"Ano Nuevo Island, San Mateo, County",Scuba diving (submerged),11-mar-1979,1979,Unprovoked,March,M,,No injury,10:00,White Shark,N
South Africa,Western Cape Province,Seal Island,,01-mar-1979,1979,Watercraft,March,Unknown,,No injury,No time specified,Other/Unknown,N
New Caledonia,Grand Terre,"Five Mile Beach, I'Le Ouen",Spearfishing,mar-1979,1979,Unprovoked,March,M,,Fatal,No time specified,Other/Unknown,Y
South Africa,Eastern Cape Province,Port Alfred,"Surfing, collided with shark",21-feb-1979,1979,Unprovoked,February,M,19.0,Injury,13:15,Other/Unknown,N
Usa,Hawaii,"South Kohala, Hawai'I",Fishing,1979,1979,Unprovoked,,M,,Fatal,No time specified,Other/Unknown,Y
Australia,Queensland,Bribie Island,,29-dec-1978,1978,Unprovoked,December,M,,Other,No time specified,Other/Unknown,N
South Africa,Kwazulu-Natal,Sodwana,Spearfishing,12-dec-1978,1978,Unprovoked,December,M,23.0,Fatal,16:45,White Shark,Y
Usa,Hawaii,"Ewa, O'Ahu",Surfing,26-nov-1978,1978,Unprovoked,November,M,,Injury,No time specified,Other/Unknown,N
Usa,Florida,"Jupiter, Palm Beach County",Surfing,23-nov-1978,1978,Unprovoked,November,M,17.0,Injury,No time specified,Other/Unknown,N
South Africa,Kwazulu-Natal,"Fishing Camp, St. Lucia Estuary",Fishing,21-oct-1978,1978,Invalid,October,M,,Fatal,No time specified,Other/Unknown,UNKNOWN
South Africa,Western Cape Province,"Miller'S Point, False Bay",Spearfishing,27-sep-1978,1978,Unprovoked,September,M,27.0,No injury,16:00,White Shark,N
Italy,Tyrrhenian Sea,Capo D'Anzio,Diving,16-sep-1978,1978,Unprovoked,September,M,,No injury,11:00,White Shark,N
Usa,California,Santa Barbara,,03-sep-1978,1978,Unprovoked,September,M,28.0,Minor injury,No time specified,Other/Unknown,N
Australia,Tasmania,"Cape Pillar, Storm Bay",Scuba diving for abalone,reported 02-sep-1978,1978,Unprovoked,September,M,34.0,Severe injury,No time specified,Other/Unknown,N
Usa,California,"Pajaro Dunes, Santa Cruz County",Wading,05-aug-1978,1978,Unprovoked,August,M,,Minor injury,12:45,Other/Unknown,N
Usa,Florida,Florida Straits,Floating on inner tube raft,reported 01-aug-1978,1978,Unprovoked,August,M,27.0,Minor injury,No time specified,Other/Unknown,N
Usa,South Carolina,,"Explosion destroyed 28' boat, survivors in the water",27-jul-1978,1978,Sea Disaster,July,M,39.0,No injury,No time specified,Other/Unknown,N
Usa,California,"Newport Beach, Orange County",Fishing,19-jul-1978,1978,Provoked,July,M,27.0,Injury,No time specified,Other/Unknown,N
Usa,Florida,"South Of Neptune Beach, Duval County",Surfing,21-jun-1978,1978,Unprovoked,June,M,20.0,Injury,No time specified,Other/Unknown,N
Usa,Florida,"Neptune Beach, Duval County",Surfing,21-jun-1978,1978,Unprovoked,June,M,17.0,Other,No time specified,Other/Unknown,N
Italy,Golfo De Venezia,Acqua Alta Research Platform,,07-jun-1978,1978,Invalid,June,Unknown,,No injury,No time specified,Other/Unknown,UNKNOWN
Marshall Islands,Ralik Archipelago,Enewetak Atoll,Diving,02-apr-1978,1978,Unprovoked,April,M,25.0,Injury,No time specified,Other/Unknown,N
Marshall Islands,Ralik Archipelago,Enewetak Atoll,Diving,02-apr-1978,1978,Unprovoked,April,M,23.0,Injury,No time specified,Other/Unknown,N
Australia,Tasmania,Beechford,Scuba diving,apr-1978`,1978,Unprovoked,April,M,,Injury,No time specified,Other/Unknown,N
South Africa,Eastern Cape Province,"Gulu Deep, East London",,05-mar-1978,1978,Watercraft,March,Unknown,,No injury,No time specified,Other/Unknown,N
South Africa,Western Cape Province,"Seal Island, False Bay",Fishing for mackerel,28-feb-1978,1978,Unprovoked,February,Unknown,,No injury,03:00,Other/Unknown,N
South Africa,Western Cape Province,"Miller'S Point, False Bay",Diving,19-feb-1978,1978,Unprovoked,February,M,,No injury,No time specified,White Shark,N
South Africa,Kwazulu-Natal,Glenashley,Surfing,07-jan-1978,1978,Unprovoked,January,M,17.0,Injury,12:45,Blacktip Shark,N
South Africa,Kwazulu-Natal,Cape Vidal,,06-jan-1978,1978,Invalid,January,M,,Other,No time specified,Other/Unknown,UNKNOWN
Usa,Florida,"Cocoa Beach, Brevard County",Surfing,1978,1978,Unprovoked,,F,,Injury,No time specified,Other/Unknown,N
Vanuatu,Malampa Province,"Ranon, Ambryn",Swimming,1978,1978,Unprovoked,,F,,Fatal,No time specified,Other/Unknown,Y
Usa,Hawaii,2 Miles Off Keahole Airport,"Swimming, after single-engine aircraft went down in the sea",31-dec-1977,1977,Sea Disaster,December,M,49.0,Injury,No time specified,Other/Unknown,N
Usa,Florida,"Hobe Sound, Palm Beach County",Surfing,19-dec-1977,1977,Unprovoked,December,M,27.0,Injury,No time specified,Other/Unknown,N
South Africa,Eastern Cape Province,Qolera River,Surfing,19-dec-1977,1977,Unprovoked,December,M,18.0,Severe injury,10:00,Tiger Shark,N
South Africa,Western Cape Province,"Macassar, False Bay",Fishing for bottom fish,dec-1977,1977,Watercraft,December,Unknown,,No injury,No time specified,White Shark,N
South Africa,Western Cape Province,Klein River Lagoon,Standing,12-nov-1977,1977,Provoked,November,M,,Injury,No time specified,Other/Unknown,N
South Africa,Western Cape Province,"Bluegums Rock, Partridge Point",Spearfishing,30-oct-1977,1977,Unprovoked,October,M,25.0,No injury,16:00,White Shark,N
Australia,South Australia,"Cactus Beach, Near Ceduna",Surfing,31-aug-1977,1977,Unprovoked,August,M,17.0,Injury,16:00,White Shark,N
Australia,Queensland,"Buddina Beach, South Of Noosa",Floating on an inflatable raft,23-aug-1977,1977,Unprovoked,August,M,25.0,Fatal,No time specified,Other/Unknown,Y
South Africa,Western Cape Province,Off Macassar Beach,Fishing,19-aug-1977,1977,Watercraft,August,M,,Other,13:30,White Shark,N
Usa,California,"Mcclure Beach, Near Tomales Point, Marin County",Free diving for abalone (surfacing),14-aug-1977,1977,Unprovoked,August,M,20.0,Injury,11:45,White Shark,N
Usa,Florida,"St. Petersburg, Pinellas County",Wading,05-aug-1977,1977,Invalid,August,M,17.0,Injury,No time specified,Other/Unknown,UNKNOWN
Usa,California,"Off San Diego, San Diego County",40' fishing boat sank,02-jul-1977,1977,Sea Disaster,July,M,21.0,Injury,No time specified,Other/Unknown,N
Usa,Florida,"12 Miles Northeast Of Mayport,  Duval County",Spearfishing / Scuba diving,26-jun-1977,1977,Provoked,June,M,27.0,Other,No time specified,Bull Shark,N
Usa,Texas,Padre Island,Collecting fish from net,06-jun-1977,1977,Unprovoked,June,M,25.0,Injury,No time specified,Bull Shark,N
South Africa,Western Cape Province,13 Km Off Knysna,Fishing for yellowtail,26-may-1977,1977,Watercraft,May,M,,Injury,No time specified,Other/Unknown,N
Australia,Queensland,Southport,,16-may-1977,1977,Invalid,May,M,,Other,No time specified,Other/Unknown,UNKNOWN
Australia,Queensland,Tallebudgera,,26-apr-1977,1977,Unprovoked,April,M,,Other,No time specified,Other/Unknown,N
Usa,Hawaii,"Ka'Anapali, Maui",Swimming,21-apr-1977,1977,Unprovoked,April,M,,Injury,No time specified,Other/Unknown,N
South Africa,Western Cape Province,"Lappiesbaai Beach, Stilbaai",Swimming,17-mar-1977,1977,Unprovoked,March,M,31.0,Injury,17:00,Other/Unknown,N
Australia,Queensland,Near Moreton Island In Moreton Bay,"Their 9 m launch was run down by a 25,000-ton Japanese freighter  on the night of 3-11-1977 & they drifted, clinging to an icebox for 2 days",13-mar-1977,1977,Sea Disaster,March,M,32.0,Injury,No time specified,Other/Unknown,N
Australia,Queensland,Near Moreton Island In Moreton Bay,"Their 9 m launch was run down by a 25,000-ton Japanese freighter  on the night of 3-11-1977 & they drifted, clinging to an icebox for 2 days",13-mar-1977,1977,Sea Disaster,March,M,74.0,Fatal,No time specified,Other/Unknown,Y
Australia,Queensland,Near Moreton Island In Moreton Bay,"Their 9 m launch was run down by a 25,000-ton Japanese freighter  on the night of 3-11-1977 & they drifted, clinging to an icebox for 2 days",13-mar-1977,1977,Sea Disaster,March,M,45.0,Fatal,No time specified,Other/Unknown,Y
Australia,New South Wales,"Kingscliffe Beach, South Of Tweed Heads","Pushed surfmat of a young girl out of the shark's path, drawing shark's attention to his own board",26-feb-1977,1977,Unprovoked,February,M,24.0,Injury,No time specified,Other/Unknown,N
Australia,Victoria,Sorrento Back Beach,,04-feb-1977,1977,Invalid,February,M,,Other,No time specified,Other/Unknown,UNKNOWN
New Caledonia,,I'Le Ouen,,feb-1977,1977,Unprovoked,February,Unknown,,Injury,No time specified,Other/Unknown,N
Mexico,Guerrero,La Playa Hornos (Near Acapulco),Swimming,jan-1977,1977,Unprovoked,January,M,,Fatal,14:30,Other/Unknown,Y
Australia,Queensland,Caloundra,,29-dec-1976,1976,Unprovoked,December,M,,Other,No time specified,Other/Unknown,N
Usa,California,"San Miguel Island, Santa Barbara County","Diving for abalone (Hookah, submerged)",18-dec-1976,1976,Unprovoked,December,M,29.0,Injury,09:00,White Shark,N
South Africa,Western Cape Province,Clifton,"Thrashing the water / imitating the shark victim from ""Jaws""",27-nov-1976,1976,Unprovoked,November,M,19.0,Injury,16:05,White Shark,N
Australia,Queensland,Southport Bar,,26-nov-1976,1976,Invalid,November,Unknown,,Other,No time specified,Other/Unknown,UNKNOWN
Usa,Florida,"Delray Beach, Palm Beach County",Surfing,25-nov-1976,1976,Unprovoked,November,M,19.0,Severe injury,10:55,Bull Shark,N
South Africa,Kwazulu-Natal,Warner Beach,Swimming,23-nov-1976,1976,Invalid,November,M,17.0,Injury,No time specified,Other/Unknown,UNKNOWN
South Africa,Western Cape Province,Macassar,Fishing for white shark,nov-1976,1976,Provoked,November,Unknown,,No injury,No time specified,White Shark,N
South Africa,Western Cape Province,Gordon’S Bay,Boat,27-oct-1976,1976,Watercraft,October,Unknown,,No injury,No time specified,White Shark,N
Usa,California,"Moonstone Beach, Humboldt County",Surfing,18-oct-1976,1976,Unprovoked,October,M,25.0,Injury,14:30,White Shark,N
South Africa,Eastern Cape Province,Cape St. Francis,Surfing,06-oct-1976,1976,Unprovoked,October,M,20.0,Injury,11:00,White Shark,N
New Caledonia,,Sarcelle,Shipwreck,22-sep-1976,1976,Sea Disaster,September,Unknown,,Other,No time specified,Other/Unknown,N
Australia,South Australia,"Point Lowly, North Of Whyalla","Skindiving,",19-sep-1976,1976,Unprovoked,September,M,27.0,Injury,No time specified,Other/Unknown,N
Hong Kong,South China Sea 200 Miles From Hong Kong,,"3,909-ton Panamanian freighter Chieh Lee sank in a typhoon",17-sep-1976,1976,Sea Disaster,September,M,,Fatal,No time specified,Other/Unknown,Y
Usa,Florida,"Jacksonville, Duval County",Swimming,12-sep-1976,1976,Unprovoked,September,M,16.0,Fatal,No time specified,Other/Unknown,Y
Usa,Florida,"Jacksonville, Duval County",Swimming,12-sep-1976,1976,Unprovoked,September,M,,Fatal,No time specified,Other/Unknown,Y
Usa,Florida,"Sebastian, Indian River County",Surfing,06-sep-1976,1976,Unprovoked,September,M,15.0,Injury,14:00,Tiger Shark,N
Usa,North Carolina,"Emerald Isle Pier (Near Morehead City), Carteret County","Surfing, fell off surfboard",26-aug-1976,1976,Unprovoked,August,M,23.0,Injury,No time specified,Other/Unknown,N
Usa,Oregon,Winchester Bay,Surfing,24-aug-1976,1976,Unprovoked,August,M,19.0,No injury,14:00,White Shark,N
Usa,Florida,St. Lucie County,Spearfishing,24-jul-1976,1976,Unprovoked,July,M,24.0,Injury,10:30,Other/Unknown,N
Usa,Louisiana,Scofield - Sandy Point,Playing,21-jul-1976,1976,Unprovoked,July,M,10.0,Injury,No time specified,Other/Unknown,N
Usa,Hawaii,"Maha'Ulepu, Koloa, Kaua'I",Scuba diving,16-jul-1976,1976,Unprovoked,July,M,18.0,Fatal,No time specified,Other/Unknown,Y
Usa,Florida,St. Lucie County,Spearfishing,12-jul-1976,1976,Unprovoked,July,M,23.0,Severe injury,No time specified,Other/Unknown,N
Usa,Florida,"St. Andrews State Park, Bay County",Skindiving,23-jun-1976,1976,Unprovoked,June,M,17.0,Injury,No time specified,Other/Unknown,N
Usa,Hawaii,"Kama'Ole Beach, Park No. 1, Kihei, Maui",Swimming,10-jun-1976,1976,Unprovoked,June,M,,Injury,No time specified,Other/Unknown,N
Italy,Reggio Calabria Province,Bovalino,Fishing,reported 02-jun-1976,1976,Provoked,June,M,46.0,Other,No time specified,Other/Unknown,N
Australia,Queensland,Off Stradbroke Island,Sitting in bow of her father's 5 m boat,01-jun-1976,1976,Watercraft,June,F,,Other,No time specified,Other/Unknown,N
South Africa,Western Cape Province,40 Km Off Cape Point,Competing in a light tackle game fishing,02-may-1976,1976,Watercraft,May,Unknown,,Other,No time specified,Other/Unknown,N
Usa,Texas,Galveston Island,,28-apr-1976,1976,Invalid,April,Unknown,,Other,No time specified,Other/Unknown,UNKNOWN
Usa,Florida,"New Smyrna Beach, Volusia County",Standing,12-mar-1976,1976,Unprovoked,March,M,,Injury,14:30,Other/Unknown,N
South Africa,Western Cape Province,Robberg Point,Fishing,12-mar-1976,1976,Watercraft,March,Unknown,,No injury,No time specified,Other/Unknown,N
South Africa,Western Cape Province,"2 Km From Macassar, False Bay",,09-mar-1976,1976,Watercraft,March,Unknown,,Other,No time specified,White Shark,N
South Africa,Western Cape Province,"2 Km From Macassar, False Bay",,02-mar-1976,1976,Watercraft,March,Unknown,,Other,No time specified,White Shark,N
South Africa,Western Cape Province,False Bay,Shark watching,03-feb-1976,1976,Watercraft,February,Unknown,,No injury,No time specified,White Shark,N
South Africa,Western Cape Province,Hartenbos,Shark fishing,13-jan-1976,1976,Provoked,January,Unknown,,No injury,No time specified,Other/Unknown,N
Australia,Queensland,Harvey Bay,,12-jan-1976,1976,Unprovoked,January,F,,Other,No time specified,Other/Unknown,N
South Africa,Western Cape Province,Kalk Bay,Fishing for snoek & yellowtail,11-jan-1976,1976,Provoked,January,Unknown,,Other,07:30,White Shark,N
Usa,Florida,"Off Fort Pierce, St Lucie County",Spearfishing / scuba diving,08-jan-1976,1976,Unprovoked,January,M,25.0,Injury,No time specified,Other/Unknown,N
New Zealand,North Island,"Te Kaha, East Coast",Spearfishing,02-jan-1976,1976,Unprovoked,January,M,,Fatal,13:00,Bronze Whaler Shark,Y
Usa,Hawaii,"Off Lahaina, Maui",Scuba diving,,1976,Unprovoked,,M,,Fatal,No time specified,Other/Unknown,Y
